Employee ID,age,gender,department,department_code,JobTitle,job_level,Education,MonthlyIncome,monthly_rate,hourly_rate,daily_rate,years_at_company,years_in_role,years_since_promotion,satisfaction_score,environment_satisfaction,Attrition,OverTime,distance_from_home,training_hours_last_year,num_companies_worked,manager_rating,work_life_balance,last_promotion_date
1001,27,Female,Engineering,ENG-02,Backend Developer,3,High School,8001,9162,45,369,0,0,0,3 - High,4,No,No,11.0,32.0,1,4.0,Very High,2024-09-06
1002,34,Male,Engineering,ENG-02,Data Engineer,2,Master's,8777,10301,51,415,4,3,2,2 - Medium,2,No,No,26.0,30.0,0,2.0,Low,12/18/2022
1003,50,Female,Finance,FIN-05,Controller,4,Master's,14021,18470,82,659,13,11,7,4 - Very High,3,No,No,17.0,40.0,2,3.0,Medium,2017-12-04
1004,31,Male,Marketing,MKT-04,Marketing Analyst,3,Bachelor's,6402,8805,37,297,3,0,0,4 - Very High,3,No,No,3.0,32.0,0,2.0,High,2024-12-07
1005,51,Male,Marketing,MKT-04,SEO Specialist,4,Master's,9277,12125,54,433,21,4,3,4 - Very High,2,No,No,3.0,25.0,0,1.0,High,06/25/2021
1006,39,Male,Sales,SAL-03,Business Development Rep,3,Master's,8688,10249,51,406,9,0,0,3 - High,3,No,Yes,11.0,30.0,6,3.0,Medium,2024-03-02
1007,43,Female,Human Resources,HR-01,HR Analyst,4,High School,8399,10360,48,393,9,0,0,2 - Medium,2,No,Yes,6.0,26.0,2,3.0,Medium,
1008,44,Male,Operations,OPS-06,Operations Analyst,4,Bachelor's,9359,12619,55,432,13,0,0,3 - High,1,No,No,6.0,32.0,3,3.0,Medium,01/23/2024
1009,40,Female,Marketing,MKT-04,Marketing Analyst,4,Master's,11165,12818,65,516,20,13,6,3 - High,3,No,Yes,20.0,22.0,0,5.0,Medium,12/14/2018
1010,40,Male,Marketing,MKT-04,Digital Marketing Lead,1,High School,5035,6736,29,238,10,8,5,4 - Very High,4,No,No,11.0,32.0,0,4.0,High,12/04/2019
1011,33,Female,Engineering,ENG-02,Senior Engineer,5,High School,15743,21197,89,704,7,6,4,4 - Very High,4,No,No,19.0,38.0,0,5.0,Very High,09/03/2020
1012,41,Male,Engineering,ENG-02,Frontend Developer,4,Bachelor's,11859,15723,68,557,9,1,0,3 - High,3,No,No,9.0,20.0,0,,Very High,2024-09-12
1013,33,Male,Engineering,ENG-02,Senior Engineer,2,Bachelor's,7033,7908,41,327,1,0,0,3 - High,4,No,No,2.0,28.0,1,3.0,Very High,2024-09-30
1014,35,Female,Operations,OPS-06,Process Engineer,2,Bachelor's,6384,7882,36,287,4,4,1,3 - High,3,Yes,Yes,11.0,41.0,1,,Low,2023-11-21
1015,25,Male,Human Resources,HR-01,HR Coordinator,1,Bachelor's,4293,5478,25,200,0,0,0,1 - Low,4,No,No,6.0,19.0,0,2.0,Very High,09/09/2024
1016,42,Male,Engineering,ENG-02,Software Engineer,3,Master's,9003,10873,53,437,26,5,0,1 - Low,4,No,No,38.0,9.0,3,3.0,High,05/18/2024
1017,25,Female,Engineering,ENG-02,QA Engineer,2,Bachelor's,7495,10104,43,350,11,3,3,2 - Medium,3,No,No,4.0,34.0,1,4.0,Very High,03/08/2021
1018,34,Male,Operations,OPS-06,Logistics Coordinator,3,Bachelor's,5830,6880,34,279,5,0,0,4 - Very High,4,No,No,9.0,23.0,0,,Very High,2024-01-09
1019,28,Male,Operations,OPS-06,Supply Chain Analyst,2,High School,4261,5348,24,195,1,1,1,2 - Medium,3,No,Yes,4.0,31.0,0,4.0,Very High,2023-07-29
1020,35,Female,Finance,FIN-05,Senior Accountant,3,Bachelor's,8333,10619,48,380,6,2,2,4 - Very High,4,No,Yes,6.0,21.0,0,5.0,High,2022-04-17
1021,33,Non-Binary,Engineering,ENG-02,Backend Developer,2,Master's,8022,9328,47,376,4,4,1,4 - Very High,2,No,No,8.0,14.0,2,,Very High,2023-09-29
1022,21,Female,Sales,SAL-03,Senior Sales Rep,3,Master's,9060,10790,52,425,1,0,0,2 - Medium,2,No,No,23.0,15.0,0,4.0,High,2024-03-23
1023,43,Male,Sales,SAL-03,Regional Sales Lead,3,Bachelor's,7675,9418,43,348,8,6,1,3 - High,3,No,Yes,16.0,23.0,6,4.0,Very High,2023-06-07
1024,40,Male,Human Resources,HR-01,HR Manager,4,Master's,8366,10430,50,406,5,4,1,2 - Medium,3,Yes,Yes,16.0,40.0,0,4.0,Very High,2023-02-27
1025,44,Female,Operations,OPS-06,Facilities Manager,1,Bachelor's,5219,6276,29,228,10,5,2,3 - High,4,No,No,11.0,16.0,2,4.0,Very High,2022-08-13
1026,27,Female,Finance,FIN-05,Tax Specialist,5,Bachelor's,11691,15302,69,559,0,0,0,1 - Low,2,No,No,5.0,40.0,1,5.0,High,
1027,37,Male,Marketing,MKT-04,Brand Manager,1,Master's,5105,6117,30,239,8,1,1,4 - Very High,3,No,No,20.0,27.0,1,4.0,Very High,2023-03-24
1028,30,Female,Engineering,ENG-02,DevOps Engineer,5,Bachelor's,13418,17765,79,622,4,1,1,3 - High,2,No,Yes,9.0,27.0,0,3.0,Medium,2023-09-30
1029,40,Non-Binary,Operations,OPS-06,Facilities Manager,3,Bachelor's,7204,9599,42,332,5,2,1,4 - Very High,3,No,No,5.0,42.0,1,3.0,High,2023-07-30
1030,32,Female,Marketing,MKT-04,Brand Manager,2,High School,5932,7389,33,265,1,1,0,4 - Very High,4,No,No,10.0,23.0,1,4.0,High,2024-09-05
1031,26,Female,Finance,FIN-05,Tax Specialist,4,Master's,10793,12157,62,488,0,0,0,3 - High,3,No,No,4.0,22.0,3,3.0,Very High,04/04/2024
1032,27,Non-Binary,Sales,SAL-03,Sales Rep,2,Master's,6132,8083,35,284,4,1,0,2 - Medium,4,No,Yes,25.0,40.0,0,3.0,Medium,2024-08-24
1033,37,Female,Human Resources,HR-01,Benefits Specialist,2,Bachelor's,4974,6332,28,220,4,1,1,4 - Very High,3,No,No,18.0,27.0,0,4.0,Very High,2023-04-25
1034,33,Female,Engineering,ENG-02,Software Engineer,2,High School,7065,8588,42,339,5,2,1,4 - Very High,2,No,No,5.0,34.0,0,3.0,Medium,03/02/2023
1035,34,Female,Finance,FIN-05,Tax Specialist,4,Master's,8561,10438,50,410,3,0,0,3 - High,3,No,No,11.0,18.0,0,2.0,High,01/05/2024
1036,25,Female,Human Resources,HR-01,Benefits Specialist,4,Bachelor's,8182,9627,47,380,4,4,0,2 - Medium,2,No,No,11.0,28.0,1,3.0,High,2024-06-22
1037,42,Female,Engineering,ENG-02,QA Engineer,2,Master's,6522,7702,37,300,7,6,3,4 - Very High,3,No,No,17.0,33.0,3,5.0,Very High,2021-02-18
1038,36,Female,Engineering,ENG-02,Staff Engineer,4,Bachelor's,13398,15369,77,613,6,4,0,4 - Very High,3,No,Yes,6.0,37.0,0,4.0,Very High,2024-07-09
1039,28,Non-Binary,Engineering,ENG-02,Software Engineer,2,Bachelor's,7479,8785,42,329,1,1,0,3 - High,4,No,Yes,9.0,43.0,1,3.0,Medium,2024-04-18
1040,22,Female,Marketing,MKT-04,Marketing Analyst,3,Master's,6224,7006,36,291,1,1,0,4 - Very High,3,No,No,8.0,35.0,3,4.0,High,2024-08-16
1041,41,Female,Sales,SAL-03,Sales Rep,1,Master's,4617,6064,27,219,0,0,0,3 - High,4,No,No,9.0,1.0,3,3.0,High,2024-11-01
1042,27,Male,Engineering,ENG-02,Senior Engineer,4,High School,11085,12439,64,504,1,0,0,2 - Medium,3,No,No,16.0,25.0,0,1.0,Very High,2024-08-28
1043,41,Male,Marketing,MKT-04,Marketing Analyst,3,Bachelor's,7948,9735,46,368,10,1,0,2 - Medium,2,No,No ,10.0,30.0,1,3.0,High,07/27/2024
1044,30,Female,Engineering,ENG-02,QA Engineer,3,High School,6959,8454,40,329,7,4,3,1 - Low,4,No,No,3.0,39.0,2,2.0,Very High,2021-09-21
1045,30,Male,Operations,OPS-06,Operations Manager,3,High School,6850,7830,40,319,4,0,0,4 - Very High,4,No,No,10.0,38.0,0,5.0,Very High,2024-02-04
1046,31,Female,Engineering,ENG-02,Data Engineer,3,PhD,11259,13723,66,525,5,0,0,4 - Very High,2,No,Yes,9.0,28.0,0,5.0,High,2024-06-15
1047,33,Male,Human Resources,HR-01,HR Analyst,2,Bachelor's,4943,6149,28,226,4,3,0,3 - High,3,No,No,5.0,32.0,1,3.0,High,02/17/2024
1048,21,Male,Operations,OPS-06,Operations Analyst,3,Master's,7335,9567,43,337,0,0,0,2 - Medium,3,Yes,No,14.0,35.0,0,4.0,Very High,2024-05-26
1049,41,Male,Operations,OPS-06,Process Engineer,2,High School,5640,7568,32,252,19,2,0,2 - Medium,4,No,No,4.0,19.0,0,,High,05/24/2024
1050,26,Female,Sales,SAL-03,Account Executive,3,Bachelor's,8245,11156,47,372,0,0,0,2 - Medium,4,No,No,,16.0,1,4.0,Very High,2025-02-01
1051,37,Female,Marketing,MKT-04,SEO Specialist,1,Master's,5092,6608,29,237,8,0,0,3 - High,4,No,No,7.0,22.0,1,3.0,Very High,2024-09-13
1052,30,Male,Engineering,ENG-02,Frontend Developer,3,Bachelor's,7229,9503,41,335,1,0,0,3 - High,4,No,No,10.0,30.0,4,3.0,Very High,2024-03-08
1053,47,Male,Engineering,ENG-02,Software Engineer,4,Bachelor's,11240,13539,63,505,9,4,2,3 - High,3,No,No,4.0,24.0,1,4.0,High,2022-02-23
1054,41,Male,Engineering,ENG-02,Software Engineer,1,Master's,5188,6733,29,231,2,2,0,2 - Medium,3,No,No,6.0,22.0,2,3.0,Very High,2024-09-25
1055,35,Female,Engineering,ENG-02,Engineering Manager,4,Bachelor's,10228,11932,59,484,1,0,0,3 - High,2,No,Yes,10.0,26.0,3,4.0,Medium,06/11/2024
1056,21,Male,Human Resources,HR-01,Benefits Specialist,1,PhD,4193,5775,24,194,1,0,0,4 - Very High,3,No,No,9.0,30.0,2,3.0,Medium,2024-07-08
1057,40,Female,Operations,OPS-06,Logistics Coordinator,2,Master's,6449,7673,38,308,7,2,0,3 - High,3,No,No,7.0,8.0,3,3.0,Very High,06/12/2024
1058,42,Male,Operations,OPS-06,Facilities Manager,5,Bachelor's,12448,15845,70,555,16,8,1,4 - Very High,3,No,No,5.0,14.0,0,,High,2023-05-08
1059,42,Male,Engineering,ENG-02,Senior Engineer,2,PhD,8630,11061,50,410,14,5,1,3 - High,3,No,Yes,5.0,27.0,1,2.0,Medium,2023-08-01
1060,39,Female,Sales,SAL-03,Regional Sales Lead,2,Bachelor's,6088,7451,34,272,4,1,1,3 - High,4,No,Yes,7.0,23.0,0,5.0,Very High,2023-07-07
1061,37,Male,Engineering,ENG-02,Engineering Manager,1,High School,5171,6278,31,253,3,2,2,4 - Very High,3,No,No,3.0,30.0,1,5.0,Very High,12/18/2022
1062,40,Female,Engineering,ENG-02,Data Engineer,3,Master's,10868,13630,64,503,13,3,2,4 - Very High,3,No,No,8.0,17.0,4,3.0,Medium,06/05/2022
1063,41,Female,Marketing,MKT-04,Brand Manager,1,High School,5446,6368,32,256,11,9,5,2 - Medium,3,No,Yes,6.0,17.0,1,4.0,Very High,2019-07-18
1064,26,Female,Operations,OPS-06,Operations Analyst,1,PhD,4929,6140,28,227,1,1,0,4 - Very High,3,No,No,8.0,10.0,3,1.0,High,2024-08-29
1065,32,Male,Sales,SAL-03,Sales Director,4,Bachelor's,10721,14625,62,492,0,0,0,3 - High,3,No,no,4.0,19.0,0,5.0,High,2025-04-12
1066,26,Female,Engineering,ENG-02,Frontend Developer,3,Master's,9431,10575,55,447,0,0,0,3 - High,3,No,Yes,9.0,23.0,0,5.0,Medium,2024-09-23
1067,27,Male,Finance,FIN-05,Senior Accountant,2,Bachelor's,5213,6942,31,252,0,0,0,4 - Very High,4,No,No,5.0,19.0,0,5.0,Very High,2024-10-15
1068,21,Female,Finance,FIN-05,Tax Specialist,2,Bachelor's,5386,7261,32,261,0,0,0,3 - High,3,No,Yes,11.0,29.0,0,3.0,High,2024-10-28
1069,35,Female,Marketing,MKT-04,Brand Manager,2,Bachelor's,5854,7612,34,276,1,1,0,2 - Medium,2,No,No,44.0,5.0,2,3.0,Medium,2024-12-04
1070,41,Female,Sales,SAL-03,Sales Director,4,High School,11958,13521,67,532,11,3,2,3 - High,3,No,Yes,10.0,49.0,0,3.0,Low,2022-12-21
1071,38,Female,Human Resources,HR-01,HR Director,3,Bachelor's,7175,9492,41,336,6,3,2,2 - Medium,3,Yes,No,4.0,37.0,3,3.0,High,2022-08-30
1072,34,Female,Engineering,ENG-02,Engineering Manager,2,PhD,8181,10672,46,370,5,3,2,3 - High,3,No,Yes,11.0,29.0,0,4.0,High,2022-08-01
1073,25,Male,Engineering,ENG-02,Staff Engineer,2,Master's,8726,10227,49,387,4,0,0,3 - High,1,No,No,4.0,33.0,0,2.0,Medium,2024-10-13
1074,23,Male,Finance,FIN-05,Financial Analyst,1,Bachelor's,4823,5503,27,216,2,0,0,3 - High,2,No,No,16.0,31.0,0,3.0,high,2024-02-12
1075,24,Male,Finance,FIN-05,Financial Analyst,2,Bachelor's,5926,7247,34,269,2,0,0,4 - Very High,4,No,No,4.0,33.0,0,4.0,Very High,01/15/2024
1076,37,Female,Engineering,ENG-02,QA Engineer,4,Bachelor's,8956,11584,51,416,5,2,1,4 - Very High,4,No,No,20.0,30.0,0,4.0,Very High,2023-03-13
1077,27,Female,Marketing,MKT-04,Brand Manager,1,Master's,5982,7355,35,275,0,0,0,4 - Very High,3,No,No,9.0,25.0,0,3.0,High,2024-11-06
1078,35,Female,Marketing,MKT-04,Marketing Manager,1,High School,4846,6782,28,220,8,1,0,2 - Medium,4,No,No,5.0,8.0,0,2.0,Medium,10/14/2024
1079,40,Male,Operations,OPS-06,Operations Manager,1,Bachelor's,5664,7428,34,271,10,3,3,2 - Medium,2,No,Yes,8.0,,1,1.0,Medium,09/24/2021
1080,30,Male,Sales,SAL-03,Sales Director,5,Master's,14533,19066,85,678,11,6,0,4 - Very High,4,No,No,23.0,42.0,0,3.0,High,2024-04-10
1081,36,Female,Sales,SAL-03,Regional Sales Lead,2,High School,5546,6771,33,260,5,1,0,4 - Very High,3,No,No,3.0,30.0,0,1.0,Medium,2024-03-13
1082,34,Male,Operations,OPS-06,Process Engineer,3,Bachelor's,6334,8664,36,295,8,8,4,2 - Medium,3,No,Yes,3.0,37.0,0,3.0,Low,02/07/2020
1083,28,Female,Sales,SAL-03,Sales Manager,2,PhD,6388,7747,37,305,1,1,0,4 - Very High,4,No,No,8.0,12.0,1,3.0,Medium,2024-04-12
1084,58,Male,Operations,OPS-06,Operations Analyst,3,Master's,8556,11469,51,418,28,28,24,3 - High,4,No,yes,5.0,23.0,0,3.0,Medium,2000-09-26
1085,29,Male,Engineering,ENG-02,QA Engineer,4,Bachelor's,8505,9845,50,405,0,0,0,2 - Medium,1,No,No,12.0,36.0,0,3.0,Medium,02/06/2025
1086,29,Male,Sales,SAL-03,Sales Director,3,Bachelor's,7898,10043,45,366,0,0,0,4 - Very High,3,No,No,8.0,17.0,3,3.0,High,01/01/2025
1087,30,Female,Operations,OPS-06,Process Engineer,2,Master's,6399,8250,38,305,2,2,2,3 - High,4,No,No,6.0,32.0,3,1.0,Very High,01/24/2023
1088,28,Male,Engineering,ENG-02,Staff Engineer,4,Master's,14490,17235,86,681,1,0,0,4 - Very High,3,No,No,17.0,35.0,1,5.0,Very High,2024-08-06
1089,52,Female,Sales,SAL-03,Senior Sales Rep,1,Bachelor's,5114,6082,30,240,18,13,9,2 - Medium,2,No,No,15.0,44.0,2,,Very High,2015-02-10
1090,27,Male,Engineering,ENG-02,ML Engineer,2,Bachelor's,7776,10358,46,369,4,3,0,4 - Very High,3,No,No,16.0,13.0,1,2.0,Very High,2024-11-20
1091,21,Male,Engineering,ENG-02,Staff Engineer,3,Master's,10691,13946,62,500,1,1,0,4 - Very High,3,No,No,7.0,18.0,0,3.0,very high,2024-01-10
1092,25,Female,Engineering,ENG-02,DevOps Engineer,1,Master's,6381,8515,36,294,1,1,0,2 - Medium,2,No,No,7.0,12.0,0,2.0,Very High,2024-09-09
1093,32,Female,Operations,OPS-06,Operations Analyst,4,Bachelor's,7667,8957,43,345,5,0,0,3 - High,2,Yes,Yes,3.0,30.0,0,3.0,Medium,2024-09-29
1094,33,Male,Operations,OPS-06,Operations Manager,5,High School,9327,12011,53,416,7,0,0,3 - High,3,No,No,8.0,34.0,1,2.0,Very High,2024-04-06
1095,37,Male,Marketing,MKT-04,Brand Manager,3,Bachelor's,8918,11637,52,425,20,0,0,3 - High,3,No,No,5.0,21.0,0,3.0,Very High,2024-10-30
1096,21,Male,Marketing,MKT-04,Marketing Analyst,1,Bachelor's,5007,5866,28,225,0,0,0,2 - Medium,4,No,No,14.0,10.0,1,4.0,High,07/01/2024
1097,43,Non-Binary,Engineering,ENG-02,Frontend Developer,2,Bachelor's,6570,8378,39,319,15,3,2,3 - High,3,No,No,5.0,,0,4.0,Very High,2022-07-26
1098,28,Female,Engineering,ENG-02,Backend Developer,1,PhD,7139,8720,41,324,1,0,0,4 - Very High,4,No,No,6.0,11.0,0,5.0,Very High,2024-11-29
1099,58,Non-Binary,Marketing,MKT-04,Growth Analyst,1,High School,5644,6767,33,259,27,20,19,3 - High,3,No,No,7.0,31.0,0,5.0,Very High,2005-04-30
1100,24,Non-Binary,Engineering,ENG-02,QA Engineer,1,PhD,6474,8511,38,301,1,0,0,3 - High,4,No,Yes,28.0,33.0,0,3.0,Low,07/04/2024
1101,35,Female,Marketing,MKT-04,Brand Manager,1,Bachelor's,4813,6080,28,220,4,3,3,3 - High,4,No,Yes,4.0,26.0,1,3.0,Medium,2021-11-20
1102,32,Female,Operations,OPS-06,Operations Manager,1,High School,4089,4833,23,181,8,2,0,2 - Medium,3,Yes,Yes,20.0,32.0,0,4.0,Medium,2024-09-14
1103,24,Male,Marketing,MKT-04,Digital Marketing Lead,1,Bachelor's,5251,6203,30,242,5,4,4,2 - Medium,2,Yes,No,13.0,27.0,0,3.0,Medium,12/10/2020
1104,31,Female,Operations,OPS-06,Facilities Manager,2,Bachelor's,4647,6387,26,209,1,1,1,3 - High,3,Yes,No,4.0,30.0,3,3.0,Medium,2023-04-22
1105,38,Female,Finance,FIN-05,Senior Accountant,1,Bachelor's,5119,6673,30,246,14,3,3,2 - Medium,3,No,Yes,19.0,13.0,1,1.0,Medium,05/12/2021
1106,32,Male,Engineering,ENG-02,QA Engineer,2,Master's,7932,9867,47,386,5,4,1,4 - Very High,3,No,No,14.0,19.0,0,2.0,High,2023-07-27
1107,29,Female,Finance,FIN-05,Tax Specialist,4,High School,10498,13323,62,497,10,8,1,2 - Medium,3,No,No,4.0,29.0,1,2.0,Very High,2023-02-11
1108,46,Male,Sales,SAL-03,Business Development Rep,4,Bachelor's,9502,12441,56,441,2,2,0,3 - High,2,No,No,5.0,36.0,7,3.0,Medium,2024-06-17
1109,31,Female,Engineering,ENG-02,Senior Engineer,2,Bachelor's,7666,9256,43,348,11,2,1,4 - Very High,3,No,No,2.0,14.0,0,3.0,High,2023-06-12
1110,34,Male,Engineering,ENG-02,Backend Developer,3,Bachelor's,8035,9149,47,387,0,0,0,2 - Medium,3,No,No,7.0,15.0,1,1.0,Very High,2025-02-19
1111,44,Non-Binary,Human Resources,HR-01,Benefits Specialist,1,Bachelor's,5297,6753,31,255,14,5,0,3 - High,1,No,Yes,10.0,9.0,2,3.0,Medium,04/25/2024
1112,31,Female,Engineering,ENG-02,Senior Engineer,4,Bachelor's,11474,15505,65,532,18,16,10,2 - Medium,2,No,No,7.0,22.0,0,3.0,Very High,2014-07-31
1113,38,Male,Finance,FIN-05,Senior Accountant,3,Bachelor's,8876,9992,52,410,19,4,1,3 - High,3,No,Yes,3.0,32.0,0,2.0,Medium,12/02/2023
1114,43,Female,Marketing,MKT-04,Digital Marketing Lead,3,Master's,8004,10988,47,375,3,3,1,2 - Medium,3,No,Yes,5.0,34.0,3,3.0,Medium,11/27/2023
1115,30,Male,Operations,OPS-06,Operations Manager,2,High School,5613,7002,33,265,2,0,0,3 - High,4,No,No,8.0,18.0,0,3.0,High,07/29/2024
1116,39,Male,Finance,FIN-05,Financial Analyst,4,Bachelor's,8432,9774,48,395,5,2,1,4 - Very High,4,No,No,8.0,9.0,3,4.0,High,2023-11-21
1117,30,Female,Engineering,ENG-02,Software Engineer,4,Master's,13405,17135,77,630,9,4,3,1 - Low,1,Yes,No,4.0,17.0,0,3.0,Very High,2021-04-23
1118,30,Female,Finance,FIN-05,Finance Manager,2,Bachelor's,6297,8014,36,284,5,5,3,4 - Very High,3,No,No,9.0,33.0,2,3.0,Very High,2021-07-23
1119,25,Female,Engineering,ENG-02,Data Engineer,4,High School,8851,10355,50,407,4,2,0,2 - Medium,3,Yes,No,15.0,29.0,0,,Very High,02/27/2024
1120,52,Female,Sales,SAL-03,Sales Rep,2,Master's,7501,8787,44,346,16,14,8,4 - Very High,3,No,No,12.0,44.0,4,2.0,Medium,2016-01-16
1121,31,Male,Engineering,ENG-02,DevOps Engineer,4,Bachelor's,13403,16147,79,646,8,6,1,4 - Very High,3,No,Yes,20.0,21.0,0,3.0,Medium,2023-02-05
1122,24,Female,Sales,SAL-03,Sales Manager,2,Master's,7974,10488,46,371,4,0,0,4 - Very High,3,No,No,8.0,18.0,0,1.0,High,2024-09-23
1123,25,Female,Operations,OPS-06,Operations Manager,2,Bachelor's,5703,6929,32,261,1,0,0,3 - High,3,No,No,6.0,39.0,0,3.0,High,2024-01-22
1124,36,Female,Engineering,ENG-02,QA Engineer,2,Master's,7057,9484,41,327,2,0,0,4 - Very High,3,No,No,5.0,18.0,3,4.0,High,09/23/2024
1125,37,Female,Operations,OPS-06,Process Engineer,1,Bachelor's,4413,6108,25,200,0,0,0,3 - High,4,No,No,4.0,21.0,1,3.0,Very High,2024-10-27
1126,36,Female,Engineering,ENG-02,Senior Engineer,4,Bachelor's,12334,15990,71,575,8,1,0,3 - High,2,Yes,Yes,12.0,33.0,0,3.0,Medium,07/05/2024
1127,23,Male,Sales,SAL-03,Senior Sales Rep,2,Bachelor's,6366,8017,36,282,1,0,0,4 - Very High,4,No,No,8.0,26.0,0,2.0,High,2024-03-24
1128,35,Female,Sales,SAL-03,Sales Rep,1,Bachelor's,4842,6429,28,223,4,2,2,4 - Very High,4,No,No,8.0,23.0,0,4.0,High,2022-02-22
1129,43,Male,Engineering,ENG-02,QA Engineer,4,Bachelor's,11909,15721,67,530,10,0,0,2 - Medium,2,No,Yes,3.0,31.0,2,3.0,High,2024-11-09
1130,33,Female,Human Resources,HR-01,Recruiter,2,High School,5265,6126,30,236,8,8,4,4 - Very High,4,Yes,No,9.0,16.0,3,4.0,Very High,2020-11-22
1131,30,Male,Operations,OPS-06,Supply Chain Analyst,2,Bachelor's,5155,6997,29,227,6,5,5,2 - Medium,3,No,Yes,7.0,33.0,0,5.0,High,2019-02-08
1132,21,Male,Marketing,MKT-04,Marketing Manager,3,Bachelor's,7657,9129,45,354,3,2,0,4 - Very High,4,No,No,10.0,39.0,0,3.0,Medium,07/01/2024
1133,36,Male,Operations,OPS-06,Facilities Manager,1,High School,4651,5261,26,212,12,0,0,4 - Very High,3,No,No,12.0,31.0,2,1.0,Very High,02/06/2024
1134,21,Male,Operations,OPS-06,Facilities Manager,4,High School,6789,7803,40,325,0,0,0,3 - High,2,No,No,12.0,20.0,1,,Very High,02/24/2024
1135,34,Male,Human Resources,HR-01,HR Manager,4,Bachelor's,8873,12179,51,409,2,0,0,4 - Very High,4,No,No,6.0,29.0,0,4.0,High,2024-12-13
1136,22,Male,Finance,FIN-05,Finance Manager,3,Bachelor's,8058,9234,47,387,6,3,2,3 - High,3,No,No,10.0,31.0,2,2.0,Very High,2022-06-04
1137,31,Female,Human Resources,HR-01,HR Manager,2,Master's,6364,8868,38,301,1,1,1,3 - High,2,No,yes,14.0,26.0,0,3.0,High,10/01/2023
1138,28,Female,Engineering,ENG-02,Engineering Manager,4,High School,11691,13647,66,539,0,0,0,3 - High,3,No,No,9.0,31.0,3,,Medium,2024-12-27
1139,28,Female,Engineering,ENG-02,Senior Engineer,3,Master's,8953,10002,53,437,1,1,1,4 - Very High,3,Yes,No,,16.0,2,4.0,Very High,04/15/2023
1140,36,Female,Marketing,MKT-04,Marketing Analyst,4,Bachelor's,8452,11494,50,399,6,2,2,3 - High,3,No,No,9.0,32.0,0,5.0,Very High,2022-07-20
1141,29,Female,Operations,OPS-06,Facilities Manager,5,Master's,10563,12738,59,478,6,5,1,3 - High,3,Yes,No,5.0,35.0,5,1.0,High,05/12/2023
1142,58,Male,Marketing,MKT-04,Content Strategist,2,Master's,7011,8311,41,333,21,21,8,4 - Very High,3,No,No,16.0,17.0,2,2.0,High,2016-04-25
1143,29,Male,Sales,SAL-03,Sales Director,2,Master's,8467,9982,50,397,2,0,0,2 - Medium,2,No,Yes,11.0,34.0,2,2.0,Very High,2024-06-21
1144,27,Male,Sales,SAL-03,Sales Manager,1,Bachelor's,4899,6513,29,229,1,1,0,4 - Very High,2,No,No,4.0,28.0,1,4.0,Very High,2024-01-24
1145,23,Male,Operations,OPS-06,Logistics Coordinator,2,Master's,5718,7507,34,267,3,1,1,4 - Very High,4,No,No,8.0,25.0,1,,High,02/06/2023
1146,37,Non-Binary,Marketing,MKT-04,Marketing Manager,2,Master's,5912,7613,34,274,3,3,1,2 - Medium,3,No,Yes,6.0,35.0,1,3.0,Low,2023-03-23
1147,46,Female,Operations,OPS-06,Supply Chain Analyst,1,High School,3611,5091,21,171,3,1,1,3 - High,3,No,No,5.0,21.0,1,4.0,High,2023-07-04
1148,48,Female,Human Resources,HR-01,HR Director,2,Bachelor's,7248,8785,42,339,12,5,4,3 - High,3,No,No,2.0,31.0,2,4.0,Very High,2020-12-31
1149,27,Male,Sales,SAL-03,Business Development Rep,1,Bachelor's,5163,6286,30,240,1,0,0,4 - Very High,4,No,No,,19.0,1,3.0,High,2024-10-31
1150,26,Female,Marketing,MKT-04,Digital Marketing Lead,2,High School,5417,6305,32,263,7,6,0,4 - Very High,2,No,No,4.0,17.0,0,,Very High,2024-06-02
1151,43,Female,Sales,SAL-03,Business Development Rep,2,High School,5371,7136,30,243,6,4,4,4 - Very High,3,No,No,24.0,40.0,0,4.0,Very High,2020-10-19
1152,39,Male,Human Resources,HR-01,Recruiter,1,Bachelor's,3957,5413,23,185,12,10,1,2 - Medium,3,No,Yes,9.0,38.0,1,3.0,Medium,2023-09-10
1153,51,Male,Operations,OPS-06,Process Engineer,2,Bachelor's,5887,7340,33,270,17,10,1,4 - Very High,3,No,No,11.0,31.0,0,4.0,Very High,08/11/2023
1154,29,Female,Human Resources,HR-01,HR Director,2,Bachelor's,5194,6404,30,244,1,0,0,2 - Medium,2,No,No,6.0,27.0,1,5.0,Very High,2024-08-15
1155,29,Male,Marketing,MKT-04,Content Strategist,3,Bachelor's,6117,7769,36,295,0,0,0,2 - Medium,3,No,No,4.0,26.0,1,3.0,Very High,07/19/2024
1156,44,Male,Engineering,ENG-02,Staff Engineer,2,Bachelor's,9476,11553,53,424,9,6,5,4 - Very High,3,No,No ,6.0,31.0,2,4.0,Very High,2019-03-25
1157,25,Female,Engineering,ENG-02,Software Engineer,4,Master's,9207,12459,54,432,1,0,0,3 - High,3,No,No,15.0,24.0,0,3.0,High,07/01/2024
1158,32,Female,Finance,FIN-05,Auditor,3,Bachelor's,7095,8907,42,342,0,0,0,3 - High,3,No,No,7.0,22.0,3,3.0,High,12/15/2024
1159,42,Female,Engineering,ENG-02,Engineering Manager,2,Bachelor's,7329,8485,42,332,13,0,0,4 - Very High,3,No,No,4.0,16.0,1,3.0,High,
1160,37,Male,Operations,OPS-06,Logistics Coordinator,3,Bachelor's,6015,7017,34,269,5,0,0,4 - Very High,4,No,No,20.0,35.0,2,3.0,High,2024-08-28
1161,47,Male,Engineering,ENG-02,ML Engineer,4,Master's,16211,21342,95,782,21,6,3,3 - High,4,No,No,6.0,20.0,1,5.0,Very High,2021-11-04
1162,31,Female,Engineering,ENG-02,Backend Developer,1,Master's,6269,7105,35,287,5,4,2,3 - High,3,No,No,6.0,27.0,0,5.0,Very High,2022-10-09
1163,25,Male,Marketing,MKT-04,Content Strategist,5,Master's,10584,13500,60,486,3,0,0,3 - High,2,No,No,5.0,27.0,3,4.0,Very High,2024-08-30
1164,30,Female,Finance,FIN-05,Finance Manager,1,Master's,5554,6657,32,262,8,2,1,3 - High,3,No,No,3.0,17.0,3,4.0,Very High,06/07/2023
1165,26,Male,Sales,SAL-03,Business Development Rep,3,Bachelor's,6361,7613,36,290,8,5,0,2 - Medium,1,No,Yes,6.0,9.0,3,3.0,High,2024-12-13
1166,46,Female,Engineering,ENG-02,Engineering Manager,5,Bachelor's,15737,18259,93,765,25,20,14,3 - High,4,No,Yes ,8.0,28.0,0,4.0,Medium,2010-11-16
1167,21,Female,Marketing,MKT-04,Marketing Analyst,1,Bachelor's,4065,5175,23,185,3,3,3,3 - High,3,No,No,6.0,22.0,0,3.0,High,2022-01-29
1168,46,Female,Human Resources,HR-01,HR Coordinator,3,Bachelor's,7205,9065,41,323,14,0,0,2 - Medium,1,No,Yes,3.0,12.0,1,3.0,Medium,2024-09-22
1169,56,Female,Marketing,MKT-04,SEO Specialist,4,Master's,9410,10424,53,417,22,0,0,3 - High,3,No,Yes,5.0,39.0,0,2.0,High,2024-07-12
1170,40,Female,Human Resources,HR-01,Recruiter,4,Bachelor's,7546,9941,43,350,13,11,1,3 - High,4,No,No,4.0,10.0,0,3.0,High,2023-09-28
1171,29,Female,Engineering,ENG-02,Software Engineer,1,Bachelor's,4735,5452,27,218,1,1,0,4 - Very High,3,No,No,9.0,34.0,3,4.0,Very High,01/21/2024
1172,23,Female,Engineering,ENG-02,Data Engineer,2,Bachelor's,8306,10731,48,393,7,0,0,4 - Very High,1,Yes,Yes,5.0,22.0,0,3.0,Medium,2024-04-28
1173,30,Male,Sales,SAL-03,Business Development Rep,2,High School,4871,5733,28,224,3,1,1,1 - Low,2,No,No,8.0,26.0,2,,High,2023-11-15
1174,38,Male,Engineering,ENG-02,Backend Developer,1,Bachelor's,6099,7353,36,288,6,6,1,3 - High,2,No,Yes,9.0,12.0,0,4.0,Very High,2023-08-28
1175,28,Male,Marketing,MKT-04,Marketing Manager,2,PhD,7719,8980,44,353,7,2,2,2 - Medium,2,No,Yes,7.0,20.0,0,,Low,2022-05-14
1176,29,Male,Sales,SAL-03,Sales Manager,2,Bachelor's,7523,8890,45,360,3,0,0,3 - High,2,No,No,4.0,34.0,2,2.0,Very High,2024-04-14
1177,32,Female,Finance,FIN-05,Controller,2,High School,6545,7465,37,302,7,5,5,3 - High,1,No,No,6.0,9.0,0,3.0,High,2019-07-26
1178,25,Female,Engineering,ENG-02,DevOps Engineer,2,Bachelor's,7704,9276,45,357,2,1,1,1 - Low,2,No,Yes,8.0,26.0,0,2.0,Very High,2023-07-16
1179,40,Male,Engineering,ENG-02,Data Engineer,2,Bachelor's,7953,10224,47,371,8,0,0,3 - High,4,No,Yes,9.0,32.0,3,,Medium,2024-02-04
1180,31,Male,Sales,SAL-03,Account Executive,1,Bachelor's,5352,6092,32,257,3,0,0,4 - Very High,3,No,No,24.0,26.0,0,4.0,Very High,07/13/2024
1181,30,Male,Operations,OPS-06,Logistics Coordinator,4,Bachelor's,7856,9646,45,356,9,3,0,2 - Medium,2,Yes,Yes,6.0,39.0,1,1.0,Low,10/26/2024
1182,21,Male,Engineering,ENG-02,Software Engineer,1,High School,4641,6289,27,221,1,1,1,4 - Very High,4,No,No,3.0,20.0,0,4.0,Very High,2023-09-15
1183,53,Female,Sales,SAL-03,Senior Sales Rep,3,PhD,10002,11459,57,457,22,8,4,4 - Very High,2,No,No,6.0,26.0,0,3.0,High,2020-05-27
1184,55,Male,Sales,SAL-03,Sales Director,4,Bachelor's,11226,14958,65,530,28,7,4,3 - High,2,No,Yes,13.0,27.0,1,3.0,Medium,2020-09-11
1185,24,Female,Marketing,MKT-04,SEO Specialist,2,Master's,7078,8838,40,322,9,0,0,4 - Very High,3,No,No,4.0,38.0,1,,High,07/11/2024
1186,24,Non-Binary,Engineering,ENG-02,Data Engineer,2,PhD,7301,8215,43,346,2,0,0,2 - Medium,2,No,Yes,3.0,25.0,0,3.0,Medium,2024-11-20
1187,27,Male,Finance,FIN-05,Tax Specialist,1,Bachelor's,4794,5612,28,222,6,2,0,3 - High,3,No,No,22.0,21.0,1,3.0,Very High,2024-07-23
1188,60,Female,Human Resources,HR-01,Recruiter,2,Master's,6267,7314,37,299,28,9,9,3 - High,4,Yes,Yes,6.0,16.0,3,4.0,High,03/28/2015
1189,22,Male,Finance,FIN-05,Financial Analyst,2,High School,5358,6726,31,254,3,2,0,1 - Low,2,Yes,Yes,12.0,32.0,1,2.0,Medium,2024-06-17
1190,32,Male,Sales,SAL-03,Senior Sales Rep,1,Master's,6088,6803,35,281,1,1,1,4 - Very High,3,No,No,31.0,27.0,3,4.0,High,2023-04-16
1191,32,Female,Sales,SAL-03,Sales Director,3,Master's,9071,11463,53,426,0,0,0,3 - High,3,No,No,4.0,0.0,0,3.0,High,2024-11-14
1192,31,Female,Sales,SAL-03,Sales Manager,3,Master's,10260,13607,59,467,7,7,0,4 - Very High,3,No,No,3.0,29.0,0,4.0,Very High,2024-02-22
1193,31,Male,Marketing,MKT-04,Content Strategist,2,Master's,5199,6242,29,229,1,0,0,3 - High,3,No,No,7.0,19.0,0,3.0,High,2024-05-27
1194,42,Male,Finance,FIN-05,Financial Analyst,1,Bachelor's,5140,6664,29,233,9,7,2,4 - Very High,3,No,No,24.0,9.0,0,4.0,Very High,2022-03-09
1195,40,Male,Engineering,ENG-02,QA Engineer,2,Bachelor's,6938,9057,40,316,6,6,0,2 - Medium,3,Yes,Yes,8.0,6.0,3,4.0,High,06/13/2024
1196,29,Male,Engineering,ENG-02,Senior Engineer,4,Bachelor's,12058,16520,68,543,2,2,1,2 - Medium,3,No,Yes,4.0,35.0,3,3.0,High,2023-05-20
1197,31,Male,Operations,OPS-06,Operations Analyst,1,Master's,4573,5304,26,214,4,3,2,2 - Medium,4,No,No,5.0,27.0,2,5.0,Very High,2022-12-25
1198,27,Female,Operations,OPS-06,Logistics Coordinator,2,Master's,5101,5979,29,234,0,0,0,4 - Very High,3,No,No,11.0,23.0,0,,High,09/07/2024
1199,36,Male,Finance,FIN-05,Finance Manager,1,Bachelor's,5678,7801,34,279,14,7,5,3 - High,4,No,No,9.0,17.0,0,3.0,High,2019-07-02
1200,32,Male,Human Resources,HR-01,HR Manager,2,Master's,5740,7281,32,263,0,0,0,2 - Medium,2,No,Yes,6.0,47.0,3,4.0,High,02/08/2024
1201,45,Male,Engineering,ENG-02,ML Engineer,2,High School,7485,10152,44,359,9,6,3,4 - Very High,4,No,No,5.0,38.0,1,2.0,Very High,05/14/2021
1202,30,Female,Marketing,MKT-04,Growth Analyst,2,Bachelor's,5949,7559,33,261,5,1,0,1 - Low,1,No,Yes,5.0,12.0,0,3.0,High,2024-04-19
1203,36,Male,Marketing,MKT-04,Digital Marketing Lead,3,PhD,8886,11200,50,394,0,0,0,3 - High,2,No,No,3.0,15.0,2,4.0,Very High,2024-11-13
1204,33,Male,Finance,FIN-05,Auditor,3,Bachelor's,8400,10656,48,385,4,1,1,3 - High,3,No,Yes,11.0,14.0,0,4.0,High,2023-09-16
1205,34,Female,Operations,OPS-06,Facilities Manager,1,Master's,5207,6540,30,240,5,4,3,3 - High,4,No,No,11.0,28.0,1,3.0,High,2021-05-02
1206,31,Male,Sales,SAL-03,Sales Rep,1,Bachelor's,4141,5760,24,196,1,0,0,2 - Medium,2,No,Yes,16.0,38.0,1,,High,12/08/2024
1207,37,Female,Engineering,ENG-02,Staff Engineer,2,Bachelor's,6725,7473,39,308,0,0,0,2 - Medium,3,Yes,Yes,11.0,32.0,3,4.0,High,2024-08-03
1208,38,Female,Sales,SAL-03,Sales Rep,1,PhD,4873,5871,28,223,7,4,2,4 - Very High,4,No,No,20.0,2.0,0,3.0,Very High,2022-09-16
1209,30,Male,Sales,SAL-03,Sales Rep,1,High School,4367,5852,25,198,3,0,0,4 - Very High,3,No,No,3.0,38.0,1,5.0,Very High,2024-05-25
1210,23,Male,Marketing,MKT-04,Brand Manager,3,PhD,7277,8631,42,331,0,0,0,3 - High,4,No,No,5.0,15.0,0,4.0,Very High,2024-10-21
1211,21,Male,Human Resources,HR-01,HR Coordinator,1,Master's,3945,5051,22,176,1,0,0,3 - High,4,No,No,5.0,20.0,0,1.0,Medium,05/30/2024
1212,21,Male,Engineering,ENG-02,ML Engineer,2,Bachelor's,8279,9424,49,396,1,0,0,1 - Low,1,Yes,Yes,30.0,28.0,0,3.0,Medium,02/04/2024
1213,30,Female,Human Resources,HR-01,HR Analyst,3,Bachelor's,6994,8678,40,317,3,3,2,4 - Very High,3,No,No,20.0,20.0,3,4.0,High,2022-02-25
1214,21,Female,Human Resources,HR-01,HR Coordinator,1,Bachelor's,3591,4345,21,167,0,0,0,3 - High,4,No,No,12.0,30.0,0,4.0,Very High,12/19/2024
1215,21,Female,Engineering,ENG-02,Senior Engineer,5,Master's,15834,20170,93,753,2,1,0,4 - Very High,2,No,No,18.0,23.0,0,3.0,High,2024-01-15
1216,27,Female,Engineering,ENG-02,Engineering Manager,5,High School,11609,13523,68,549,1,0,0,4 - Very High,2,No,No,19.0,23.0,0,4.0,Very High,11/26/2024
1217,24,Female,Marketing,MKT-04,Content Strategist,2,Bachelor's,5031,6704,29,230,4,2,1,3 - High,3,No,Yes,6.0,26.0,0,3.0,High,2023-11-14
1218,37,Male,Engineering,ENG-02,DevOps Engineer,1,PhD,7702,9676,44,355,12,11,0,3 - High,3,No,No,4.0,13.0,1,3.0,Very High,07/01/2024
1219,37,Male,Operations,OPS-06,Operations Analyst,3,Master's,7593,10223,45,366,5,5,5,4 - Very High,4,No,Yes,2.0,22.0,2,4.0,High,01/05/2020
1220,41,Male,Marketing,MKT-04,Content Strategist,1,Master's,4607,5973,26,211,0,0,0,4 - Very High,4,No,No,6.0,22.0,1,,Very High,2024-07-13
1221,26,Female,Sales,SAL-03,Regional Sales Lead,4,Bachelor's,10417,13550,58,462,3,3,3,4 - Very High,4,No,No,18.0,36.0,0,4.0,Very High,12/07/2021
1222,26,Female,Sales,SAL-03,Senior Sales Rep,4,Master's,11605,14897,69,549,5,1,1,3 - High,2,No,No,7.0,28.0,1,4.0,Very High,02/15/2023
1223,53,Female,Marketing,MKT-04,Digital Marketing Lead,3,Master's,8940,11065,51,405,22,6,6,3 - High,3,No,No,6.0,17.0,2,3.0,Very High,05/02/2018
1224,31,Male,Sales,SAL-03,Sales Manager,1,Bachelor's,5213,6458,30,247,6,5,4,2 - Medium,4,Yes,No,11.0,17.0,0,1.0,Medium,2021-01-01
1225,22,Male,Engineering,ENG-02,Data Engineer,2,Bachelor's,7979,9291,45,360,1,0,0,3 - High,3,No,No,11.0,21.0,2,,High,02/05/2024
1226,25,Male,Finance,FIN-05,Financial Analyst,2,High School,5714,6692,34,275,9,8,5,3 - High,4,No,Yes,18.0,19.0,0,5.0,Very High,2019-05-11
1227,27,Female,Marketing,MKT-04,Brand Manager,4,Master's,11695,13219,66,531,4,0,0,3 - High,3,No,No,23.0,30.0,0,1.0,High,2024-07-19
1228,47,Female,Sales,SAL-03,Senior Sales Rep,1,Master's,7037,9609,40,315,15,13,7,2 - Medium,2,No,Yes,4.0,19.0,0,3.0,Medium,2017-06-26
1229,31,Female,Sales,SAL-03,Sales Director,5,Bachelor's,16000,17779,95,767,9,2,2,4 - Very High,4,No,No,4.0,37.0,2,4.0,High,2022-07-09
1230,23,Male,Engineering,ENG-02,Engineering Manager,3,High School,10591,14242,62,491,12,10,6,3 - High,3,No,No,11.0,25.0,0,5.0,Very High,2018-10-15
1231,27,Male,Engineering,ENG-02,Software Engineer,1,Bachelor's,5735,7249,33,263,0,0,0,1 - Low,2,No,No,7.0,20.0,1,1.0,Very High,2024-04-06
1232,30,Female,Engineering,ENG-02,Engineering Manager,2,Master's,8028,10717,46,370,9,8,2,4 - Very High,3,No,No,1.0,36.0,0,4.0,Very High,2022-12-03
1233,46,Female,Marketing,MKT-04,Digital Marketing Lead,2,Bachelor's,6072,7987,35,282,7,6,5,4 - Very High,4,No,No,4.0,29.0,1,4.0,Very High,2019-11-05
1234,42,Male,Sales,SAL-03,Sales Rep,3,Master's,8541,9437,50,409,7,1,0,3 - High,3,No,No,2.0,30.0,1,4.0,Very High,2024-06-11
1235,32,Female,Human Resources,HR-01,HR Coordinator,1,Master's,4185,5490,24,192,4,1,1,3 - High,2,No,No,12.0,42.0,1,2.0,High,2023-11-24
1236,44,Female,Operations,OPS-06,Operations Analyst,3,Master's,7042,9124,41,331,11,3,3,3 - High,2,No,No,5.0,27.0,0,4.0,Very High,2021-12-16
1237,23,Female,Marketing,MKT-04,Brand Manager,1,Bachelor's,4570,5632,27,214,0,0,0,3 - High,2,No,No,10.0,20.0,1,1.0,Very High,09/21/2024
1238,28,Male,Finance,FIN-05,Finance Manager,3,Master's,8831,10739,52,420,7,6,0,3 - High,3,No,No,24.0,38.0,0,3.0,High,2024-05-23
1239,33,Female,Engineering,ENG-02,Engineering Manager,4,High School,9545,12064,56,456,4,3,3,3 - High,4,No,No,7.0,15.0,2,2.0,Very High,2021-09-11
1240,33,Female,Engineering,ENG-02,Staff Engineer,5,High School,16595,19765,98,776,8,4,1,4 - Very High,4,No,Yes,2.0,18.0,0,,Medium,02/17/2023
1241,51,Male,Engineering,ENG-02,Staff Engineer,3,Bachelor's,10519,13848,59,468,27,18,18,4 - Very High,4,No,No,6.0,12.0,2,4.0,Very High,2006-10-28
1242,28,Female,Finance,FIN-05,Auditor,1,High School,4409,5206,25,202,5,3,2,4 - Very High,4,No,No,6.0,29.0,0,4.0,Very High,2022-12-12
1243,29,Female,Engineering,ENG-02,Backend Developer,1,Bachelor's,6323,8302,36,291,2,1,0,2 - Medium,4,No,No,4.0,25.0,3,4.0,Very High,2024-01-29
1244,33,Male,Sales,SAL-03,Sales Rep,2,Bachelor's,5023,6860,28,224,8,8,5,4 - Very High,3,No,Yes,11.0,26.0,0,2.0,Low,2019-05-01
1245,41,Female,Sales,SAL-03,Business Development Rep,2,Bachelor's,5613,7857,33,265,13,3,1,1 - Low,2,No,No,6.0,25.0,1,1.0,Very High,09/13/2023
1246,43,Male,Operations,OPS-06,Facilities Manager,3,High School,6024,8032,36,292,7,5,4,3 - High,3,No,No,3.0,25.0,0,3.0,High,02/01/2020
1247,38,Male,Operations,OPS-06,Process Engineer,3,PhD,8434,9891,47,371,12,9,9,1 - Low,3,No,Yes,4.0,11.0,3,2.0,Medium,2015-10-21
1248,35,Male,Human Resources,HR-01,HR Manager,1,Bachelor's,5136,5878,30,244,8,3,1,4 - Very High,3,No,No,6.0,21.0,0,5.0,Very High,07/30/2023
1249,55,Male,Human Resources,HR-01,HR Director,3,Bachelor's,8091,9366,47,380,22,22,7,3 - High,4,No,No,9.0,19.0,0,4.0,Very High,05/31/2017
1250,24,Male,Marketing,MKT-04,Content Strategist,3,Bachelor's,6922,7882,40,324,1,1,0,3 - High,2,No,Yes,7.0,26.0,0,2.0,Very High,2024-10-07
1251,24,Female,Finance,FIN-05,Senior Accountant,1,Master's,5229,6819,30,242,1,1,1,2 - Medium,3,No,No,13.0,46.0,0,2.0,High,2023-05-25
1252,25,Male,Finance,FIN-05,Finance Manager,3,Bachelor's,7180,9539,42,341,3,2,0,3 - High,2,No,No,8.0,29.0,0,1.0,High,2024-10-01
1253,36,Male,Operations,OPS-06,Logistics Coordinator,2,Bachelor's,5092,6891,30,245,4,4,0,3 - High,1,Yes,Yes,7.0,8.0,0,4.0,High,2024-03-13
1254,39,Female,Operations,OPS-06,Logistics Coordinator,1,Bachelor's,3924,5413,22,177,9,0,0,4 - Very High,3,No,No,4.0,11.0,2,5.0,Very High,2024-01-18
1255,21,Female,Operations,OPS-06,Operations Manager,5,High School,10495,12942,61,502,0,0,0,3 - High,2,No,No,10.0,30.0,0,,High,2024-09-22
1256,50,Non-Binary,Operations,OPS-06,Facilities Manager,5,High School,10430,13706,59,486,16,0,0,4 - Very High,3,No,Yes,10.0,20.0,0,3.0,High,2024-08-27
1257,27,Female,Human Resources,HR-01,Recruiter,1,Bachelor's,4714,6180,27,217,2,2,0,3 - High,4,No,No,4.0,21.0,0,4.0,Very High,2024-11-17
1258,28,Female,Sales,SAL-03,Sales Manager,1,Bachelor's,4888,5737,29,235,0,0,0,3 - High,4,No,No,7.0,22.0,2,4.0,High,2024-11-02
1259,40,Female,Engineering,ENG-02,Engineering Manager,1,Bachelor's,8029,9153,45,362,15,12,10,3 - High,3,No,No,6.0,29.0,1,2.0,Very High,2014-02-07
1260,45,Male,Sales,SAL-03,Business Development Rep,3,Bachelor's,7610,10360,44,346,8,5,1,4 - Very High,1,No,No,35.0,36.0,2,5.0,Very High,2023-10-21
1261,28,Male,Engineering,ENG-02,QA Engineer,2,Bachelor's,6869,8732,41,334,10,9,1,4 - Very High,4,No,No,4.0,15.0,1,5.0,High,2023-07-19
1262,30,Female,Sales,SAL-03,Senior Sales Rep,4,High School,8254,10611,48,388,1,0,0,3 - High,4,No,No,8.0,32.0,0,4.0,High,2024-03-12
1263,27,Male,Sales,SAL-03,Sales Rep,3,High School,5370,7281,31,254,2,2,0,2 - Medium,2,Yes,Yes,13.0,18.0,2,3.0,Medium,09/19/2024
1264,35,Male,Marketing,MKT-04,SEO Specialist,2,PhD,6632,8927,39,320,5,0,0,2 - Medium,3,No,No,6.0,23.0,0,3.0,Very High,2024-05-31
1265,23,Male,Sales,SAL-03,Sales Director,4,Bachelor's,10151,11725,60,471,0,0,0,4 - Very High,3,No,Yes,5.0,31.0,0,4.0,High,07/23/2024
1266,32,Female,Engineering,ENG-02,Senior Engineer,5,High School,13652,17970,79,637,2,0,0,2 - Medium,2,No,No,50.0,36.0,1,3.0,Low,06/28/2024
1267,25,Female,Engineering,ENG-02,ML Engineer,5,Bachelor's,13062,15318,76,609,4,2,2,3 - High,4,No,No,4.0,32.0,0,4.0,High,2022-06-15
1268,35,Male,Marketing,MKT-04,Content Strategist,1,High School,4482,5499,25,200,0,0,0,4 - Very High,4,No,No,11.0,14.0,3,4.0,Very High,2024-12-25
1269,41,Female,Marketing,MKT-04,Digital Marketing Lead,1,Master's,6020,7121,35,275,13,1,1,3 - High,2,No,No,17.0,32.0,0,3.0,Very High,01/15/2023
1270,21,Male,Operations,OPS-06,Operations Analyst,4,Master's,9333,10293,55,452,0,0,0,3 - High,3,No,Yes,5.0,34.0,0,4.0,Medium,11/26/2024
1271,35,Female,Human Resources,HR-01,HR Director,1,Bachelor's,5788,7033,32,256,6,1,1,2 - Medium,2,No,No,6.0,28.0,2,2.0,Medium,05/30/2023
1272,28,Female,Engineering,ENG-02,Senior Engineer,3,Master's,11496,15149,65,528,5,1,1,4 - Very High,4,No,No,7.0,38.0,1,3.0,Medium,2023-12-08
1273,25,Female,Human Resources,HR-01,Recruiter,4,High School,8189,10468,47,387,4,4,4,3 - High,3,No,Yes,5.0,20.0,1,4.0,Medium,07/14/2020
1274,32,Female,Engineering,ENG-02,Frontend Developer,2,Bachelor's,7037,8444,40,323,8,2,0,4 - Very High,3,No,No,13.0,21.0,0,4.0,Very High,08/24/2024
1275,38,Female,Engineering,ENG-02,Software Engineer,1,Master's,7681,10168,43,341,15,1,0,4 - Very High,3,No,Yes,9.0,26.0,2,3.0,Low,2024-06-08
1276,30,Male,Operations,OPS-06,Operations Manager,1,High School,4428,5851,25,199,1,1,0,1 - Low,4,No,Yes,6.0,26.0,1,3.0,High,2024-10-30
1277,29,Non-Binary,Operations,OPS-06,Operations Manager,1,High School,5061,6954,30,239,8,1,0,3 - High,3,No,Yes,13.0,15.0,4,4.0,Medium,2024-12-05
1278,34,Female,Engineering,ENG-02,Engineering Manager,5,High School,12518,15247,73,598,8,1,0,4 - Very High,3,No,No,16.0,28.0,0,5.0,Very High,06/30/2024
1279,40,Female,Sales,SAL-03,Sales Rep,2,Bachelor's,6462,8910,38,305,12,2,1,3 - High,4,No,No,11.0,29.0,2,3.0,Very High,05/17/2023
1280,37,Male,Operations,OPS-06,Operations Analyst,1,Master's,4355,6019,25,201,10,6,3,2 - Medium,4,No,No,4.0,23.0,2,2.0,High,2021-03-12
1281,45,Non-Binary,Engineering,ENG-02,Engineering Manager,3,Bachelor's,11348,14434,67,539,9,8,5,2 - Medium,1,Yes,Yes,1.0,32.0,1,2.0,Medium,2019-02-21
1282,60,Male,Sales,SAL-03,Regional Sales Lead,2,Bachelor's,6850,8281,40,327,26,20,13,4 - Very High,4,No,No,20.0,28.0,2,4.0,Very High,
1283,38,Male,Operations,OPS-06,Logistics Coordinator,3,Master's,7128,8191,41,325,11,11,10,2 - Medium,3,No,No,35.0,23.0,2,2.0,Medium,2014-01-12
1284,39,Female,Sales,SAL-03,Business Development Rep,3,Bachelor's,7333,8827,43,354,7,2,1,2 - Medium,4,No,Yes,10.0,24.0,2,3.0,High,2023-01-08
1285,42,Female,Operations,OPS-06,Process Engineer,1,Bachelor's,5254,6314,31,244,15,15,15,4 - Very High,3,No,No,14.0,20.0,0,4.0,Very High,2009-09-22
1286,36,Female,Sales,SAL-03,Sales Rep,2,Bachelor's,6262,7879,35,283,2,0,0,1 - Low,1,Yes,Yes,6.0,23.0,3,2.0,High,03/28/2024
1287,35,Male,Finance,FIN-05,Senior Accountant,1,High School,4974,6315,29,230,3,1,1,3 - High,4,No,No,9.0,,0,3.0,Very High,11/13/2023
1288,32,Female,Human Resources,HR-01,HR Analyst,1,High School,4248,5565,25,205,14,1,1,3 - High,3,No,No,6.0,28.0,0,4.0,Very High,02/27/2023
1289,26,Male,Sales,SAL-03,Sales Manager,2,Master's,7810,10381,44,354,4,0,0,2 - Medium,3,No,No,7.0,22.0,0,4.0,Very High,02/15/2024
1290,31,Male,Finance,FIN-05,Auditor,2,Master's,7127,8419,41,328,1,0,0,4 - Very High,3,No,No,16.0,17.0,0,5.0,Very High,2024-11-16
1291,41,Male,Sales,SAL-03,Sales Manager,3,High School,7135,9485,42,342,4,1,1,4 - Very High,4,No,No,13.0,34.0,5,5.0,High,2023-05-07
1292,27,Female,Sales,SAL-03,Sales Director,3,Bachelor's,8028,10998,47,371,8,8,2,3 - High,2,No,Yes,5.0,23.0,0,4.0,Medium,03/13/2022
1293,27,Female,Sales,SAL-03,Sales Rep,3,High School,6640,8618,38,298,2,0,0,2 - Medium,4,No,No,2.0,23.0,0,2.0,Very High,2024-09-28
1294,25,Non-Binary,Marketing,MKT-04,Marketing Manager,4,High School,8098,10745,47,381,7,7,6,3 - High,3,Yes,No,7.0,28.0,0,1.0,Very High,2018-09-09
1295,34,Female,Operations,OPS-06,Operations Analyst,1,Bachelor's,4170,5262,24,193,3,0,0,1 - Low,2,No,No,4.0,5.0,0,3.0,High,04/10/2024
1296,33,Female,Human Resources,HR-01,Benefits Specialist,3,Master's,6135,7936,36,285,2,2,1,3 - High,2,No,No,5.0,32.0,0,3.0,High,2023-02-02
1297,30,Male,Engineering,ENG-02,Software Engineer,2,Bachelor's,7032,9243,40,327,0,0,0,4 - Very High,4,No,No,8.0,12.0,0,5.0,Very High,2024-06-20
1298,51,Female,Operations,OPS-06,Logistics Coordinator,2,High School,4898,5998,29,231,16,7,4,4 - Very High,3,No,No,7.0,25.0,0,3.0,High,2020-10-08
1299,21,Female,Engineering,ENG-02,Staff Engineer,5,Bachelor's,16007,18982,94,743,4,3,1,4 - Very High,3,No,No,9.0,37.0,0,4.0,Very High,2023-01-31
1300,41,Female,Finance,FIN-05,Controller,1,Master's,5657,6654,33,261,4,3,3,2 - Medium,4,No,No,6.0,9.0,2,5.0,High,2021-04-16
1301,47,Female,Operations,OPS-06,Operations Analyst,3,High School,6427,8550,37,294,24,24,5,4 - Very High,4,No,No,7.0,17.0,0,5.0,Very High,2019-12-06
1302,41,Male,Finance,FIN-05,Tax Specialist,4,Bachelor's,8543,11089,50,402,2,0,0,3 - High,4,No,No,10.0,27.0,2,5.0,Very High,2024-01-08
1303,30,Female,Marketing,MKT-04,Brand Manager,3,Bachelor's,8948,10864,51,418,7,1,1,3 - High,3,No,No,6.0,19.0,1,3.0,High,05/21/2023
1304,47,Female,Sales,SAL-03,Business Development Rep,3,Master's,7748,9849,45,364,16,0,0,4 - Very High,4,No,No,9.0,19.0,1,3.0,high,2024-08-20
1305,30,Male,Engineering,ENG-02,Frontend Developer,1,Bachelor's,5164,6853,29,236,8,8,1,4 - Very High,4,No,No,8.0,22.0,1,,Very High,01/02/2024
1306,37,Female,Finance,FIN-05,Tax Specialist,1,Bachelor's,5758,7678,34,267,8,8,4,3 - High,2,No,No,4.0,20.0,0,3.0,Very High,06/24/2020
1307,25,Male,Finance,FIN-05,Financial Analyst,2,High School,4631,5778,26,210,0,0,0,3 - High,4,No,No,12.0,25.0,2,3.0,High,04/13/2025
1308,28,Male,Engineering,ENG-02,Staff Engineer,5,High School,14898,19492,84,674,2,1,1,4 - Very High,4,No,Yes,11.0,42.0,2,3.0,High,2023-03-30
1309,33,Male,Engineering,ENG-02,Staff Engineer,2,Master's,9546,12502,56,444,1,1,0,3 - High,4,No,No,2.0,,3,4.0,Very High,11/06/2024
1310,24,Male,Sales,SAL-03,Account Executive,3,Bachelor's,7173,9501,42,331,0,0,0,3 - High,3,No,yes,13.0,30.0,2,3.0,Low,2024-03-13
1311,38,Female,Finance,FIN-05,Financial Analyst,4,Master's,10162,12360,58,476,4,4,3,4 - Very High,3,No,No,4.0,41.0,5,3.0,Very High,07/03/2021
1312,41,Female,Finance,FIN-05,Tax Specialist,2,Bachelor's,6040,7739,35,287,18,6,5,4 - Very High,4,No,No,12.0,28.0,0,5.0,High,2019-11-06
1313,32,Female,Sales,SAL-03,Senior Sales Rep,3,Bachelor's,8841,10867,50,407,7,7,1,3 - High,3,No,No,4.0,23.0,0,3.0,Very High,11/20/2023
1314,25,Male,Marketing,MKT-04,SEO Specialist,3,High School,6292,7723,36,296,9,4,2,3 - High,4,No,No,13.0,32.0,2,4.0,Very High,2022-01-29
1315,40,Male,Human Resources,HR-01,HR Analyst,4,High School,6674,8794,38,312,6,4,4,3 - High,4,No,No,6.0,28.0,0,3.0,High,02/15/2020
1316,32,Male,Engineering,ENG-02,Staff Engineer,2,Bachelor's,7117,9189,40,325,3,3,3,2 - Medium,2,No,No,4.0,39.0,3,3.0,High,2021-04-08
1317,36,Female,Operations,OPS-06,Operations Manager,2,Bachelor's,5777,7334,33,269,4,3,0,2 - Medium,3,No,No,18.0,35.0,4,,Very High,2024-07-19
1318,35,Male,Finance,FIN-05,Tax Specialist,4,High School,7521,9924,44,358,4,3,1,2 - Medium,2,No,Yes ,10.0,16.0,3,3.0,Medium,08/12/2023
1319,46,Male,Sales,SAL-03,Account Executive,4,High School,10954,12886,63,507,20,19,17,4 - Very High,3,No,No,6.0,20.0,0,3.0,Very High,05/11/2007
1320,39,Male,Engineering,ENG-02,ML Engineer,5,High School,13596,15392,79,632,16,16,3,2 - Medium,4,No,Yes,17.0,31.0,0,1.0,Medium,2021-09-29
1321,23,Female,Sales,SAL-03,Senior Sales Rep,4,Bachelor's,8383,10246,48,390,4,3,0,2 - Medium,4,No,No,18.0,33.0,0,2.0,Medium,04/12/2024
1322,32,Male,Engineering,ENG-02,Engineering Manager,1,High School,5308,6609,31,245,2,2,0,4 - Very High,4,No,No,2.0,14.0,3,3.0,Medium,08/20/2024
1323,43,Non-Binary,Sales,SAL-03,Sales Rep,1,Bachelor's,5354,7051,31,253,21,11,7,3 - High,3,No,Yes,7.0,12.0,2,4.0,Medium,2017-06-17
1324,21,Female,Operations,OPS-06,Process Engineer,1,Master's,4596,5915,27,213,0,0,0,3 - High,2,No,No,,36.0,0,2.0,High,2024-08-23
1325,29,Female,Engineering,ENG-02,QA Engineer,2,Bachelor's,6927,9170,39,316,5,1,0,4 - Very High,4,No,No,13.0,33.0,1,4.0,Very High,2024-03-01
1326,24,Male,Finance,FIN-05,Finance Manager,2,Bachelor's,7146,8533,41,325,1,0,0,3 - High,3,No,No,11.0,23.0,0,2.0,Very High,2024-09-12
1327,34,Male,Sales,SAL-03,Senior Sales Rep,3,Bachelor's,6958,9051,40,318,6,4,4,3 - High,2,No,No,5.0,27.0,0,3.0,Very High,2020-09-01
1328,39,Male,Engineering,ENG-02,Software Engineer,4,Bachelor's,10873,13530,62,501,11,0,0,3 - High,4,No,No,18.0,30.0,3,3.0,High,2024-11-01
1329,60,Female,Marketing,MKT-04,Marketing Manager,4,PhD,12650,14700,75,595,26,21,11,4 - Very High,4,No,No,8.0,36.0,0,4.0,Very High,2013-09-03
1330,45,Female,Operations,OPS-06,Operations Analyst,3,Bachelor's,6631,8989,39,311,10,6,3,3 - High,4,No,No,11.0,26.0,2,,Medium,01/20/2021
1331,29,Male,Sales,SAL-03,Senior Sales Rep,2,Bachelor's,5515,7646,32,251,1,1,1,4 - Very High,3,No,No,5.0,34.0,0,4.0,Very High,2023-08-02
1332,26,Female,Engineering,ENG-02,Frontend Developer,4,Master's,11206,13283,66,519,4,2,1,3 - High,4,No,Yes,14.0,34.0,2,3.0,Medium,07/25/2023
1333,48,Male,Sales,SAL-03,Regional Sales Lead,3,PhD,9562,11166,54,431,10,5,5,2 - Medium,3,No,Yes,5.0,23.0,3,3.0,High,2019-08-26
1334,43,Male,Sales,SAL-03,Account Executive,1,Bachelor's,5075,6011,30,244,21,19,13,4 - Very High,2,No,No,7.0,27.0,2,4.0,Very High,06/29/2011
1335,38,Non-Binary,Operations,OPS-06,Logistics Coordinator,3,Bachelor's,6371,7280,37,298,3,2,0,2 - Medium,2,No,Yes,9.0,25.0,1,2.0,Low,2024-07-31
1336,28,Female,Finance,FIN-05,Financial Analyst,1,High School,5299,6319,30,242,7,3,3,3 - High,3,No,No,19.0,24.0,1,4.0,Very High,2021-04-18
1337,27,Male,Operations,OPS-06,Process Engineer,4,High School,8699,11884,50,403,11,0,0,3 - High,3,No,No,3.0,33.0,1,3.0,High,2024-03-28
1338,21,Female,Operations,OPS-06,Process Engineer,1,Master's,4583,6100,27,218,0,0,0,4 - Very High,3,Yes,Yes,13.0,34.0,3,3.0,Medium,2024-09-24
1339,24,Male,Engineering,ENG-02,ML Engineer,5,High School,14738,17172,83,678,3,1,1,3 - High,4,No,Yes,2.0,36.0,0,4.0,High,09/07/2023
1340,34,Female,Sales,SAL-03,Sales Director,2,Master's,8656,10420,51,408,12,10,6,3 - High,2,No,No,17.0,30.0,2,,Very High,2018-01-15
1341,35,Male,Engineering,ENG-02,QA Engineer,1,High School,4575,6169,26,207,9,7,6,4 - Very High,4,No,No,4.0,23.0,3,4.0,High,2018-07-04
1342,35,Male,Engineering,ENG-02,QA Engineer,3,Master's,8775,11299,50,404,2,1,1,3 - High,4,No,No,9.0,24.0,0,4.0,Very High,2023-07-03
1343,34,Male,Engineering,ENG-02,Engineering Manager,2,Master's,9274,10745,53,428,1,1,0,4 - Very High,3,No,No,2.0,43.0,3,4.0,High,2024-07-12
1344,28,Non-Binary,Engineering,ENG-02,Frontend Developer,2,Master's,8283,10231,47,378,6,3,1,4 - Very High,2,No,No,20.0,24.0,0,4.0,Very High,2023-11-11
1345,27,Male,Human Resources,HR-01,Recruiter,2,Bachelor's,5239,5933,30,244,1,0,0,3 - High,3,No,No,25.0,29.0,0,3.0,Very High,2024-02-20
1346,28,Male,Engineering,ENG-02,QA Engineer,2,High School,7010,8236,40,322,7,6,0,4 - Very High,2,No,No,10.0,35.0,0,,Very High,2024-11-02
1347,33,Female,Sales,SAL-03,Regional Sales Lead,3,Master's,8679,11708,49,389,2,1,1,3 - High,4,No,Yes,8.0,31.0,2,4.0,Medium,2023-02-10
1348,41,Female,Sales,SAL-03,Sales Rep,4,Master's,10244,12862,61,497,4,4,1,4 - Very High,2,No,No,3.0,22.0,4,2.0,High,2023-02-05
1349,34,Female,Finance,FIN-05,Tax Specialist,4,High School,9124,10701,54,440,15,3,0,2 - Medium,2,No,No,11.0,33.0,0,2.0,High,2024-10-02
1350,37,Male,Engineering,ENG-02,Staff Engineer,3,High School,8940,10379,52,411,7,2,1,3 - High,2,No,No,14.0,22.0,0,3.0,High,2023-01-08
1351,37,Male,Marketing,MKT-04,Marketing Manager,2,PhD,7389,9656,42,344,3,1,0,2 - Medium,4,No,Yes,13.0,33.0,3,5.0,High,2024-07-11
1352,40,Female,Sales,SAL-03,Account Executive,1,High School,5917,7575,33,269,17,8,2,3 - High,3,No,No,6.0,27.0,1,3.0,Medium,10/11/2022
1353,28,Male,Marketing,MKT-04,SEO Specialist,1,Bachelor's,4034,4722,23,185,0,0,0,3 - High,3,No,No,5.0,22.0,0,4.0,Very High,04/22/2025
1354,24,Female,Finance,FIN-05,Finance Manager,1,Bachelor's,5214,6344,30,236,5,2,1,3 - High,3,Yes,Yes,5.0,28.0,0,2.0,Low,2023-12-25
1355,29,Female,Marketing,MKT-04,Content Strategist,3,Bachelor's,6438,7521,36,296,6,6,6,3 - High,3,No,No,5.0,43.0,0,3.0,Very High,2018-11-13
1356,40,Female,Sales,SAL-03,Regional Sales Lead,2,High School,5959,7749,34,280,6,0,0,4 - Very High,3,No,No,4.0,27.0,5,4.0,Very High,12/23/2024
1357,37,Male,Engineering,ENG-02,QA Engineer,3,Bachelor's,7358,8807,44,361,2,1,0,3 - High,3,No,No,11.0,15.0,0,,High,02/15/2024
1358,26,Non-Binary,Sales,SAL-03,Account Executive,3,Bachelor's,8967,10235,53,418,10,2,2,3 - High,3,No,Yes,18.0,34.0,3,3.0,High,2022-03-27
1359,38,Non-Binary,Engineering,ENG-02,Software Engineer,1,Bachelor's,5343,6293,30,246,3,0,0,3 - High,4,No,Yes,4.0,5.0,1,4.0,Medium,07/01/2024
1360,42,Female,Engineering,ENG-02,Software Engineer,3,High School,9428,13004,54,437,11,10,10,1 - Low,2,Yes,Yes,12.0,39.0,0,5.0,High,07/13/2014
1361,53,Male,Operations,OPS-06,Process Engineer,1,High School,4810,6057,28,222,23,18,2,3 - High,4,No,No,15.0,19.0,0,2.0,Medium,2022-03-17
1362,44,Male,Marketing,MKT-04,Marketing Manager,2,PhD,7133,8020,41,335,22,15,6,4 - Very High,3,No,No,6.0,21.0,1,3.0,High,02/23/2018
1363,22,Female,Sales,SAL-03,Senior Sales Rep,1,High School,4490,5434,26,211,1,1,0,3 - High,2,No,No,11.0,39.0,0,2.0,High,10/13/2024
1364,28,Female,Operations,OPS-06,Facilities Manager,1,Bachelor's,4032,5010,23,187,2,0,0,4 - Very High,3,No,No,5.0,22.0,1,4.0,Very High,02/07/2024
1365,42,Female,Finance,FIN-05,Controller,1,High School,4960,6087,28,221,8,2,0,4 - Very High,1,No,Yes,4.0,30.0,2,4.0,High,02/11/2024
1366,46,Female,Sales,SAL-03,Sales Manager,1,High School,5731,7223,34,275,13,3,1,4 - Very High,4,No,No,18.0,10.0,1,5.0,Very High,11/22/2023
1367,30,Non-Binary,Sales,SAL-03,Regional Sales Lead,3,Bachelor's,8584,10873,50,401,3,1,0,3 - High,4,No,No,3.0,19.0,1,4.0,Very High,12/06/2024
1368,38,Male,Operations,OPS-06,Process Engineer,4,Bachelor's,8037,10903,45,354,2,2,0,3 - High,3,No,No,14.0,35.0,1,5.0,High,2024-12-06
1369,25,Female,Operations,OPS-06,Operations Manager,2,Master's,5884,6809,34,276,0,0,0,3 - High,4,No,No,12.0,25.0,0,4.0,Very High,08/20/2024
1370,33,Female,Human Resources,HR-01,HR Coordinator,1,Master's,3931,4445,23,185,7,3,1,4 - Very High,3,No,No,10.0,31.0,0,3.0,High,2023-10-14
1371,34,Male,Marketing,MKT-04,Digital Marketing Lead,2,Bachelor's,6832,8974,39,310,2,1,1,2 - Medium,2,No,No,7.0,22.0,3,1.0,Very High,2023-07-28
1372,21,Female,Operations,OPS-06,Process Engineer,2,Bachelor's,6375,7229,37,293,3,0,0,4 - Very High,4,No,No,7.0,25.0,0,3.0,High,11/03/2024
1373,39,Male,Engineering,ENG-02,Staff Engineer,2,Bachelor's,8873,9844,51,403,2,1,0,3 - High,2,No,No,8.0,38.0,0,1.0,High,2024-06-01
1374,51,Non-Binary,Marketing,MKT-04,Marketing Analyst,4,High School,10096,11837,60,473,21,11,0,4 - Very High,3,No,No,3.0,29.0,0,3.0,Very High,2024-08-30
1375,58,Female,Sales,SAL-03,Sales Rep,1,Bachelor's,4675,6664,26,211,24,21,19,3 - High,3,Yes,Yes,6.0,24.0,3,5.0,Medium,09/08/2005
1376,42,Female,Operations,OPS-06,Operations Manager,1,Bachelor's,4469,5206,25,202,8,5,1,4 - Very High,4,No,No,3.0,33.0,3,2.0,Medium,2023-04-29
1377,27,Female,Sales,SAL-03,Account Executive,1,Bachelor's,4643,5627,27,222,5,5,3,2 - Medium,4,No,No,10.0,31.0,0,3.0,Medium,2021-04-03
1378,43,Male,Engineering,ENG-02,Engineering Manager,4,Bachelor's,11884,13452,69,564,5,0,0,3 - High,3,Yes,Yes,11.0,28.0,1,3.0,Medium,04/19/2024
1379,42,Female,Sales,SAL-03,Regional Sales Lead,5,Master's,15464,17666,89,724,11,2,1,4 - Very High,2,No,No,2.0,17.0,0,3.0,Very High,09/06/2023
1380,29,Female,Sales,SAL-03,Senior Sales Rep,1,Master's,5695,7146,34,276,2,2,2,3 - High,2,No,Yes,14.0,32.0,0,5.0,Very High,2023-01-23
1381,26,Male,Operations,OPS-06,Logistics Coordinator,1,Bachelor's,3925,4767,23,188,0,0,0,3 - High,3,No,No,6.0,29.0,3,1.0,Medium,2024-05-05
1382,37,Female,Engineering,ENG-02,ML Engineer,2,Master's,7829,8995,44,357,4,0,0,4 - Very High,4,No,No,19.0,34.0,3,3.0,High,2024-06-05
1383,38,Male,Marketing,MKT-04,Content Strategist,1,Bachelor's,4839,5682,28,229,0,0,0,4 - Very High,4,No,No,4.0,3.0,1,4.0,Very High,2024-10-20
1384,24,Male,Operations,OPS-06,Supply Chain Analyst,3,Master's,6610,8719,37,294,3,3,3,1 - Low,3,No,No,2.0,24.0,0,,Very High,2021-10-28
1385,26,Female,Finance,FIN-05,Controller,1,High School,5344,6356,31,248,0,0,0,4 - Very High,2,No,No,15.0,31.0,0,4.0,Very High,10/09/2024
1386,40,Female,Finance,FIN-05,Senior Accountant,2,Bachelor's,5562,6669,32,263,5,1,0,2 - Medium,4,No,Yes,10.0,24.0,3,4.0,High,2024-08-03
1387,46,Female,Engineering,ENG-02,Senior Engineer,2,Bachelor's,8372,10026,49,395,11,1,1,4 - Very High,3,No,No,6.0,20.0,0,3.0,medium,2023-03-21
1388,35,Female,Finance,FIN-05,Auditor,1,High School,5147,5918,30,243,4,1,0,2 - Medium,4,No,No,15.0,36.0,3,2.0,Medium,10/24/2024
1389,26,Male,Engineering,ENG-02,Staff Engineer,2,Bachelor's,8045,10419,46,373,0,0,0,3 - High,4,No,No,9.0,13.0,2,4.0,Very High,2024-06-01
1390,27,Male,Engineering,ENG-02,Software Engineer,1,High School,4628,5994,27,212,1,0,0,2 - Medium,1,No,Yes,20.0,32.0,1,1.0,Medium,01/08/2024
1391,45,Female,Operations,OPS-06,Facilities Manager,1,Bachelor's,4570,5285,27,222,11,0,0,3 - High,3,No,No,7.0,17.0,0,,Medium,11/20/2024
1392,41,Female,Engineering,ENG-02,Frontend Developer,1,Master's,6407,8501,37,295,5,0,0,4 - Very High,3,No,No,19.0,23.0,3,4.0,Very High,2024-12-14
1393,46,Male,Sales,SAL-03,Sales Rep,1,Bachelor's,4900,6217,29,233,7,2,2,4 - Very High,3,No,No,29.0,30.0,6,3.0,Low,02/04/2022
1394,30,Male,Operations,OPS-06,Supply Chain Analyst,3,High School,6890,8395,39,306,3,2,1,4 - Very High,3,No,No,8.0,33.0,0,3.0,Medium,02/16/2023
1395,34,Female,Sales,SAL-03,Account Executive,3,PhD,11270,14026,66,534,15,0,0,4 - Very High,4,No,No,11.0,14.0,2,3.0,High,2024-04-15
1396,28,Male,Operations,OPS-06,Process Engineer,1,Master's,5571,6864,33,269,4,0,0,4 - Very High,3,No,No,9.0,25.0,0,4.0,Very High,08/11/2024
1397,42,Female,Engineering,ENG-02,Frontend Developer,3,High School,7336,9294,43,342,8,7,0,4 - Very High,3,No,No,5.0,39.0,2,3.0,High,2024-01-16
1398,35,Male,Engineering,ENG-02,Data Engineer,2,Bachelor's,6888,7734,41,327,9,9,1,2 - Medium,2,No,No,5.0,20.0,0,2.0,Very High,07/31/2023
1399,32,Female,Marketing,MKT-04,Content Strategist,4,Bachelor's,8044,8925,48,393,1,0,0,2 - Medium,4,No,No,15.0,32.0,2,2.0,Very High,11/10/2024
1400,59,Female,Operations,OPS-06,Operations Analyst,2,Bachelor's,6168,8300,35,277,29,24,0,4 - Very High,4,No,No,10.0,7.0,1,3.0,High,2024-05-30
1401,35,Male,Sales,SAL-03,Business Development Rep,3,Bachelor's,7812,10476,45,365,9,4,4,2 - Medium,1,No,Yes,10.0,19.0,0,2.0,Medium,2020-01-25
1402,29,Female,Sales,SAL-03,Business Development Rep,4,Bachelor's,7596,10212,44,347,2,2,2,3 - High,3,No,No,5.0,25.0,2,4.0,Very High,2022-09-24
1403,42,Male,Marketing,MKT-04,Marketing Manager,2,Bachelor's,6170,8224,35,276,15,8,8,3 - High,2,No,No,5.0,28.0,2,3.0,Medium,2016-09-15
1404,27,Female,Human Resources,HR-01,Recruiter,4,Master's,8037,10786,45,363,2,0,0,3 - High,3,No,No,11.0,23.0,2,3.0,Medium,04/25/2024
1405,37,Male,Operations,OPS-06,Process Engineer,2,Bachelor's,6094,7350,34,278,10,10,10,4 - Very High,4,No,No,13.0,19.0,1,3.0,High,10/13/2014
1406,34,Female,Marketing,MKT-04,Digital Marketing Lead,2,Bachelor's,5909,7710,34,277,7,3,0,3 - High,2,No,No,12.0,35.0,0,4.0,Very High,04/18/2024
1407,32,Female,Sales,SAL-03,Regional Sales Lead,5,Bachelor's,11308,12850,63,495,3,3,2,3 - High,2,No,Yes,,35.0,1,5.0,Very High,2022-05-18
1408,42,Male,Engineering,ENG-02,QA Engineer,2,Master's,7699,8725,45,353,19,19,10,4 - Very High,3,No,No,6.0,14.0,0,4.0,High,02/13/2014
1409,35,Female,Engineering,ENG-02,Staff Engineer,2,PhD,9200,11493,53,425,3,3,2,2 - Medium,2,Yes,Yes,9.0,43.0,4,3.0,Low,2022-06-02
1410,27,Female,Engineering,ENG-02,Senior Engineer,2,Master's,8061,9186,47,383,6,3,0,3 - High,3,No,No,6.0,33.0,3,5.0,Very High,05/28/2024
1411,22,Female,Finance,FIN-05,Finance Manager,2,Bachelor's,6463,7280,37,292,3,0,0,3 - High,3,No,Yes,10.0,32.0,0,3.0,Medium,2024-12-08
1412,43,Female,Operations,OPS-06,Supply Chain Analyst,2,Bachelor's,5834,6952,34,275,14,6,2,3 - High,2,No,Yes,6.0,2.0,0,5.0,Medium,2022-09-24
1413,31,Non-Binary,Sales,SAL-03,Sales Rep,1,Master's,4871,6590,27,217,2,0,0,3 - High,3,No,No,9.0,36.0,0,3.0,Medium,04/16/2024
1414,26,Female,Sales,SAL-03,Business Development Rep,3,Bachelor's,6844,8593,39,314,9,4,3,4 - Very High,3,No,No,2.0,30.0,0,5.0,High,2021-09-07
1415,32,Non-Binary,Operations,OPS-06,Logistics Coordinator,1,High School,3744,4559,21,167,3,0,0,3 - High,4,No,No,12.0,39.0,1,,Very High,10/10/2024
1416,34,Female,Engineering,ENG-02,Data Engineer,1,High School,6092,7798,35,281,14,2,0,2 - Medium,3,No,No,5.0,16.0,0,4.0,High,11/24/2024
1417,40,Male,Sales,SAL-03,Sales Rep,3,Bachelor's,7950,10493,46,375,13,13,3,3 - High,2,No,No,3.0,31.0,3,2.0,High,2021-10-26
1418,39,Male,Finance,FIN-05,Tax Specialist,2,Bachelor's,7184,9689,43,344,12,6,3,4 - Very High,4,No,No,19.0,32.0,0,3.0,Very High,2021-04-19
1419,28,Female,Marketing,MKT-04,Digital Marketing Lead,2,Master's,6696,8560,39,318,2,0,0,2 - Medium,3,No,No,5.0,35.0,0,2.0,High,2024-01-20
1420,38,Male,Operations,OPS-06,Logistics Coordinator,2,Bachelor's,4743,5664,28,227,8,3,1,4 - Very High,2,No,Yes,2.0,23.0,0,4.0,High,05/31/2023
1421,22,Female,Engineering,ENG-02,Senior Engineer,4,High School,9774,12464,57,466,8,6,2,3 - High,3,No,No,3.0,26.0,1,4.0,Very High,2022-05-05
1422,21,Female,Engineering,ENG-02,Frontend Developer,2,Bachelor's,7452,9251,43,352,5,4,2,3 - High,2,No,No,6.0,23.0,0,4.0,Very High,2022-11-30
1423,36,Non-Binary,Operations,OPS-06,Process Engineer,3,Bachelor's,6232,8327,36,295,3,1,0,3 - High,2,No,Yes,18.0,38.0,0,2.0,High,2024-11-12
1424,40,Female,Engineering,ENG-02,Data Engineer,4,High School,11372,15074,66,525,10,4,2,2 - Medium,3,No,Yes,8.0,26.0,0,1.0,High,2022-01-12
1425,44,Female,Human Resources,HR-01,HR Director,2,Bachelor's,6751,9193,38,299,8,4,3,2 - Medium,2,No,Yes,14.0,30.0,0,,High,2021-08-31
1426,30,Female,Engineering,ENG-02,Engineering Manager,1,Bachelor's,5327,6110,31,250,2,0,0,4 - Very High,4,No,No,21.0,22.0,0,4.0,Very High,03/14/2024
1427,25,Male,Human Resources,HR-01,HR Analyst,2,Master's,4802,6459,27,219,0,0,0,3 - High,2,No,No,5.0,37.0,0,3.0,Very High,2024-05-01
1428,32,Male,Operations,OPS-06,Process Engineer,5,Bachelor's,8987,10573,52,428,1,1,0,3 - High,4,No,No,22.0,,3,3.0,High,2024-06-18
1429,40,Male,Finance,FIN-05,Controller,1,Bachelor's,5546,7001,32,253,2,0,0,4 - Very High,3,No,No,10.0,28.0,1,4.0,Very High,2024-12-21
1430,36,Male,Engineering,ENG-02,Software Engineer,1,High School,5585,7390,32,251,2,2,2,3 - High,2,Yes,No,13.0,19.0,1,3.0,Very High,2022-10-09
1431,25,Female,Engineering,ENG-02,QA Engineer,3,Master's,8123,9318,45,370,1,0,0,2 - Medium,3,No,No,5.0,37.0,0,1.0,High,2024-07-31
1432,47,Female,Engineering,ENG-02,Software Engineer,1,Bachelor's,5725,6615,33,269,17,1,1,3 - High,3,No,No,10.0,18.0,0,3.0,High,2023-08-09
1433,28,Female,Engineering,ENG-02,Backend Developer,1,High School,5412,6755,32,254,0,0,0,2 - Medium,3,No,No,5.0,25.0,0,2.0,Very High,2024-07-28
1434,26,Male,Human Resources,HR-01,HR Analyst,2,Bachelor's,4438,6147,26,206,4,3,1,3 - High,2,No,No,12.0,16.0,1,4.0,high,2023-08-04
1435,30,Female,Operations,OPS-06,Logistics Coordinator,1,Bachelor's,4591,5934,26,204,5,4,1,1 - Low,1,No,No,5.0,18.0,0,1.0,Very High,2023-05-24
1436,45,Female,Sales,SAL-03,Sales Director,3,Bachelor's,9910,13057,55,441,15,15,2,3 - High,4,No,No,8.0,43.0,0,2.0,Very High,2022-06-17
1437,38,Male,Human Resources,HR-01,Benefits Specialist,1,Master's,4742,6515,27,219,8,6,0,1 - Low,2,No,Yes,5.0,20.0,0,4.0,Medium,10/11/2024
1438,60,Female,Operations,OPS-06,Process Engineer,2,Bachelor's,6551,8957,38,311,30,9,3,3 - High,4,No,No,13.0,13.0,1,4.0,Very High,2021-11-24
1439,22,Male,Sales,SAL-03,Sales Director,3,Bachelor's,7517,9246,44,362,2,1,1,2 - Medium,2,No,No,17.0,30.0,0,2.0,High,2023-12-13
1440,33,Female,Engineering,ENG-02,Senior Engineer,2,Bachelor's,8283,10003,47,382,5,3,3,3 - High,4,No,No,9.0,25.0,3,4.0,High,2021-04-12
1441,44,Female,Engineering,ENG-02,Software Engineer,4,High School,10816,12564,61,491,14,2,2,3 - High,4,No,No,6.0,24.0,1,4.0,Very High,2022-11-06
1442,26,Female,Sales,SAL-03,Senior Sales Rep,2,Bachelor's,6777,8820,38,310,1,0,0,2 - Medium,4,No,No,2.0,39.0,2,1.0,Very High,2024-05-10
1443,30,Male,Finance,FIN-05,Finance Manager,5,High School,11692,13992,68,556,2,1,0,3 - High,3,No,Yes,22.0,41.0,0,4.0,High,2024-11-21
1444,40,Male,Engineering,ENG-02,DevOps Engineer,4,PhD,14479,19593,83,683,14,14,10,3 - High,3,No,No,9.0,31.0,0,4.0,Very High,2014-07-26
1445,31,Female,Finance,FIN-05,Auditor,2,Master's,7903,8966,46,375,8,0,0,4 - Very High,3,Yes,Yes,5.0,20.0,3,5.0,High,07/13/2024
1446,37,Female,Operations,OPS-06,Supply Chain Analyst,2,Master's,7124,8778,41,322,15,9,5,4 - Very High,4,No,No,10.0,28.0,0,4.0,High,10/16/2019
1447,40,Male,Engineering,ENG-02,Staff Engineer,5,Bachelor's,17220,21791,102,803,15,6,3,4 - Very High,4,No,No,13.0,25.0,0,4.0,Very High,03/20/2021
1448,38,Male,Operations,OPS-06,Operations Manager,2,Bachelor's,5151,7126,30,237,5,3,2,3 - High,2,Yes,Yes,13.0,8.0,3,5.0,Medium,2022-11-01
1449,26,Female,Engineering,ENG-02,ML Engineer,4,High School,10093,11875,57,453,1,0,0,4 - Very High,4,No,No,3.0,14.0,0,4.0,Very High,2024-08-05
1450,30,Male,Engineering,ENG-02,Staff Engineer,5,Bachelor's,16004,17807,91,738,1,1,1,3 - High,4,No,No,4.0,25.0,1,3.0,High,12/30/2023
1451,28,Male,Sales,SAL-03,Business Development Rep,1,Master's,5077,6205,29,233,1,0,0,3 - High,4,No,No,5.0,20.0,1,,Very High,06/20/2024
1452,22,Female,Engineering,ENG-02,Staff Engineer,4,Bachelor's,11298,12347,65,511,1,1,0,3 - High,3,No,No,25.0,19.0,0,3.0,Very High,08/14/2024
1453,45,Female,Sales,SAL-03,Sales Rep,3,Master's,8576,9567,49,396,16,11,3,3 - High,2,No,No,9.0,30.0,1,3.0,Medium,2021-11-11
1454,35,Female,Operations,OPS-06,Facilities Manager,4,Master's,8528,11354,48,388,4,2,1,4 - Very High,3,No,Yes,18.0,15.0,0,4.0,High,2023-06-20
1455,41,Male,Operations,OPS-06,Supply Chain Analyst,1,Bachelor's,4484,6351,27,218,4,3,1,3 - High,3,No,No,5.0,29.0,2,3.0,Very High,2023-09-18
1456,51,Male,Sales,SAL-03,Senior Sales Rep,2,Master's,6692,7557,38,298,27,16,3,3 - High,2,No,No,7.0,35.0,0,4.0,Very High,05/28/2021
1457,33,Male,Sales,SAL-03,Sales Manager,5,Master's,14755,19102,84,666,6,6,2,3 - High,3,No,No,20.0,25.0,3,2.0,High,2022-01-26
1458,35,Male,Sales,SAL-03,Sales Director,3,Bachelor's,8747,10501,49,398,0,0,0,3 - High,3,No,Yes,10.0,16.0,0,2.0,Medium,2025-01-04
1459,21,Female,Sales,SAL-03,Senior Sales Rep,4,Bachelor's,10445,14119,60,475,2,2,1,2 - Medium,2,No,No,2.0,21.0,1,2.0,Medium,2023-05-09
1460,40,Male,Marketing,MKT-04,SEO Specialist,1,Bachelor's,4364,5289,25,202,10,3,1,4 - Very High,3,No,No,9.0,21.0,0,4.0,Very High,2023-11-17
1461,47,Male,Marketing,MKT-04,Growth Analyst,4,Bachelor's,9468,10671,54,429,10,10,7,4 - Very High,3,No,No,11.0,31.0,0,,Very High,2017-03-18
1462,21,Non-Binary,Human Resources,HR-01,Recruiter,3,Master's,5737,7064,33,270,1,0,0,4 - Very High,4,Yes,No,10.0,34.0,1,4.0,Very High,02/20/2024
1463,29,Male,Sales,SAL-03,Sales Rep,1,Bachelor's,3891,4689,23,185,3,0,0,3 - High,2,No,Yes,4.0,24.0,2,3.0,High,2024-01-16
1464,33,Male,Sales,SAL-03,Senior Sales Rep,1,High School,5222,7258,30,241,3,0,0,1 - Low,1,No,No,19.0,31.0,1,1.0,Medium,2024-09-03
1465,25,Male,Marketing,MKT-04,SEO Specialist,1,Bachelor's,4698,5416,27,215,0,0,0,4 - Very High,3,No,No,5.0,25.0,3,4.0,High,2024-04-17
1466,24,Male,Operations,OPS-06,Supply Chain Analyst,1,Bachelor's,4690,5426,27,219,2,0,0,4 - Very High,3,No,No,6.0,31.0,2,4.0,Very High,04/10/2024
1467,22,Male,Engineering,ENG-02,Backend Developer,2,Bachelor's,7391,8739,42,331,4,2,2,2 - Medium,4,No,No,10.0,14.0,0,4.0,Very High,2022-10-24
1468,25,Female,Engineering,ENG-02,Staff Engineer,3,Master's,9524,11200,56,449,2,2,2,4 - Very High,3,No,No,3.0,28.0,0,3.0,Medium,2022-07-12
1469,57,Female,Marketing,MKT-04,Digital Marketing Lead,1,High School,5013,6370,28,229,6,2,0,4 - Very High,3,No,No,14.0,20.0,4,4.0,High,2024-10-21
1470,31,Female,Operations,OPS-06,Operations Manager,2,PhD,8100,10140,46,372,8,5,4,3 - High,2,No,No,7.0,33.0,0,4.0,Very High,2020-12-10
1471,24,Female,Human Resources,HR-01,HR Director,2,Bachelor's,5337,6381,32,260,1,0,0,4 - Very High,4,No,No,4.0,38.0,1,2.0,Very High,2024-09-20
1472,45,Female,Finance,FIN-05,Senior Accountant,2,Bachelor's,6140,6807,36,293,16,4,4,2 - Medium,2,No,Yes,9.0,27.0,0,3.0,Medium,2020-09-25
1473,25,Male,Marketing,MKT-04,Content Strategist,2,Master's,6057,7642,35,275,2,2,1,4 - Very High,3,No,Yes,13.0,15.0,0,5.0,Very High,2023-12-26
1474,39,Male,Operations,OPS-06,Facilities Manager,1,Master's,4216,5983,24,190,2,1,0,3 - High,2,No,No,6.0,11.0,2,2.0,Very High,2024-06-20
1475,36,Male,Finance,FIN-05,Financial Analyst,3,Bachelor's,7592,8568,43,342,2,1,0,3 - High,2,No,No,11.0,31.0,1,3.0,Medium,2024-11-17
1476,34,Male,Operations,OPS-06,Logistics Coordinator,3,Bachelor's,6473,7288,38,313,11,6,6,1 - Low,3,No,Yes,9.0,28.0,1,2.0,High,11/18/2018
1477,25,Female,Finance,FIN-05,Senior Accountant,1,High School,4774,6513,27,218,2,2,1,3 - High,3,No,Yes,15.0,13.0,0,2.0,High,2023-12-26
1478,35,Female,Sales,SAL-03,Sales Director,5,High School,11210,12644,64,523,3,1,0,4 - Very High,3,No,No,5.0,14.0,0,2.0,High,09/11/2024
1479,29,Male,Operations,OPS-06,Operations Analyst,4,Master's,9206,11459,55,444,2,2,1,3 - High,3,No,No,13.0,28.0,0,4.0,Very High,2023-01-05
1480,44,Non-Binary,Operations,OPS-06,Supply Chain Analyst,2,Bachelor's,5930,7560,35,276,28,15,4,4 - Very High,4,No,No,22.0,14.0,0,4.0,Very High,2020-07-23
1481,27,Female,Finance,FIN-05,Senior Accountant,3,Bachelor's,6714,8363,39,315,3,3,0,3 - High,2,No,Yes,5.0,9.0,4,4.0,Medium,03/04/2024
1482,41,Female,Marketing,MKT-04,SEO Specialist,1,Bachelor's,5142,6400,29,235,22,4,3,1 - Low,3,No,No,4.0,11.0,0,3.0,Very High,2021-07-25
1483,41,Male,Operations,OPS-06,Operations Analyst,2,Bachelor's,5216,7127,31,251,23,21,14,2 - Medium,2,No,No,4.0,18.0,2,1.0,High,11/25/2010
1484,44,Male,Finance,FIN-05,Auditor,2,Bachelor's,5994,8287,34,277,6,6,3,4 - Very High,2,No,No,15.0,27.0,0,3.0,Very High,2021-01-12
1485,26,Male,Engineering,ENG-02,ML Engineer,4,Bachelor's,12235,15180,69,551,3,1,0,3 - High,3,No,No,6.0,33.0,0,3.0,High,2024-02-24
1486,40,Female,Operations,OPS-06,Facilities Manager,2,Bachelor's,5823,6825,34,270,4,1,0,4 - Very High,3,No,No,1.0,20.0,4,4.0,Very High,03/07/2024
1487,32,Female,Operations,OPS-06,Operations Analyst,1,High School,3415,4164,20,157,0,0,0,2 - Medium,2,No,No,5.0,29.0,0,4.0,High,2025-04-03
1488,39,Female,Human Resources,HR-01,HR Manager,1,Master's,5673,7247,32,263,9,0,0,3 - High,2,No,No,18.0,24.0,0,2.0,High,2024-02-11
1489,26,Female,Engineering,ENG-02,QA Engineer,2,High School,6241,7251,37,301,0,0,0,2 - Medium,4,No,No,7.0,28.0,2,4.0,Very High,2024-09-04
1490,34,Female,Engineering,ENG-02,Engineering Manager,4,Bachelor's,14351,16831,81,646,11,7,4,4 - Very High,4,No,Yes,3.0,2.0,0,4.0,Very High,2020-05-06
1491,33,Male,Finance,FIN-05,Senior Accountant,1,High School,4713,5683,28,230,9,1,0,2 - Medium,2,No,Yes,25.0,30.0,0,3.0,Medium,2024-06-21
1492,25,Female,Engineering,ENG-02,QA Engineer,3,Bachelor's,7367,8807,42,334,3,0,0,3 - High,3,No,No,4.0,22.0,0,3.0,Medium,2024-10-13
1493,43,Male,Finance,FIN-05,Tax Specialist,1,Master's,5543,6290,32,260,1,1,1,2 - Medium,2,No,Yes,16.0,25.0,1,4.0,Medium,2023-11-10
1494,29,Male,Finance,FIN-05,Tax Specialist,1,Bachelor's,4187,5676,24,197,1,0,0,4 - Very High,3,No,Yes,3.0,0.0,0,3.0,Low,2024-11-25
1495,21,Male,Sales,SAL-03,Senior Sales Rep,2,High School,5469,6616,32,253,9,4,2,2 - Medium,3,No,Yes,2.0,15.0,0,3.0,Low,2022-05-03
1496,34,Male,Operations,OPS-06,Operations Analyst,1,PhD,5374,6393,30,241,7,4,1,3 - High,4,No,Yes,11.0,24.0,0,4.0,High,2023-05-13
1497,21,Male,Finance,FIN-05,Financial Analyst,4,Bachelor's,9127,10721,54,431,0,0,0,4 - Very High,4,No,No,9.0,8.0,0,3.0,High,2024-12-29
1498,24,Male,Operations,OPS-06,Operations Analyst,1,Bachelor's,4426,5065,25,201,5,2,0,3 - High,4,No,No,,25.0,0,4.0,Very High,2024-11-11
1499,35,Male,Sales,SAL-03,Business Development Rep,1,Bachelor's,4396,5439,26,210,8,8,2,4 - Very High,2,No,No,12.0,41.0,0,3.0,Very High,2022-01-21
1500,44,Male,Marketing,MKT-04,Digital Marketing Lead,3,Master's,8053,10403,47,387,16,4,3,3 - High,4,No,No,4.0,23.0,1,3.0,High,02/18/2021
1501,38,Male,Human Resources,HR-01,HR Manager,1,Master's,5941,6970,34,273,7,2,0,3 - High,3,No,Yes,17.0,0.0,1,4.0,Very High,2024-11-18
1502,25,Male,Finance,FIN-05,Tax Specialist,1,PhD,5062,6047,29,230,2,1,0,3 - High,3,No,No,4.0,33.0,2,2.0,Very High,2024-06-17
1503,43,Female,Sales,SAL-03,Business Development Rep,1,Bachelor's,4260,4902,24,191,7,6,6,3 - High,4,No,Yes,6.0,31.0,1,5.0,Medium,04/21/2018
1504,34,Male,Engineering,ENG-02,Staff Engineer,2,Bachelor's,7662,9375,45,365,1,1,0,3 - High,2,No,No,8.0,36.0,1,3.0,High,10/11/2024
1505,27,Male,Sales,SAL-03,Sales Manager,2,PhD,7882,10534,45,370,0,0,0,2 - Medium,3,No,Yes,25.0,32.0,3,3.0,High,2025-03-05
1506,31,Male,Engineering,ENG-02,Staff Engineer,3,PhD,10680,13621,61,481,4,3,0,3 - High,3,Yes,Yes,42.0,27.0,2,,High,12/18/2024
1507,35,Female,Operations,OPS-06,Supply Chain Analyst,1,Master's,4757,6512,28,228,2,0,0,2 - Medium,2,No,Yes,12.0,13.0,0,4.0,Very High,2024-10-20
1508,29,Male,Marketing,MKT-04,Growth Analyst,1,Bachelor's,5132,6770,30,245,0,0,0,3 - High,3,No,No,6.0,17.0,1,2.0,Very High,2024-07-28
1509,27,Female,Finance,FIN-05,Senior Accountant,2,Bachelor's,6739,8077,39,310,7,0,0,3 - High,4,No,No,9.0,35.0,0,3.0,High,03/20/2024
1510,34,Female,Sales,SAL-03,Sales Rep,1,Master's,5322,6863,31,244,4,1,0,4 - Very High,3,No,Yes,14.0,30.0,2,4.0,High,2024-06-06
1511,37,Female,Engineering,ENG-02,Staff Engineer,2,High School,8055,9118,46,369,1,1,1,4 - Very High,4,No,No,6.0,29.0,4,4.0,Very High,2023-09-24
1512,25,Female,Sales,SAL-03,Account Executive,1,High School,4877,6568,28,221,3,1,1,4 - Very High,4,No,No,13.0,25.0,0,5.0,Very High,03/17/2023
1513,42,Female,Engineering,ENG-02,QA Engineer,4,High School,10527,12360,61,479,17,8,0,3 - High,2,No,No,8.0,9.0,0,3.0,Very High,2024-08-11
1514,41,Female,Engineering,ENG-02,Frontend Developer,3,PhD,10317,13246,60,484,8,1,1,4 - Very High,4,No,No,4.0,16.0,2,3.0,High,2023-10-04
1515,28,Female,Engineering,ENG-02,DevOps Engineer,1,Bachelor's,5458,7578,32,251,1,1,1,2 - Medium,3,No,No,6.0,21.0,0,3.0,High,01/27/2024
1516,43,Male,Operations,OPS-06,Facilities Manager,4,Bachelor's,8362,10103,49,397,23,1,0,3 - High,2,No,Yes,6.0,31.0,0,3.0,Medium,2024-05-31
1517,25,Male,Finance,FIN-05,Senior Accountant,1,Bachelor's,5491,6928,31,250,0,0,0,3 - High,2,No,Yes,8.0,13.0,0,3.0,Medium,2025-03-06
1518,23,Female,Engineering,ENG-02,QA Engineer,3,Master's,9593,12565,55,449,3,0,0,3 - High,2,No,No,10.0,27.0,2,3.0,High,2024-10-19
1519,50,Female,Human Resources,HR-01,HR Director,2,Bachelor's,6999,9502,40,314,16,9,2,4 - Very High,3,No,No,12.0,,2,4.0,High,12/15/2022
1520,33,Male,Sales,SAL-03,Business Development Rep,3,Master's,8347,10138,48,389,6,6,4,4 - Very High,3,No,No,12.0,36.0,0,2.0,High,2020-07-03
1521,44,Female,Sales,SAL-03,Sales Manager,1,Bachelor's,6488,8130,37,301,13,2,1,4 - Very High,3,No,No,12.0,45.0,0,5.0,High,08/17/2023
1522,40,Male,Engineering,ENG-02,Data Engineer,1,Master's,7042,9276,40,323,10,5,5,2 - Medium,3,No,Yes,2.0,18.0,2,,high,2019-06-04
1523,36,Female,Sales,SAL-03,Business Development Rep,4,PhD,9820,11218,56,442,11,7,2,2 - Medium,3,No,No,3.0,29.0,0,2.0,High,2022-09-21
1524,32,Female,Human Resources,HR-01,HR Director,1,High School,4269,5102,25,200,8,8,2,3 - High,3,No,No,5.0,1.0,0,4.0,Very High,2022-02-05
1525,29,Male,Sales,SAL-03,Business Development Rep,3,Bachelor's,6134,8227,35,282,5,4,3,2 - Medium,3,No,Yes,9.0,18.0,0,,High,2021-02-03
1526,23,Female,Operations,OPS-06,Logistics Coordinator,2,Master's,5641,7493,32,263,5,3,2,1 - Low,3,No,Yes,6.0,35.0,3,2.0,Low,05/04/2022
1527,21,Female,Sales,SAL-03,Regional Sales Lead,5,Bachelor's,12244,14456,73,586,1,0,0,3 - High,3,No,Yes,4.0,36.0,0,,High,08/02/2024
1528,27,Male,Engineering,ENG-02,QA Engineer,3,Master's,8121,10831,47,379,0,0,0,2 - Medium,2,No,No,31.0,29.0,0,4.0,Very High,2024-08-09
1529,45,Female,Engineering,ENG-02,Frontend Developer,1,Bachelor's,5119,6423,30,236,6,3,0,2 - Medium,2,No,No,10.0,14.0,3,3.0,Very High,08/04/2024
1530,35,Male,Finance,FIN-05,Auditor,4,High School,10054,12181,57,463,4,3,3,4 - Very High,4,No,No,28.0,19.0,0,4.0,Very High,2021-12-23
1531,46,Male,Engineering,ENG-02,ML Engineer,5,Bachelor's,17199,18957,98,784,15,13,7,2 - Medium,2,No,Yes,7.0,36.0,2,4.0,Very High,2017-07-01
1532,57,Female,Sales,SAL-03,Account Executive,3,Bachelor's,9418,12029,53,432,29,15,11,3 - High,2,No,No,7.0,19.0,1,1.0,Medium,2013-04-18
1533,22,Female,Operations,OPS-06,Operations Manager,3,Bachelor's,8003,10526,45,367,4,0,0,3 - High,1,No,Yes,6.0,29.0,1,4.0,High,2024-05-25
1534,35,Female,Human Resources,HR-01,HR Manager,4,Bachelor's,7657,9457,45,365,6,3,2,4 - Very High,4,No,No,8.0,38.0,1,3.0,Very High,03/11/2022
1535,54,Male,Operations,OPS-06,Supply Chain Analyst,2,Bachelor's,6822,8328,39,307,24,11,2,2 - Medium,2,No,Yes,18.0,19.0,2,2.0,Medium,01/02/2023
1536,31,Female,Operations,OPS-06,Process Engineer,3,High School,5761,7536,32,261,1,0,0,2 - Medium,2,Yes,Yes,7.0,26.0,3,3.0,Medium,2024-08-23
1537,41,Female,Engineering,ENG-02,Data Engineer,4,High School,11030,12478,63,507,16,3,0,3 - High,4,No,Yes,5.0,34.0,0,2.0,High,2024-12-19
1538,30,Non-Binary,Engineering,ENG-02,Data Engineer,1,PhD,6843,9249,40,320,1,1,1,4 - Very High,4,No,No,9.0,19.0,0,4.0,Very High,11/12/2023
1539,36,Female,Operations,OPS-06,Operations Manager,1,Bachelor's,4573,5592,27,218,3,3,1,3 - High,3,Yes,Yes,27.0,30.0,1,,Medium,07/05/2023
1540,36,Female,Operations,OPS-06,Operations Manager,3,Bachelor's,8357,10658,48,394,9,9,3,4 - Very High,3,No,No,10.0,21.0,1,5.0,Very High,2021-06-22
1541,43,Non-Binary,Sales,SAL-03,Sales Rep,3,Bachelor's,7347,9270,43,339,13,8,7,3 - High,2,No,No,15.0,37.0,0,4.0,Very High,2017-04-18
1542,37,Female,Engineering,ENG-02,Backend Developer,2,High School,6379,7333,37,292,10,5,1,2 - Medium,3,No,No,7.0,29.0,1,1.0,Very High,03/30/2023
1543,27,Male,Sales,SAL-03,Business Development Rep,1,Master's,5102,6621,29,231,3,1,0,3 - High,4,No,No,37.0,21.0,0,3.0,Medium,2024-05-16
1544,41,Male,Sales,SAL-03,Business Development Rep,3,Master's,9214,12582,54,438,23,17,2,3 - High,4,No,No,13.0,27.0,1,3.0,Very High,2022-10-03
1545,32,Male,Engineering,ENG-02,DevOps Engineer,2,High School,5744,6701,33,270,0,0,0,4 - Very High,3,No,No,11.0,13.0,4,4.0,High,2024-12-31
1546,39,Male,Operations,OPS-06,Process Engineer,1,Bachelor's,5287,5872,31,244,12,7,1,2 - Medium,3,No,No,2.0,29.0,0,1.0,High,03/23/2023
1547,39,Male,Sales,SAL-03,Account Executive,1,Bachelor's,6059,6881,34,272,13,13,10,4 - Very High,3,No,No,16.0,32.0,1,5.0,Very High,03/14/2014
1548,43,Female,Engineering,ENG-02,Software Engineer,2,Master's,7228,8472,42,344,1,0,0,4 - Very High,3,No,No,13.0,21.0,0,4.0,Very High,2024-02-01
1549,27,Female,Finance,FIN-05,Tax Specialist,2,Master's,6626,7606,38,304,6,0,0,4 - Very High,4,No,No,14.0,27.0,1,2.0,High,08/28/2024
1550,38,Male,Engineering,ENG-02,QA Engineer,1,Bachelor's,5863,7781,34,278,3,2,1,3 - High,2,No,Yes,3.0,17.0,2,3.0,Medium,2023-10-01
1551,43,Male,Operations,OPS-06,Operations Manager,2,Master's,5602,7536,31,247,5,1,0,3 - High,3,No,Yes,3.0,27.0,2,3.0,Low,10/18/2024
1552,41,Female,Marketing,MKT-04,Brand Manager,1,Bachelor's,4591,5324,27,214,6,4,2,4 - Very High,4,No,No,11.0,,0,4.0,Very High,02/18/2022
1553,42,Non-Binary,Finance,FIN-05,Auditor,4,High School,8577,9690,50,401,2,2,0,3 - High,3,No,No,13.0,35.0,0,3.0,Very High,01/23/2024
1554,36,Male,Sales,SAL-03,Business Development Rep,4,Bachelor's,7754,9690,45,364,4,0,0,3 - High,3,No,No,4.0,29.0,0,3.0,Very High,09/10/2024
1555,27,Female,Sales,SAL-03,Senior Sales Rep,4,Bachelor's,8543,10865,48,387,0,0,0,2 - Medium,3,Yes,Yes,16.0,21.0,1,4.0,High,10/29/2024
1556,31,Male,Finance,FIN-05,Controller,1,Master's,5179,6989,30,240,0,0,0,4 - Very High,3,No,No,4.0,14.0,0,3.0,High,2024-10-06
1557,41,Male,Marketing,MKT-04,SEO Specialist,3,Bachelor's,5751,7707,33,270,3,0,0,4 - Very High,4,No,No,7.0,29.0,3,4.0,Very High,2024-06-14
1558,22,Male,Sales,SAL-03,Sales Director,5,Bachelor's,13770,16503,78,630,0,0,0,3 - High,3,No,No,3.0,24.0,0,5.0,Very High,11/29/2024
1559,28,Male,Operations,OPS-06,Logistics Coordinator,2,Bachelor's,5434,6220,32,253,9,1,0,4 - Very High,2,No,No,28.0,39.0,0,2.0,High,2024-09-05
1560,34,Male,Finance,FIN-05,Senior Accountant,1,PhD,6762,9211,38,302,5,4,4,3 - High,3,No,No,21.0,16.0,2,3.0,Medium,08/08/2020
1561,38,Male,Engineering,ENG-02,Engineering Manager,2,Master's,8223,11260,48,393,10,9,1,3 - High,3,No,Yes,8.0,29.0,1,5.0,High,2023-07-27
1562,41,Male,Operations,OPS-06,Facilities Manager,4,High School,8822,11370,51,415,5,3,0,4 - Very High,3,No,Yes,17.0,16.0,1,4.0,High,2024-06-10
1563,32,Female,Sales,SAL-03,Business Development Rep,3,Bachelor's,5994,6887,35,281,1,0,0,2 - Medium,2,No,no,8.0,11.0,0,3.0,Very High,08/06/2024
1564,37,Male,Human Resources,HR-01,HR Director,2,Bachelor's,7356,8955,42,335,12,3,1,2 - Medium,3,No,No,6.0,34.0,1,3.0,Medium,2023-06-20
1565,36,Male,Human Resources,HR-01,Recruiter,2,Bachelor's,5628,7630,33,261,1,1,0,1 - Low,4,No,Yes,2.0,,3,2.0,Medium,11/29/2024
1566,35,Male,Sales,SAL-03,Account Executive,1,Bachelor's,5821,6740,34,274,9,7,3,4 - Very High,4,No,No,38.0,11.0,2,,High,06/13/2021
1567,39,Male,Finance,FIN-05,Controller,1,High School,5467,7475,31,251,3,3,3,3 - High,4,No,No,14.0,13.0,1,3.0,Very High,2022-02-13
1568,29,Male,Sales,SAL-03,Regional Sales Lead,3,Bachelor's,8783,10589,50,403,2,2,1,3 - High,1,No,Yes,5.0,24.0,4,3.0,High,01/18/2023
1569,42,Non-Binary,Sales,SAL-03,Account Executive,1,High School,5748,7831,34,273,8,3,2,3 - High,3,No,No,12.0,15.0,1,4.0,Very High,2022-08-04
1570,25,Male,Engineering,ENG-02,DevOps Engineer,1,Master's,5702,6977,33,264,0,0,0,3 - High,3,No,Yes,5.0,10.0,0,3.0,Medium,2024-12-12
1571,27,Non-Binary,Operations,OPS-06,Process Engineer,2,Bachelor's,5510,7326,31,244,4,3,3,3 - High,3,No,No,8.0,30.0,2,,High,06/24/2021
1572,28,Male,Finance,FIN-05,Finance Manager,2,High School,5656,7077,33,259,4,3,1,3 - High,1,No,No,18.0,37.0,0,4.0,High,2023-07-03
1573,43,Male,Sales,SAL-03,Business Development Rep,2,Bachelor's,6582,8595,38,301,17,0,0,3 - High,4,Yes,No,3.0,26.0,2,4.0,Very High,10/28/2024
1574,41,Male,Sales,SAL-03,Sales Manager,3,High School,7930,9801,45,369,11,6,5,4 - Very High,3,No,Yes,3.0,25.0,0,3.0,Low,2019-10-29
1575,30,Male,Human Resources,HR-01,HR Analyst,1,High School,3323,4102,19,152,2,0,0,3 - High,3,No,No,8.0,26.0,0,4.0,Very High,2024-11-20
1576,41,Male,Sales,SAL-03,Sales Manager,1,High School,4509,5802,26,204,6,6,0,3 - High,4,No,No,9.0,29.0,3,,High,2024-02-01
1577,31,Female,Finance,FIN-05,Tax Specialist,3,High School,6811,9168,38,312,3,1,1,3 - High,4,No,No,16.0,22.0,2,4.0,High,2023-10-20
1578,27,Female,Engineering,ENG-02,Staff Engineer,2,Bachelor's,8465,10425,49,389,2,2,0,2 - Medium,3,No,No,12.0,29.0,2,3.0,High,2024-01-28
1579,32,Female,Human Resources,HR-01,HR Analyst,1,High School,4024,5457,24,197,14,6,2,2 - Medium,4,No,No,6.0,18.0,0,2.0,High,09/15/2022
1580,30,Male,Marketing,MKT-04,Content Strategist,2,High School,5628,7593,33,265,3,1,1,1 - Low,3,No,Yes,26.0,14.0,1,3.0,High,2023-10-27
1581,26,Female,Marketing,MKT-04,SEO Specialist,2,Master's,6622,8575,37,295,1,0,0,3 - High,4,No,Yes,4.0,29.0,0,4.0,Medium,07/21/2024
1582,23,Female,Human Resources,HR-01,HR Director,5,Bachelor's,11563,15517,68,538,4,2,2,4 - Very High,4,No,No,3.0,37.0,0,1.0,Medium,09/10/2022
1583,32,Non-Binary,Engineering,ENG-02,Frontend Developer,1,PhD,7087,8560,42,337,11,6,4,4 - Very High,2,No,No,11.0,19.0,1,5.0,High,2020-09-08
1584,32,Male,Finance,FIN-05,Controller,5,High School,11638,15039,68,536,0,0,0,4 - Very High,4,No,No,3.0,28.0,2,3.0,High,2024-12-11
1585,50,Male,Finance,FIN-05,Financial Analyst,2,Bachelor's,6847,7967,41,322,22,12,0,2 - Medium,3,No,No,6.0,37.0,0,,High,2024-05-10
1586,23,Male,Engineering,ENG-02,QA Engineer,3,Bachelor's,6749,8522,39,314,3,1,0,4 - Very High,3,No,No,7.0,33.0,0,3.0,Very High,04/16/2024
1587,38,Male,Operations,OPS-06,Facilities Manager,1,High School,4657,6270,27,213,4,0,0,4 - Very High,3,No,Yes,6.0,13.0,3,3.0,Medium,01/15/2024
1588,33,Male,Engineering,ENG-02,Data Engineer,1,Bachelor's,6795,8078,39,321,9,9,7,4 - Very High,4,No,No,20.0,23.0,0,4.0,Very High,2017-11-15
1589,21,Male,Engineering,ENG-02,ML Engineer,4,Master's,11975,16188,70,566,1,0,0,4 - Very High,2,No,Yes,10.0,19.0,0,4.0,Very High,12/15/2024
1590,43,Female,Engineering,ENG-02,Senior Engineer,3,Bachelor's,10006,11454,58,476,9,9,3,4 - Very High,3,No,No,6.0,27.0,2,3.0,Medium,06/18/2021
1591,40,Female,Sales,SAL-03,Account Executive,2,Master's,7681,8562,44,360,8,7,1,3 - High,2,No,No,10.0,14.0,0,2.0,High,2023-02-19
1592,35,Male,Marketing,MKT-04,Digital Marketing Lead,5,PhD,13449,15450,76,611,9,9,7,4 - Very High,3,No,No,3.0,35.0,1,4.0,Very High,2017-12-17
1593,38,Female,Marketing,MKT-04,Growth Analyst,1,Master's,6462,8474,37,299,16,14,4,3 - High,4,No,No,9.0,34.0,0,3.0,Very High,01/18/2020
1594,51,Male,Engineering,ENG-02,Engineering Manager,3,Bachelor's,10456,12482,59,479,21,19,4,3 - High,4,No,No,1.0,10.0,0,4.0,Very High,2020-06-17
1595,37,Male,Engineering,ENG-02,Senior Engineer,3,Bachelor's,8825,11817,51,419,2,1,0,2 - Medium,3,No,No,9.0,21.0,0,2.0,Very High,08/06/2024
1596,34,Male,Human Resources,HR-01,HR Coordinator,2,High School,4260,5756,25,201,0,0,0,2 - Medium,2,No,No,8.0,26.0,2,5.0,Very High,2024-11-18
1597,52,Male,Sales,SAL-03,Account Executive,3,PhD,10418,13515,60,483,23,10,9,3 - High,4,No,Yes,50.0,23.0,1,4.0,Medium,11/11/2015
1598,28,Male,Finance,FIN-05,Tax Specialist,2,PhD,6057,6951,35,278,0,0,0,4 - Very High,3,No,No,2.0,16.0,1,4.0,High,2025-01-13
1599,44,Male,Engineering,ENG-02,ML Engineer,3,Bachelor's,9397,10977,54,439,4,1,1,4 - Very High,1,No,No,8.0,26.0,4,5.0,Very High,09/26/2023
1600,21,Female,Engineering,ENG-02,Engineering Manager,3,Bachelor's,9665,11696,55,440,0,0,0,4 - Very High,4,No,No,4.0,32.0,1,5.0,Very High,08/29/2024
1601,33,Male,Operations,OPS-06,Operations Analyst,3,High School,5375,7569,31,248,2,0,0,3 - High,3,No,No,8.0,34.0,1,4.0,Very High,2024-02-13
1602,40,Male,Engineering,ENG-02,Backend Developer,1,Bachelor's,4843,5472,28,228,3,0,0,2 - Medium,4,No,No,8.0,19.0,2,2.0,Very High,05/11/2024
1603,31,Female,Marketing,MKT-04,Digital Marketing Lead,1,Bachelor's,5747,7760,34,277,2,0,0,2 - Medium,1,No,No,11.0,15.0,1,2.0,High,07/23/2024
1604,28,Male,Operations,OPS-06,Facilities Manager,2,Master's,6676,9084,39,309,4,3,3,4 - Very High,3,No,No,6.0,40.0,3,4.0,High,
1605,32,Female,Sales,SAL-03,Senior Sales Rep,2,Master's,7540,10145,44,355,9,1,1,3 - High,3,No,No ,11.0,19.0,0,2.0,High,2023-06-07
1606,30,Female,Engineering,ENG-02,Backend Developer,3,Master's,9787,12970,57,461,3,1,1,2 - Medium,4,No,No,9.0,31.0,0,3.0,High,07/29/2023
1607,30,Female,Operations,OPS-06,Operations Analyst,1,Master's,4360,5623,25,204,1,0,0,4 - Very High,4,No,No,3.0,11.0,1,4.0,High,01/01/2025
1608,33,Male,Marketing,MKT-04,Brand Manager,2,Bachelor's,5857,6785,33,262,3,2,1,1 - Low,2,No,Yes,15.0,16.0,1,,Medium,2023-12-20
1609,41,Male,Operations,OPS-06,Process Engineer,3,Bachelor's,7125,9148,42,331,15,4,4,3 - High,3,No,No,6.0,20.0,0,3.0,High,2020-12-04
1610,36,Male,Operations,OPS-06,Logistics Coordinator,1,Master's,4166,5576,24,197,11,11,1,3 - High,4,No,No,10.0,26.0,1,4.0,Very High,2023-02-09
1611,21,Female,Engineering,ENG-02,Software Engineer,3,Bachelor's,7716,9277,45,367,3,3,1,3 - High,3,No,No,8.0,32.0,0,3.0,High,2023-01-18
1612,32,Male,Operations,OPS-06,Facilities Manager,3,High School,6141,7403,36,296,6,6,4,3 - High,3,No,Yes,7.0,28.0,3,5.0,Very High,12/06/2020
1613,31,Female,Engineering,ENG-02,QA Engineer,2,High School,6529,8171,37,297,3,0,0,4 - Very High,4,No,No,9.0,21.0,0,,Very High,2024-11-09
1614,27,Female,Marketing,MKT-04,Content Strategist,4,Bachelor's,8622,9831,50,405,4,3,3,3 - High,2,No,No,7.0,,0,4.0,Very High,2021-02-15
1615,52,Female,Operations,OPS-06,Supply Chain Analyst,1,High School,5284,6082,30,246,16,11,10,4 - Very High,2,No,No,12.0,25.0,0,2.0,High,2014-04-12
1616,21,Male,Engineering,ENG-02,ML Engineer,2,Bachelor's,8906,10745,52,410,2,2,0,4 - Very High,4,No,No,25.0,35.0,2,4.0,Very High,2024-07-18
1617,41,Male,Sales,SAL-03,Senior Sales Rep,2,Bachelor's,6716,8268,40,318,8,2,2,4 - Very High,4,No,No,3.0,32.0,3,3.0,Medium,06/20/2022
1618,43,Male,Engineering,ENG-02,QA Engineer,2,Bachelor's,7795,8841,45,371,18,18,7,3 - High,3,No,No,7.0,20.0,1,4.0,High,2017-11-13
1619,44,Male,Engineering,ENG-02,QA Engineer,1,Bachelor's,5938,7265,35,278,18,9,7,3 - High,4,No,No,6.0,40.0,4,4.0,Very High,2017-01-16
1620,30,Female,Engineering,ENG-02,ML Engineer,2,Bachelor's,8561,11514,48,387,6,1,1,4 - Very High,2,No,No,3.0,41.0,0,4.0,Very High,2023-04-16
1621,39,Female,Operations,OPS-06,Logistics Coordinator,1,Bachelor's,5052,6580,28,225,14,2,1,3 - High,3,No,No,8.0,21.0,0,3.0,High,2023-02-03
1622,21,Female,Engineering,ENG-02,Senior Engineer,2,High School,7770,9423,45,365,2,0,0,3 - High,4,No,No,5.0,13.0,0,,Very High,04/04/2024
1623,44,Male,Operations,OPS-06,Supply Chain Analyst,4,Bachelor's,8587,11568,49,404,12,1,1,4 - Very High,4,No,Yes,10.0,29.0,1,3.0,High,2023-08-04
1624,36,Male,Engineering,ENG-02,QA Engineer,1,High School,4459,5805,26,211,2,0,0,3 - High,2,Yes,Yes,17.0,35.0,2,1.0,Medium,2024-02-25
1625,27,Male,Operations,OPS-06,Logistics Coordinator,2,Master's,4886,5712,28,229,3,2,1,4 - Very High,2,No,No,7.0,46.0,0,3.0,High,06/18/2023
1626,36,Female,Sales,SAL-03,Regional Sales Lead,3,Bachelor's,8692,9957,49,394,4,3,2,2 - Medium,4,No,No,6.0,10.0,1,2.0,Very High,2022-06-02
1627,46,Female,Marketing,MKT-04,Marketing Analyst,1,High School,4297,5707,25,196,11,0,0,3 - High,3,Yes,No,4.0,24.0,3,2.0,High,01/17/2024
1628,30,Female,Sales,SAL-03,Regional Sales Lead,5,Master's,12587,16978,71,559,7,6,2,4 - Very High,4,Yes,Yes,20.0,34.0,0,4.0,Medium,11/06/2022
1629,21,Male,Engineering,ENG-02,Backend Developer,1,High School,5554,6354,32,253,2,2,0,4 - Very High,4,No,No,10.0,27.0,0,3.0,Very High,2024-08-28
1630,49,Male,Finance,FIN-05,Senior Accountant,1,Master's,6110,7918,36,296,24,6,1,2 - Medium,1,No,Yes,4.0,27.0,0,2.0,High,11/09/2023
1631,39,Female,Marketing,MKT-04,Digital Marketing Lead,1,Bachelor's,4357,5365,24,196,1,0,0,3 - High,2,No,Yes,10.0,,1,4.0,very high,2024-06-01
1632,34,Male,Engineering,ENG-02,Senior Engineer,2,Master's,7828,9491,44,357,7,7,6,3 - High,2,No,No,2.0,17.0,0,2.0,High,2018-05-31
1633,41,Female,Operations,OPS-06,Process Engineer,4,Bachelor's,10482,13436,59,473,12,11,1,3 - High,4,No,No,7.0,20.0,0,4.0,Very High,2023-11-11
1634,21,Female,Marketing,MKT-04,Digital Marketing Lead,1,High School,4707,5833,27,213,2,1,1,3 - High,3,No,No,5.0,6.0,3,,High,2023-12-12
1635,44,Male,Finance,FIN-05,Financial Analyst,1,High School,4891,6634,29,239,16,4,4,4 - Very High,4,No,No,8.0,28.0,0,,High,05/20/2020
1636,34,Male,Engineering,ENG-02,Backend Developer,1,Bachelor's,6411,7507,37,299,3,3,3,4 - Very High,2,No,No,24.0,20.0,0,3.0,High,08/17/2021
1637,32,Female,Marketing,MKT-04,Growth Analyst,2,Bachelor's,5901,8125,33,272,10,2,0,4 - Very High,4,No,No,4.0,36.0,0,4.0,Very High,06/13/2024
1638,34,Female,Sales,SAL-03,Sales Manager,1,Master's,5558,7559,32,260,4,3,2,3 - High,1,No,No,35.0,14.0,2,3.0,Low,2022-03-03
1639,33,Male,Sales,SAL-03,Sales Rep,1,Master's,4186,5680,24,197,1,1,0,2 - Medium,4,Yes,No,14.0,13.0,0,2.0,Medium,08/03/2024
1640,34,Male,Sales,SAL-03,Sales Rep,2,High School,4871,6173,28,230,9,5,3,2 - Medium,2,No,No,,27.0,0,3.0,Medium,2021-05-12
1641,33,Female,Sales,SAL-03,Sales Manager,2,Master's,7346,8392,42,339,8,8,0,4 - Very High,4,No,No,4.0,18.0,0,5.0,Very High,08/07/2024
1642,23,Male,Engineering,ENG-02,Data Engineer,1,Master's,6016,7009,34,270,1,0,0,2 - Medium,1,Yes,No,7.0,42.0,1,1.0,High,11/29/2024
1643,30,Non-Binary,Finance,FIN-05,Finance Manager,2,PhD,8070,9183,46,362,1,0,0,2 - Medium,3,No,Yes,2.0,18.0,0,2.0,Low,04/10/2024
1644,39,Female,Engineering,ENG-02,Staff Engineer,5,Bachelor's,17459,22266,99,798,5,5,4,2 - Medium,2,Yes,No,19.0,30.0,0,3.0,Very High,2020-04-25
1645,39,Male,Finance,FIN-05,Tax Specialist,3,Bachelor's,8129,10776,48,382,2,2,1,4 - Very High,2,No,No,2.0,22.0,3,,Medium,06/29/2023
1646,40,Male,Finance,FIN-05,Auditor,2,High School,6861,8535,40,316,17,8,1,3 - High,2,No,No,15.0,22.0,0,2.0,Very High,2023-03-21
1647,38,Male,Sales,SAL-03,Account Executive,1,Bachelor's,6162,7197,36,295,14,14,8,2 - Medium,2,No,Yes,12.0,20.0,0,3.0,High,04/16/2016
1648,24,Female,Engineering,ENG-02,Backend Developer,1,PhD,5832,6913,34,276,0,0,0,3 - High,4,No,Yes,6.0,26.0,0,3.0,Medium,07/22/2024
1649,33,Female,Sales,SAL-03,Sales Manager,1,Bachelor's,5123,7114,30,236,8,3,3,4 - Very High,3,No,No,7.0,20.0,2,3.0,Very High,2021-11-11
1650,28,Female,Sales,SAL-03,Senior Sales Rep,3,High School,7812,10048,45,368,3,2,1,4 - Very High,2,No,No,9.0,27.0,0,4.0,very high,2023-04-17
1651,31,Female,Operations,OPS-06,Logistics Coordinator,2,Bachelor's,4707,5866,27,222,0,0,0,3 - High,3,Yes,No,12.0,40.0,0,1.0,High,06/29/2024
1652,26,Male,Engineering,ENG-02,Frontend Developer,2,High School,5909,7599,34,279,7,6,3,3 - High,2,Yes,No,20.0,30.0,0,,High,2021-09-05
1653,21,Female,Engineering,ENG-02,Frontend Developer,1,High School,5634,7450,33,260,3,1,1,2 - Medium,4,No,Yes,6.0,41.0,0,1.0,Medium,2023-08-11
1654,25,Female,Operations,OPS-06,Operations Manager,2,Master's,6286,8603,35,278,1,0,0,1 - Low,4,No,Yes,7.0,9.0,1,5.0,High,2024-11-09
1655,25,Female,Operations,OPS-06,Process Engineer,1,Bachelor's,3983,4738,23,186,0,0,0,3 - High,3,No,No,3.0,29.0,0,4.0,Very High,05/07/2024
1656,42,Male,Engineering,ENG-02,DevOps Engineer,3,High School,8571,9505,50,400,12,10,3,3 - High,3,No,No,9.0,15.0,0,,Medium,2021-05-23
1657,42,Male,Marketing,MKT-04,Brand Manager,2,Master's,7156,8856,42,334,14,3,2,2 - Medium,3,Yes,Yes,4.0,38.0,1,3.0,Medium,06/10/2022
1658,34,Female,Engineering,ENG-02,Senior Engineer,4,Bachelor's,10217,12022,59,477,7,7,2,4 - Very High,3,No,No,13.0,26.0,0,5.0,Very High,2022-03-08
1659,42,Non-Binary,Operations,OPS-06,Operations Analyst,2,Master's,5855,7166,34,267,15,12,6,2 - Medium,4,No,No,6.0,28.0,0,3.0,Medium,2018-05-02
1660,40,Male,Finance,FIN-05,Financial Analyst,3,High School,7031,8424,40,325,7,2,2,3 - High,2,No,No,2.0,36.0,0,3.0,High,2022-09-06
1661,27,Male,Engineering,ENG-02,Frontend Developer,1,Master's,7688,9528,45,355,16,0,0,4 - Very High,2,No,No,21.0,26.0,2,4.0,Very High,2024-04-27
1662,30,Male,Sales,SAL-03,Business Development Rep,1,Bachelor's,5236,7136,30,241,6,0,0,4 - Very High,3,No,Yes,6.0,31.0,0,3.0,Medium,2024-04-26
1663,34,Male,Operations,OPS-06,Operations Manager,4,High School,8657,10987,51,408,8,2,2,2 - Medium,4,No,No,8.0,24.0,0,3.0,High,2022-04-02
1664,28,Male,Engineering,ENG-02,DevOps Engineer,1,PhD,7070,8304,40,324,4,2,1,2 - Medium,2,No,No,8.0,36.0,1,3.0,Very High,2023-04-07
1665,45,Male,Operations,OPS-06,Supply Chain Analyst,1,Bachelor's,5877,7876,34,280,21,13,0,3 - High,3,No,No,4.0,28.0,0,2.0,Very High,2024-10-17
1666,56,Male,Sales,SAL-03,Sales Rep,3,Bachelor's,6604,7637,37,302,19,18,2,2 - Medium,3,No,No,7.0,16.0,0,,Very High,2022-10-12
1667,26,Male,Engineering,ENG-02,Engineering Manager,4,Master's,12527,14559,73,575,1,0,0,4 - Very High,3,No,Yes,6.0,42.0,0,3.0,High,2024-03-12
1668,35,Male,Operations,OPS-06,Supply Chain Analyst,1,Bachelor's,4515,5330,27,216,2,2,2,1 - Low,3,Yes,Yes,8.0,34.0,2,3.0,High,2022-12-11
1669,30,Female,Operations,OPS-06,Facilities Manager,2,Bachelor's,4896,6432,29,232,2,0,0,3 - High,4,No,Yes,5.0,38.0,0,3.0,High,2024-02-14
1670,23,Male,Marketing,MKT-04,Growth Analyst,3,Bachelor's,6146,6888,34,269,0,0,0,3 - High,2,No,No,5.0,15.0,3,,Very High,2025-03-08
1671,28,Male,Operations,OPS-06,Supply Chain Analyst,2,Bachelor's,5167,7100,29,228,3,0,0,3 - High,3,No,No,4.0,39.0,1,4.0,Very High,2024-03-19
1672,50,Male,Engineering,ENG-02,Frontend Developer,3,Bachelor's,8133,10903,46,363,28,26,21,3 - High,2,Yes,Yes,12.0,33.0,1,3.0,Medium,2003-11-25
1673,40,Male,Operations,OPS-06,Facilities Manager,5,Master's,10114,12317,57,459,9,0,0,4 - Very High,3,No,No,6.0,16.0,0,2.0,High,07/25/2024
1674,32,Female,Finance,FIN-05,Tax Specialist,1,Master's,4863,6194,27,220,1,0,0,4 - Very High,4,No,No,9.0,31.0,0,5.0,High,2024-06-01
1675,28,Female,Finance,FIN-05,Auditor,2,Master's,5649,6956,32,262,0,0,0,1 - Low,3,Yes,Yes,4.0,22.0,0,2.0,High,11/11/2024
1676,33,Male,Engineering,ENG-02,Senior Engineer,2,PhD,8474,9398,48,384,5,5,2,3 - High,3,No,No,9.0,21.0,2,4.0,High,06/13/2022
1677,26,Female,Engineering,ENG-02,Engineering Manager,2,Bachelor's,8053,10412,47,376,3,3,2,4 - Very High,4,No,No,4.0,35.0,0,3.0,Very High,10/21/2022
1678,52,Female,Sales,SAL-03,Regional Sales Lead,2,Master's,6832,7633,39,317,19,18,18,3 - High,4,No,No,2.0,25.0,0,1.0,Very High,08/19/2006
1679,43,Female,Engineering,ENG-02,Engineering Manager,2,Bachelor's,9584,13016,55,448,15,6,6,2 - Medium,2,No,No,5.0,17.0,2,2.0,Very High,2018-06-06
1680,34,Male,Operations,OPS-06,Operations Analyst,3,Master's,8085,10443,48,395,10,0,0,2 - Medium,3,No,Yes,5.0,29.0,1,3.0,High,02/10/2024
1681,39,Male,Sales,SAL-03,Sales Rep,2,Bachelor's,6682,8019,39,312,7,0,0,3 - High,4,No,No,4.0,34.0,2,3.0,Medium,06/02/2024
1682,30,Male,Human Resources,HR-01,HR Director,3,High School,6284,7932,36,296,1,1,0,3 - High,3,No,no,9.0,18.0,1,3.0,Medium,2024-01-25
1683,39,Female,Sales,SAL-03,Sales Rep,4,Bachelor's,9048,11440,52,428,0,0,0,4 - Very High,3,No,No,11.0,36.0,4,4.0,Very High,07/15/2024
1684,59,Female,Marketing,MKT-04,Digital Marketing Lead,2,High School,7337,9336,41,325,30,28,16,3 - High,3,No,Yes,29.0,21.0,0,5.0,High,2008-12-07
1685,30,Male,Sales,SAL-03,Senior Sales Rep,1,Master's,4554,6482,27,215,0,0,0,3 - High,4,No,No,5.0,17.0,1,2.0,Very High,02/21/2025
1686,31,Male,Operations,OPS-06,Logistics Coordinator,4,High School,6985,8632,40,328,2,1,0,3 - High,4,No,No,14.0,29.0,2,3.0,High,2024-11-18
1687,43,Male,Finance,FIN-05,Finance Manager,3,Master's,8181,11253,48,384,5,4,2,4 - Very High,4,No,No,5.0,27.0,0,,Very High,09/01/2022
1688,25,Female,Operations,OPS-06,Facilities Manager,5,Master's,9141,10418,54,440,0,0,0,3 - High,3,No,No,8.0,24.0,0,1.0,High,2024-10-30
1689,22,Female,Operations,OPS-06,Process Engineer,1,Bachelor's,4794,6203,27,218,1,1,1,3 - High,3,No,Yes,4.0,24.0,0,,Low,2023-12-02
1690,56,Female,Engineering,ENG-02,Software Engineer,4,Master's,13630,15515,78,617,29,2,1,3 - High,3,No,No,9.0,36.0,2,3.0,Very High,10/22/2023
1691,39,Female,Sales,SAL-03,Business Development Rep,1,Bachelor's,4719,5777,27,213,14,6,5,3 - High,4,No,No,6.0,26.0,0,4.0,Very High,04/21/2019
1692,25,Male,Marketing,MKT-04,Digital Marketing Lead,3,Master's,8349,9467,49,385,3,2,2,4 - Very High,3,No,No,15.0,19.0,0,3.0,Very High,2022-03-18
1693,46,Female,Engineering,ENG-02,ML Engineer,2,Bachelor's,9258,10692,55,439,8,3,1,3 - High,3,No,No,5.0,29.0,3,4.0,Very High,2023-01-11
1694,22,Male,Marketing,MKT-04,Marketing Analyst,4,Bachelor's,8947,12272,51,416,2,2,0,3 - High,4,No,No,10.0,28.0,0,4.0,High,2024-12-30
1695,35,Female,Engineering,ENG-02,Staff Engineer,5,Bachelor's,15366,18913,90,730,11,8,0,3 - High,4,No,No,4.0,38.0,0,5.0,High,2024-05-30
1696,58,Female,Operations,OPS-06,Logistics Coordinator,1,Bachelor's,5203,7016,30,246,19,9,7,2 - Medium,3,No,No,7.0,32.0,2,,High,2017-03-01
1697,36,Male,Human Resources,HR-01,HR Coordinator,3,Bachelor's,4863,5708,28,223,0,0,0,4 - Very High,3,No,No,5.0,6.0,3,3.0,Very High,2025-01-26
1698,28,Female,Sales,SAL-03,Business Development Rep,3,Bachelor's,7295,9377,42,335,2,0,0,3 - High,2,Yes,Yes,9.0,41.0,0,3.0,Medium,09/17/2024
1699,25,Male,Human Resources,HR-01,HR Coordinator,2,Bachelor's,4777,5619,28,222,3,3,1,4 - Very High,3,No,No,9.0,20.0,1,4.0,High,04/27/2023
1700,37,Female,Sales,SAL-03,Business Development Rep,2,High School,5041,6840,30,242,8,5,4,4 - Very High,3,No,No,6.0,39.0,2,3.0,Medium,2020-04-16
1701,43,Male,Engineering,ENG-02,Backend Developer,4,High School,9288,12562,52,427,7,1,0,4 - Very High,3,No,No,12.0,27.0,2,2.0,High,2024-07-06
1702,30,Female,Operations,OPS-06,Operations Analyst,4,High School,7107,8891,42,337,2,2,0,2 - Medium,2,No,No,3.0,36.0,0,4.0,Very High,2024-12-18
1703,24,Male,Sales,SAL-03,Business Development Rep,1,High School,4084,5233,23,182,4,3,2,2 - Medium,1,No,Yes,16.0,11.0,1,4.0,High,2022-05-13
1704,33,Male,Sales,SAL-03,Sales Rep,1,Bachelor's,4179,5274,24,190,7,7,7,3 - High,3,No,No,7.0,37.0,1,4.0,Very High,2017-09-12
1705,35,Male,Sales,SAL-03,Regional Sales Lead,2,High School,5073,6750,30,246,0,0,0,2 - Medium,3,Yes,No,4.0,23.0,1,3.0,Very High,04/07/2024
1706,29,Female,Marketing,MKT-04,Marketing Analyst,2,Master's,6397,8897,37,293,1,0,0,4 - Very High,3,No,No,8.0,43.0,2,2.0,Very High,2024-01-04
1707,30,Female,Marketing,MKT-04,Brand Manager,3,Bachelor's,7325,8208,42,335,4,2,0,3 - High,4,No,No,11.0,52.0,2,4.0,Very High,07/26/2024
1708,43,Female,Operations,OPS-06,Process Engineer,3,Master's,7633,9553,44,354,19,19,19,4 - Very High,4,No,No,20.0,28.0,0,1.0,Very High,11/19/2005
1709,40,Male,Engineering,ENG-02,Frontend Developer,1,Bachelor's,6243,7224,36,296,5,1,0,4 - Very High,3,No,Yes,6.0,36.0,4,3.0,Medium,01/25/2024
1710,26,Male,Operations,OPS-06,Supply Chain Analyst,4,Master's,8675,11071,50,412,0,0,0,3 - High,1,Yes,No,9.0,21.0,2,2.0,Very High,2025-01-05
1711,38,Male,Finance,FIN-05,Senior Accountant,1,Bachelor's,4358,5081,26,205,1,1,0,3 - High,3,No,No,3.0,30.0,1,,High,10/17/2024
1712,44,Female,Operations,OPS-06,Operations Analyst,3,Master's,7264,8133,43,344,15,8,6,4 - Very High,4,No,No,12.0,23.0,1,5.0,High,2018-06-16
1713,31,Female,Engineering,ENG-02,Software Engineer,3,Bachelor's,7552,9592,43,341,4,0,0,4 - Very High,4,No,No,4.0,20.0,1,3.0,Very High,10/19/2024
1714,31,Male,Engineering,ENG-02,Engineering Manager,4,Master's,14546,17015,84,692,5,1,0,3 - High,4,No,No,3.0,13.0,1,4.0,High,2024-10-25
1715,36,Male,Human Resources,HR-01,Recruiter,4,Bachelor's,8205,11105,49,388,6,4,0,2 - Medium,3,No,No,4.0,29.0,0,2.0,High,2024-04-02
1716,31,Male,Marketing,MKT-04,Brand Manager,1,Master's,5101,6834,29,232,8,4,3,4 - Very High,4,No,No,16.0,34.0,1,2.0,Very High,06/19/2021
1717,60,Male,Marketing,MKT-04,Brand Manager,4,Bachelor's,11695,13134,67,531,30,23,6,4 - Very High,4,No,No,9.0,20.0,1,3.0,High,2018-09-19
1718,50,Male,Sales,SAL-03,Sales Director,2,Master's,9561,10888,54,439,18,15,11,2 - Medium,3,No,No,22.0,35.0,0,2.0,High,2013-02-15
1719,28,Male,Finance,FIN-05,Auditor,1,High School,5060,6976,29,227,0,0,0,2 - Medium,1,No,Yes,25.0,23.0,1,4.0,High,2025-01-09
1720,31,Female,Engineering,ENG-02,Senior Engineer,4,Master's,12706,14657,72,579,10,2,0,3 - High,2,No,No,15.0,15.0,0,4.0,Very High,2024-08-19
1721,41,Male,Operations,OPS-06,Logistics Coordinator,2,Master's,5178,6639,30,236,10,2,1,4 - Very High,4,No,No,12.0,19.0,1,2.0,Medium,2023-11-07
1722,51,Male,Human Resources,HR-01,HR Director,3,Bachelor's,8807,10137,50,405,19,9,0,4 - Very High,3,No,No,7.0,33.0,1,3.0,Very High,2024-09-07
1723,26,Female,Engineering,ENG-02,Senior Engineer,2,Master's,7494,9217,44,349,1,0,0,3 - High,4,No,No,12.0,43.0,1,4.0,Very High,02/15/2024
1724,53,Female,Operations,OPS-06,Process Engineer,3,Bachelor's,8671,10430,49,402,16,6,3,3 - High,4,No,No,1.0,20.0,3,3.0,Medium,2021-04-29
1725,37,Male,Engineering,ENG-02,ML Engineer,3,PhD,11976,16014,69,554,5,0,0,4 - Very High,4,No,Yes,3.0,22.0,0,4.0,Very High,2024-09-24
1726,36,Male,Engineering,ENG-02,Software Engineer,4,Bachelor's,9010,11713,51,418,4,0,0,4 - Very High,4,No,No,21.0,27.0,4,3.0,Very High,2024-04-19
1727,47,Male,Human Resources,HR-01,HR Director,3,PhD,8594,10983,49,392,25,1,0,3 - High,2,No,No,10.0,33.0,0,,High,2024-08-23
1728,39,Male,Operations,OPS-06,Operations Analyst,3,Bachelor's,8052,8785,45,354,13,11,10,2 - Medium,3,No,No,5.0,10.0,3,3.0,Very High,2014-02-12
1729,25,Male,Sales,SAL-03,Sales Manager,3,High School,7220,8849,41,335,0,0,0,3 - High,4,Yes,Yes,6.0,36.0,0,4.0,Medium,08/04/2024
1730,46,Female,Engineering,ENG-02,Software Engineer,4,Bachelor's,9505,12854,54,432,4,2,2,2 - Medium,3,No,Yes,9.0,24.0,2,4.0,High,2022-01-28
1731,48,Male,Sales,SAL-03,Business Development Rep,3,Master's,7303,9706,41,324,14,3,3,2 - Medium,3,No,Yes,4.0,21.0,0,2.0,Medium,2021-01-29
1732,23,Female,Engineering,ENG-02,DevOps Engineer,3,Bachelor's,8249,11336,48,391,9,3,2,3 - High,3,No,No ,7.0,23.0,0,5.0,Very High,2022-10-10
1733,29,Male,Operations,OPS-06,Operations Analyst,3,Bachelor's,7004,9623,40,318,0,0,0,4 - Very High,2,No,No,9.0,44.0,0,4.0,High,2025-04-05
1734,45,Female,Marketing,MKT-04,SEO Specialist,4,High School,7859,10384,46,365,10,4,2,3 - High,3,No,Yes,7.0,24.0,3,4.0,Very High,2022-12-16
1735,57,Male,Sales,SAL-03,Account Executive,3,Bachelor's,10030,13431,59,469,23,23,12,2 - Medium,2,No,No,8.0,24.0,0,3.0,High,10/10/2012
1736,49,Female,Human Resources,HR-01,Benefits Specialist,4,Master's,9344,10894,53,421,8,5,2,3 - High,3,No,No,13.0,19.0,4,1.0,Medium,01/17/2022
1737,60,Female,Operations,OPS-06,Supply Chain Analyst,1,Master's,5746,7759,33,272,23,21,16,3 - High,3,No,No,5.0,10.0,1,4.0,Very High,11/08/2008
1738,60,Male,Operations,OPS-06,Logistics Coordinator,2,Bachelor's,5796,7014,34,272,28,6,2,3 - High,4,No,No,11.0,23.0,2,4.0,High,08/13/2022
1739,37,Female,Marketing,MKT-04,Marketing Analyst,1,High School,4567,6192,26,213,5,5,5,2 - Medium,2,No,No,4.0,40.0,2,2.0,Medium,2019-05-09
1740,38,Female,Sales,SAL-03,Sales Manager,2,High School,6033,7306,34,271,20,0,0,3 - High,2,No,No,17.0,20.0,2,3.0,High,2024-04-14
1741,36,Male,Operations,OPS-06,Operations Manager,1,High School,4694,6024,27,213,9,9,9,4 - Very High,4,No,No,23.0,,1,2.0,Very High,2015-03-07
1742,31,Female,Sales,SAL-03,Regional Sales Lead,3,Bachelor's,7740,10634,45,366,7,5,5,3 - High,3,No,No,9.0,41.0,0,3.0,High,2019-04-25
1743,33,Male,Marketing,MKT-04,Marketing Manager,3,Bachelor's,7246,9128,42,339,1,1,0,2 - Medium,2,No,Yes,7.0,27.0,3,3.0,High,2024-12-24
1744,27,Female,Engineering,ENG-02,QA Engineer,4,Master's,9634,11689,55,443,10,5,5,3 - High,4,No,No,4.0,22.0,0,3.0,Medium,2019-07-26
1745,38,Female,Engineering,ENG-02,Data Engineer,4,Bachelor's,11081,13124,65,519,13,12,9,3 - High,4,No,Yes,16.0,33.0,1,4.0,High,2015-03-31
1746,32,Female,Engineering,ENG-02,ML Engineer,2,Master's,7654,8662,43,353,0,0,0,3 - High,4,No,Yes,11.0,10.0,1,5.0,High,2025-01-16
1747,39,Female,Sales,SAL-03,Sales Rep,1,Bachelor's,4276,5129,25,201,4,0,0,2 - Medium,4,No,No,8.0,17.0,0,3.0,High,11/16/2024
1748,34,Female,Sales,SAL-03,Account Executive,2,Bachelor's,6598,8563,37,294,3,0,0,4 - Very High,4,No,No,4.0,32.0,1,2.0,Very High,06/07/2024
1749,25,Male,Human Resources,HR-01,HR Coordinator,2,Master's,4913,6355,28,224,1,0,0,2 - Medium,4,No,No,10.0,25.0,1,2.0,High,2024-05-23
1750,29,Female,Sales,SAL-03,Senior Sales Rep,2,Bachelor's,5191,6926,31,246,0,0,0,2 - Medium,1,No,No ,7.0,19.0,0,2.0,Medium,2024-07-04
1751,35,Female,Sales,SAL-03,Account Executive,4,Master's,10541,12729,60,479,9,2,1,3 - High,4,No,Yes,9.0,32.0,1,2.0,Medium,06/02/2023
1752,24,Male,Finance,FIN-05,Financial Analyst,2,Master's,7021,8656,40,316,3,0,0,3 - High,3,No,No,8.0,37.0,3,1.0,Very High,2024-03-27
1753,22,Male,Sales,SAL-03,Regional Sales Lead,3,High School,7421,8910,44,347,0,0,0,3 - High,3,No,No,7.0,36.0,0,,High,10/03/2024
1754,42,Male,Sales,SAL-03,Sales Manager,3,Master's,7934,10859,47,381,4,1,1,3 - High,3,No,No,7.0,24.0,1,4.0,High,2023-08-31
1755,35,Male,Engineering,ENG-02,QA Engineer,3,Master's,8455,9366,49,394,11,2,1,3 - High,4,No,No,9.0,19.0,0,3.0,Very High,2023-10-23
1756,36,Male,Operations,OPS-06,Operations Manager,3,Master's,7019,8767,40,325,3,3,2,3 - High,4,No,No,6.0,34.0,3,1.0,Very High,12/20/2022
1757,33,Male,Operations,OPS-06,Supply Chain Analyst,1,Bachelor's,5256,6050,31,249,5,1,0,3 - High,4,No,No,11.0,35.0,0,4.0,Very High,05/06/2024
1758,30,Male,Engineering,ENG-02,Staff Engineer,2,Bachelor's,8956,12050,53,416,9,4,3,2 - Medium,3,No,No,4.0,34.0,0,2.0,high,2021-04-24
1759,36,Female,Human Resources,HR-01,HR Analyst,1,Bachelor's,4883,6026,28,224,6,2,0,3 - High,3,Yes,No,24.0,28.0,1,,Medium,2024-12-06
1760,25,Male,Operations,OPS-06,Operations Analyst,2,Bachelor's,4744,5615,28,226,2,2,0,4 - Very High,2,No,Yes,11.0,33.0,1,5.0,High,2024-12-24
1761,24,Female,Sales,SAL-03,Sales Manager,1,Bachelor's,4774,6480,27,219,0,0,0,3 - High,4,No,No,8.0,29.0,2,4.0,High,2024-12-11
1762,21,Female,Marketing,MKT-04,Growth Analyst,2,Bachelor's,5944,7130,33,265,0,0,0,2 - Medium,1,No,Yes,7.0,31.0,0,2.0,Medium,2025-01-29
1763,34,Female,Sales,SAL-03,Sales Rep,4,Bachelor's,7871,10630,46,362,5,5,2,3 - High,2,No,Yes,16.0,40.0,4,4.0,High,2022-12-27
1764,27,Female,Sales,SAL-03,Sales Rep,2,PhD,6996,8568,41,324,2,1,0,1 - Low,4,No,Yes,6.0,37.0,0,4.0,Medium,2024-09-25
1765,22,Female,Operations,OPS-06,Facilities Manager,4,Master's,8731,11962,49,396,1,1,0,3 - High,3,No,No,16.0,17.0,3,2.0,Very High,01/05/2024
1766,24,Female,Marketing,MKT-04,Growth Analyst,2,Bachelor's,4893,6248,29,235,1,1,0,4 - Very High,4,No,No,8.0,19.0,2,5.0,Very High,2024-12-19
1767,46,Male,Operations,OPS-06,Facilities Manager,2,Bachelor's,5870,7816,34,277,10,8,5,4 - Very High,4,No,No,18.0,36.0,2,4.0,Very High,11/13/2019
1768,47,Male,Marketing,MKT-04,Marketing Manager,2,Master's,6809,7674,40,319,7,7,4,4 - Very High,4,No,No,10.0,17.0,1,,Very High,2020-11-28
1769,27,Male,Engineering,ENG-02,Engineering Manager,1,High School,6064,7006,35,283,4,3,2,4 - Very High,4,No,No,18.0,3.0,1,3.0,Medium,2022-10-28
1770,28,Male,Finance,FIN-05,Senior Accountant,1,High School,4324,5445,25,204,3,0,0,3 - High,4,No,No,4.0,12.0,0,5.0,Very High,2024-01-03
1771,35,Female,Marketing,MKT-04,Growth Analyst,4,PhD,9533,12552,53,425,1,0,0,4 - Very High,3,Yes,No,5.0,40.0,0,4.0,Very High,2024-01-07
1772,41,Female,Operations,OPS-06,Process Engineer,1,Master's,5221,6579,31,243,22,6,5,3 - High,3,Yes,No,16.0,42.0,2,4.0,Very High,02/10/2019
1773,27,Female,Sales,SAL-03,Sales Manager,1,Bachelor's,5700,6668,33,265,4,1,0,4 - Very High,3,No,No,10.0,45.0,2,1.0,High,04/06/2024
1774,29,Female,Sales,SAL-03,Regional Sales Lead,3,High School,7928,10694,45,362,0,0,0,3 - High,3,No,Yes,9.0,38.0,2,,High,07/19/2024
1775,39,Male,Engineering,ENG-02,Staff Engineer,3,Bachelor's,10186,13976,58,458,2,0,0,3 - High,3,No,No,2.0,34.0,3,4.0,Very High,2024-11-26
1776,23,Male,Operations,OPS-06,Facilities Manager,3,Bachelor's,7301,8596,43,352,2,0,0,4 - Very High,4,Yes,Yes,6.0,46.0,0,3.0,Medium,04/27/2024
1777,26,Female,Engineering,ENG-02,Backend Developer,4,Bachelor's,10879,12615,64,525,2,0,0,4 - Very High,4,No,No,19.0,25.0,0,4.0,High,11/11/2024
1778,30,Male,Operations,OPS-06,Operations Analyst,3,Bachelor's,7362,9154,44,347,4,1,0,3 - High,4,No,No,4.0,23.0,2,4.0,High,2024-08-04
1779,29,Male,Human Resources,HR-01,HR Director,3,Master's,9050,12000,53,421,5,3,0,4 - Very High,4,No,No,11.0,36.0,0,4.0,Very High,2024-10-13
1780,44,Male,Finance,FIN-05,Senior Accountant,4,Master's,10336,13509,61,494,4,1,0,4 - Very High,4,No,No,5.0,20.0,2,,High,01/12/2024
1781,40,Female,Sales,SAL-03,Senior Sales Rep,1,Bachelor's,4972,6657,29,239,5,1,1,3 - High,2,No,No,5.0,22.0,0,4.0,Very High,2023-11-27
1782,31,Male,Sales,SAL-03,Sales Manager,4,High School,8829,12111,52,415,6,6,4,4 - Very High,2,No,No,5.0,21.0,2,4.0,Very High,2020-02-07
1783,35,Male,Engineering,ENG-02,Engineering Manager,2,Master's,8963,11087,52,423,12,11,5,4 - Very High,4,No,No,18.0,28.0,1,3.0,High,2019-03-17
1784,28,Female,Sales,SAL-03,Sales Rep,1,Master's,4595,6019,26,204,0,0,0,3 - High,1,No,No,5.0,22.0,0,3.0,High,2024-07-03
1785,34,Female,Sales,SAL-03,Sales Director,3,Master's,10769,11818,63,504,5,1,0,2 - Medium,3,No,No,,41.0,0,2.0,Very High,2024-08-29
1786,28,Male,Sales,SAL-03,Senior Sales Rep,1,Bachelor's,4989,6293,29,232,1,0,0,3 - High,4,No,No,5.0,23.0,0,4.0,High,2024-09-03
1787,49,Male,Operations,OPS-06,Supply Chain Analyst,1,Bachelor's,4896,5475,29,233,20,1,1,1 - Low,3,No,Yes,11.0,24.0,0,3.0,Medium,09/16/2023
1788,27,Non-Binary,Human Resources,HR-01,HR Manager,2,Bachelor's,6098,6843,34,274,5,0,0,2 - Medium,3,No,Yes,9.0,26.0,0,1.0,Medium,2024-01-28
1789,23,Male,Sales,SAL-03,Account Executive,1,Bachelor's,5899,7539,34,274,5,2,0,2 - Medium,4,No,No,10.0,29.0,1,2.0,High,12/30/2024
1790,29,Male,Engineering,ENG-02,DevOps Engineer,1,Bachelor's,6659,7521,39,319,3,2,1,3 - High,3,No,Yes,10.0,26.0,0,3.0,Medium,11/27/2023
1791,31,Male,Sales,SAL-03,Senior Sales Rep,3,Bachelor's,6309,7323,37,295,0,0,0,3 - High,2,No,No,6.0,40.0,2,4.0,High,10/02/2024
1792,47,Female,Engineering,ENG-02,Senior Engineer,4,Bachelor's,12256,15298,71,572,15,0,0,3 - High,3,No,Yes,11.0,14.0,0,,High,04/18/2024
1793,25,Male,Human Resources,HR-01,HR Manager,1,Master's,4965,6955,29,235,6,5,0,2 - Medium,4,No,No,5.0,29.0,0,,Very High,05/10/2024
1794,52,Male,Operations,OPS-06,Logistics Coordinator,4,Bachelor's,8508,11343,48,391,13,8,8,4 - Very High,4,No,No,3.0,30.0,4,3.0,High,11/02/2016
1795,38,Female,Sales,SAL-03,Sales Manager,3,Master's,8861,10104,50,409,6,6,6,3 - High,3,No,No,6.0,21.0,0,2.0,Very High,05/26/2018
1796,33,Female,Human Resources,HR-01,HR Coordinator,2,Master's,5303,7036,30,246,3,0,0,2 - Medium,2,No,Yes,11.0,24.0,1,3.0,High,2025-01-01
1797,41,Male,Engineering,ENG-02,Software Engineer,1,Bachelor's,6573,7795,37,296,12,4,2,4 - Very High,3,No,Yes,9.0,31.0,1,3.0,High,2022-09-14
1798,42,Female,Operations,OPS-06,Process Engineer,1,High School,4629,6120,27,220,3,3,1,4 - Very High,3,Yes,Yes,8.0,,3,4.0,Medium,2023-07-10
1799,27,Female,Operations,OPS-06,Operations Manager,4,PhD,9227,10771,54,441,3,0,0,3 - High,4,No,No,9.0,28.0,0,,Very high,2024-02-26
1800,46,Female,Marketing,MKT-04,Brand Manager,2,Master's,7031,8387,40,320,24,4,2,2 - Medium,3,No,No,8.0,21.0,0,,High,2022-04-19
1801,39,Male,Sales,SAL-03,Account Executive,3,High School,7574,9373,42,338,4,1,0,3 - High,3,No,Yes,13.0,27.0,1,4.0,Medium,11/29/2024
1802,36,Female,Human Resources,HR-01,Benefits Specialist,3,Master's,6896,8324,39,309,2,1,0,3 - High,2,No,Yes,9.0,39.0,2,2.0,Medium,11/27/2024
1803,34,Male,Engineering,ENG-02,DevOps Engineer,1,Bachelor's,6489,7933,36,283,3,1,0,4 - Very High,2,No,No,2.0,24.0,4,,very high,05/24/2024
1804,23,Male,Sales,SAL-03,Business Development Rep,1,Bachelor's,4025,4679,24,189,0,0,0,2 - Medium,4,Yes,Yes,10.0,34.0,0,4.0,Very High,11/06/2024
1805,33,Male,Engineering,ENG-02,ML Engineer,4,Bachelor's,11022,13940,64,520,0,0,0,3 - High,1,Yes,Yes,8.0,34.0,2,4.0,High,2024-12-09
1806,37,Male,Engineering,ENG-02,QA Engineer,4,High School,10899,14064,64,522,10,6,3,4 - Very High,4,No,Yes,6.0,25.0,0,2.0,High,05/23/2021
1807,33,Male,Sales,SAL-03,Account Executive,1,Master's,5573,6736,33,259,3,0,0,4 - Very High,3,No,No,7.0,38.0,0,2.0,High,06/29/2024
1808,39,Male,Engineering,ENG-02,ML Engineer,3,PhD,13572,16093,80,659,8,6,3,4 - Very High,2,No,Yes,11.0,26.0,1,1.0,Low,2021-11-10
1809,35,Male,Engineering,ENG-02,Engineering Manager,3,PhD,12568,13964,72,581,4,2,1,3 - High,2,No,Yes,5.0,18.0,0,4.0,Very High,01/22/2023
1810,32,Male,Operations,OPS-06,Supply Chain Analyst,4,Bachelor's,7743,9881,44,348,5,3,3,4 - Very High,4,No,No,5.0,38.0,1,2.0,Very High,10/22/2021
1811,28,Male,Engineering,ENG-02,ML Engineer,5,Bachelor's,12578,14903,72,570,0,0,0,2 - Medium,3,No,No,7.0,45.0,3,2.0,High,2024-10-09
1812,21,Male,Finance,FIN-05,Finance Manager,1,Bachelor's,4557,5635,26,208,0,0,0,3 - High,1,No,No,7.0,32.0,1,2.0,Medium,08/06/2024
1813,30,Male,Marketing,MKT-04,Marketing Manager,1,PhD,5032,5934,29,228,2,1,0,3 - High,3,No,No,8.0,29.0,2,4.0,Very High,2024-10-13
1814,55,Male,Engineering,ENG-02,Senior Engineer,2,Master's,10336,12841,60,479,20,18,9,4 - Very High,3,No,No,4.0,21.0,2,3.0,High,05/31/2015
1815,47,Male,Marketing,MKT-04,Digital Marketing Lead,1,High School,5805,6764,34,279,11,11,10,4 - Very High,3,No,No,10.0,21.0,1,4.0,High,02/24/2014
1816,38,Male,Sales,SAL-03,Sales Manager,4,Master's,12213,15053,69,551,10,5,4,4 - Very High,3,No,No,13.0,18.0,1,4.0,Very High,02/11/2020
1817,32,Female,Marketing,MKT-04,Growth Analyst,1,Bachelor's,5643,7256,33,265,7,4,3,2 - Medium,4,No,No,8.0,11.0,0,3.0,Very High,10/12/2021
1818,30,Female,Engineering,ENG-02,Staff Engineer,5,Bachelor's,16446,19146,93,743,7,3,3,3 - High,4,No,No,3.0,38.0,2,3.0,Very High,2021-11-19
1819,31,Male,Sales,SAL-03,Sales Manager,3,Bachelor's,8691,10853,49,399,8,7,0,4 - Very High,4,No,Yes,9.0,30.0,0,3.0,Medium,07/27/2024
1820,26,Female,Operations,OPS-06,Process Engineer,2,PhD,6295,7264,36,296,0,0,0,3 - High,4,No,No,36.0,13.0,3,3.0,Medium,11/02/2024
1821,25,Female,Engineering,ENG-02,Software Engineer,1,Bachelor's,5187,6944,30,241,0,0,0,4 - Very High,3,No,Yes,15.0,16.0,0,3.0,Medium,2024-09-16
1822,30,Female,Engineering,ENG-02,Engineering Manager,3,High School,7705,9500,44,355,2,0,0,4 - Very High,3,No,Yes,40.0,35.0,2,4.0,Low,2024-03-06
1823,21,Female,Engineering,ENG-02,Frontend Developer,2,Master's,7538,8911,42,339,0,0,0,3 - High,4,No,No,6.0,28.0,0,,Very High,2024-08-22
1824,24,Male,Finance,FIN-05,Auditor,5,Master's,12121,13443,69,558,1,0,0,3 - High,4,No,No,18.0,31.0,0,4.0,Very High,2024-07-22
1825,29,Male,Finance,FIN-05,Finance Manager,1,Bachelor's,5430,6984,31,253,4,0,0,4 - Very High,3,No,No,5.0,31.0,0,4.0,Very High,2024-01-26
1826,22,Female,Human Resources,HR-01,Benefits Specialist,1,Master's,3790,4433,22,181,3,3,0,2 - Medium,2,No,Yes,13.0,35.0,0,5.0,High,10/25/2024
1827,26,Female,Operations,OPS-06,Process Engineer,1,Bachelor's,5209,5919,31,250,2,2,1,4 - Very High,3,No,No,5.0,32.0,2,3.0,High,2023-02-02
1828,54,Female,Finance,FIN-05,Finance Manager,4,Master's,14101,18558,83,662,27,4,0,3 - High,3,No,No,8.0,42.0,1,3.0,High,07/31/2024
1829,27,Male,Human Resources,HR-01,HR Coordinator,2,Bachelor's,4556,6230,26,210,3,2,0,3 - High,4,Yes,No,9.0,27.0,0,3.0,Medium,07/20/2024
1830,25,Male,Operations,OPS-06,Operations Analyst,4,Bachelor's,8652,10740,50,410,0,0,0,3 - High,3,No,No,10.0,17.0,0,4.0,Very High,2024-10-16
1831,35,Female,Sales,SAL-03,Senior Sales Rep,3,Bachelor's,7178,8144,42,337,4,0,0,3 - High,3,No,Yes,7.0,31.0,0,4.0,High,2024-07-14
1832,38,Non-Binary,Engineering,ENG-02,Frontend Developer,2,Master's,7031,9119,40,324,5,3,1,3 - High,1,Yes,Yes,3.0,,5,5.0,High,04/12/2023
1833,26,Male,Finance,FIN-05,Finance Manager,2,Bachelor's,7890,9865,46,367,7,5,4,4 - Very High,3,No,No,21.0,5.0,0,1.0,High,2020-03-23
1834,30,Male,Sales,SAL-03,Regional Sales Lead,2,Bachelor's,6330,8394,37,292,2,0,0,1 - Low,2,No,Yes,13.0,6.0,2,2.0,High,2024-04-04
1835,30,Female,Finance,FIN-05,Auditor,1,PhD,6245,7565,35,277,6,3,1,3 - High,1,No,Yes,12.0,25.0,0,3.0,High,06/18/2023
1836,53,Male,Engineering,ENG-02,Backend Developer,2,Master's,8988,10742,50,402,26,11,1,3 - High,3,No,No,18.0,29.0,0,4.0,Very High,08/21/2023
1837,28,Female,Engineering,ENG-02,Frontend Developer,4,Bachelor's,11752,14047,68,535,12,4,1,3 - High,3,No,No,12.0,26.0,0,3.0,High,2023-02-02
1838,27,Female,Finance,FIN-05,Senior Accountant,2,Bachelor's,6686,8571,38,304,4,0,0,3 - High,4,No,No,5.0,42.0,1,3.0,Very High,2024-06-19
1839,37,Non-Binary,Marketing,MKT-04,Brand Manager,3,Master's,8844,10089,51,414,4,2,2,4 - Very High,3,No,Yes,7.0,37.0,1,3.0,Medium,2022-08-13
1840,29,Male,Finance,FIN-05,Auditor,2,Bachelor's,6063,7736,35,275,1,0,0,4 - Very High,4,No,No,7.0,17.0,0,3.0,High,2024-02-12
1841,38,Female,Operations,OPS-06,Facilities Manager,3,High School,6955,8417,40,319,7,7,7,3 - High,3,No,No,10.0,27.0,0,4.0,Very High,2017-10-23
1842,29,Male,Marketing,MKT-04,Marketing Analyst,1,Bachelor's,5111,6905,29,238,3,1,1,2 - Medium,2,No,Yes,2.0,13.0,0,3.0,High,2023-10-31
1843,26,Female,Finance,FIN-05,Finance Manager,2,Bachelor's,6149,7705,36,283,6,6,2,4 - Very High,4,No,No,5.0,16.0,1,4.0,High,03/01/2022
1844,43,Male,Operations,OPS-06,Process Engineer,1,Bachelor's,4311,5695,24,188,10,10,4,3 - High,3,No,No,14.0,40.0,5,2.0,Medium,2020-07-25
1845,34,Male,Marketing,MKT-04,Digital Marketing Lead,3,Bachelor's,7469,8434,42,337,2,2,2,2 - Medium,3,No,No,13.0,26.0,2,4.0,Very High,2022-11-15
1846,50,Female,Marketing,MKT-04,Growth Analyst,1,Master's,5225,6083,30,235,30,10,1,2 - Medium,4,No,No,11.0,30.0,0,2.0,High,05/05/2023
1847,28,Male,Operations,OPS-06,Operations Analyst,2,Bachelor's,6225,7977,37,302,7,7,4,2 - Medium,3,No,Yes,5.0,29.0,0,4.0,High,07/11/2020
1848,22,Male,Operations,OPS-06,Operations Analyst,2,Bachelor's,4747,6418,27,219,2,2,1,4 - Very High,3,No,No,3.0,33.0,1,4.0,Very High,2024-01-01
1849,21,Male,Engineering,ENG-02,ML Engineer,3,Bachelor's,9588,11909,57,451,0,0,0,4 - Very High,3,No,No,2.0,28.0,0,3.0,High,01/26/2025
1850,41,Male,Engineering,ENG-02,Backend Developer,3,Master's,9507,11773,54,426,5,3,3,4 - Very High,3,No,No,7.0,35.0,0,2.0,High,2021-06-04
1851,25,Male,Engineering,ENG-02,Data Engineer,1,PhD,7011,9631,40,315,1,0,0,3 - High,1,Yes,No,,28.0,1,3.0,Very High,2024-03-29
1852,35,Female,Operations,OPS-06,Operations Analyst,1,Master's,4375,5779,25,197,3,1,0,2 - Medium,3,No,No,6.0,21.0,2,1.0,Medium,2024-04-17
1853,27,Female,Engineering,ENG-02,QA Engineer,1,High School,5155,6439,30,242,6,1,0,3 - High,2,No,Yes,23.0,23.0,1,1.0,Medium,2024-10-27
1854,34,Male,Engineering,ENG-02,ML Engineer,4,Bachelor's,10088,11027,56,456,1,1,0,4 - Very High,3,No,No,5.0,16.0,0,3.0,High,2024-03-02
1855,39,Female,Engineering,ENG-02,ML Engineer,4,Bachelor's,10234,11612,61,488,1,1,1,2 - Medium,3,No,No,13.0,30.0,4,4.0,Very High,2023-10-20
1856,36,Male,Human Resources,HR-01,HR Director,4,Bachelor's,9962,11712,58,464,5,5,4,2 - Medium,2,No,Yes,9.0,25.0,1,3.0,Medium,07/01/2020
1857,33,Female,Sales,SAL-03,Sales Rep,2,Bachelor's,5530,6749,32,258,9,5,2,4 - Very High,4,No,No,35.0,16.0,1,,Medium,07/06/2022
1858,60,Female,Finance,FIN-05,Senior Accountant,2,Bachelor's,5999,8104,34,269,30,19,13,1 - Low,2,No,No,10.0,14.0,1,2.0,High,2011-02-01
1859,58,Male,Operations,OPS-06,Logistics Coordinator,1,Bachelor's,5400,6430,32,252,23,4,1,4 - Very High,4,No,No,4.0,5.0,2,5.0,Very High,2023-03-26
1860,41,Female,Operations,OPS-06,Operations Manager,5,Bachelor's,10087,11363,58,468,6,3,1,2 - Medium,3,No,Yes,12.0,24.0,1,2.0,High,09/11/2023
1861,29,Male,Marketing,MKT-04,Brand Manager,2,Master's,7496,8798,43,348,4,2,2,2 - Medium,4,No,Yes,17.0,13.0,0,4.0,High,10/17/2022
1862,32,Male,Operations,OPS-06,Supply Chain Analyst,1,Master's,4579,5780,27,213,0,0,0,3 - High,4,No,No,7.0,18.0,3,,Very High,2024-11-25
1863,33,Male,Sales,SAL-03,Sales Manager,1,High School,5574,6544,32,252,1,1,1,2 - Medium,2,Yes,Yes,14.0,41.0,2,2.0,Low,2023-11-16
1864,25,Male,Sales,SAL-03,Business Development Rep,2,Master's,5793,6684,34,272,3,2,0,3 - High,3,No,No,9.0,35.0,0,,High,11/04/2024
1865,45,Male,Engineering,ENG-02,Senior Engineer,3,Master's,11990,13533,68,545,14,3,2,3 - High,4,No,No,5.0,24.0,0,3.0,Very High,2022-06-11
1866,45,Female,Sales,SAL-03,Sales Director,3,Bachelor's,11076,12240,65,527,20,3,3,3 - High,4,No,Yes,22.0,33.0,0,4.0,High,2021-10-27
1867,49,Male,Engineering,ENG-02,QA Engineer,1,Master's,5798,7291,33,265,14,5,4,4 - Very High,3,No,No,7.0,17.0,2,3.0,Very High,2020-10-08
1868,21,Male,Engineering,ENG-02,Frontend Developer,4,Master's,11682,15061,68,536,1,0,0,3 - High,3,Yes,Yes,12.0,18.0,0,3.0,Low,05/26/2024
1869,25,Female,Marketing,MKT-04,Marketing Manager,4,Bachelor's,8128,9570,48,389,1,0,0,4 - Very High,4,No,No,17.0,32.0,1,5.0,Very High,01/24/2024
1870,28,Male,Engineering,ENG-02,ML Engineer,4,Bachelor's,11164,13704,63,519,0,0,0,3 - High,2,No,No,4.0,10.0,0,3.0,Medium,09/11/2024
1871,27,Female,Operations,OPS-06,Process Engineer,2,Master's,5793,7049,34,267,3,2,1,2 - Medium,4,No,No,20.0,19.0,0,3.0,High,10/30/2023
1872,39,Male,Marketing,MKT-04,Marketing Manager,4,High School,8137,9406,47,373,7,2,0,3 - High,3,No,No,8.0,23.0,1,4.0,High,2024-09-02
1873,29,Female,Engineering,ENG-02,DevOps Engineer,1,Master's,5440,6280,31,249,1,0,0,3 - High,3,No,No,4.0,30.0,2,5.0,Very High,2024-11-07
1874,41,Female,Sales,SAL-03,Sales Director,3,High School,8452,11206,50,409,3,2,0,2 - Medium,3,No,No,17.0,25.0,1,,High,2024-04-21
1875,27,Female,Sales,SAL-03,Sales Director,5,Bachelor's,14732,17256,83,674,6,6,5,3 - High,2,No,No,8.0,36.0,0,3.0,High,2019-01-25
1876,23,Female,Engineering,ENG-02,QA Engineer,1,High School,4085,5622,24,191,0,0,0,2 - Medium,3,No,No,12.0,41.0,2,1.0,Medium,03/06/2025
1877,28,Female,Finance,FIN-05,Finance Manager,1,Bachelor's,4862,5733,28,225,5,4,1,2 - Medium,4,No,No,4.0,22.0,0,3.0,High,2023-08-20
1878,46,Male,Engineering,ENG-02,ML Engineer,5,Bachelor's,17226,22840,101,811,20,0,0,3 - High,2,No,No,4.0,50.0,0,2.0,Medium,2024-11-09
1879,27,Male,Marketing,MKT-04,Brand Manager,2,Bachelor's,6674,8995,38,298,1,0,0,3 - High,3,No,Yes,4.0,10.0,2,3.0,Low,11/21/2024
1880,28,Male,Finance,FIN-05,Controller,1,High School,4938,6499,28,220,4,4,4,4 - Very High,4,No,Yes,10.0,26.0,1,3.0,High,10/23/2020
1881,40,Male,Finance,FIN-05,Controller,4,Bachelor's,10274,12292,58,470,18,14,9,3 - High,2,No,Yes,7.0,24.0,0,2.0,Very High,2015-10-07
1882,36,Male,Sales,SAL-03,Sales Director,2,PhD,10387,13800,59,480,11,6,4,2 - Medium,3,No,Yes,10.0,29.0,0,4.0,High,2020-07-07
1883,22,Male,Finance,FIN-05,Auditor,1,High School,5478,7045,31,246,5,0,0,3 - High,3,No,No,11.0,17.0,0,3.0,High,2024-08-29
1884,34,Male,Sales,SAL-03,Business Development Rep,3,Bachelor's,6529,8647,38,298,7,7,3,4 - Very High,3,No,No,25.0,10.0,0,3.0,Very High,07/02/2021
1885,34,Female,Engineering,ENG-02,DevOps Engineer,1,Master's,7437,9285,43,349,9,9,7,4 - Very High,4,No,No,3.0,38.0,1,3.0,High,2017-05-24
1886,40,Female,Operations,OPS-06,Process Engineer,2,Master's,5659,6445,33,268,3,3,1,3 - High,3,No,No,4.0,15.0,0,4.0,Very High,2023-03-18
1887,21,Male,Sales,SAL-03,Sales Director,3,PhD,9117,11657,52,418,1,0,0,3 - High,4,No,No,7.0,31.0,0,4.0,Very High,07/23/2024
1888,27,Male,Sales,SAL-03,Sales Manager,2,PhD,6971,9633,40,324,0,0,0,3 - High,4,No,No,4.0,30.0,0,4.0,Very High,07/12/2024
1889,50,Female,Marketing,MKT-04,SEO Specialist,3,Bachelor's,7691,9593,44,359,25,24,8,3 - High,3,No,No,17.0,17.0,0,3.0,High,2016-10-04
1890,35,Female,Finance,FIN-05,Auditor,2,High School,6364,7724,36,283,4,2,1,4 - Very High,4,No,No,11.0,22.0,0,3.0,High,2023-02-28
1891,39,Male,Sales,SAL-03,Regional Sales Lead,2,Master's,6783,9223,38,311,10,3,3,3 - High,4,No,No,9.0,25.0,1,4.0,High,2021-11-24
1892,35,Male,Sales,SAL-03,Account Executive,2,Bachelor's,6264,7397,36,286,0,0,0,3 - High,3,No,Yes,14.0,24.0,0,5.0,High,01/17/2025
1893,34,Non-Binary,Marketing,MKT-04,Marketing Manager,4,Bachelor's,8366,11206,48,390,2,0,0,3 - High,2,No,Yes,8.0,18.0,1,4.0,High,2024-08-25
1894,29,Female,Operations,OPS-06,Supply Chain Analyst,3,Master's,7086,9190,42,340,7,4,3,3 - High,3,No,No,15.0,43.0,0,1.0,High,2021-01-03
1895,43,Male,Engineering,ENG-02,Data Engineer,2,Bachelor's,9201,12478,54,440,17,6,3,4 - Very High,3,No,No,13.0,16.0,2,4.0,Very High,2021-03-06
1896,39,Female,Engineering,ENG-02,Engineering Manager,3,Master's,8878,11820,51,406,3,1,0,4 - Very High,4,No,No,3.0,38.0,4,4.0,Very High,06/02/2024
1897,36,Male,Sales,SAL-03,Regional Sales Lead,2,Master's,7001,8725,40,327,10,2,2,2 - Medium,2,No,Yes,6.0,5.0,1,3.0,Medium,01/15/2022
1898,24,Female,Human Resources,HR-01,HR Director,1,Master's,4457,5483,26,210,2,0,0,3 - High,4,No,No,6.0,24.0,1,4.0,Very High,2024-08-27
1899,40,Male,Human Resources,HR-01,HR Manager,3,Master's,8853,10104,52,415,8,8,1,2 - Medium,3,Yes,Yes,14.0,35.0,2,3.0,High,2023-04-15
1900,28,Male,Engineering,ENG-02,Data Engineer,1,Master's,6965,9199,39,306,0,0,0,4 - Very High,3,No,No,13.0,28.0,1,3.0,Very High,07/26/2024
1901,38,Female,Engineering,ENG-02,Backend Developer,3,Master's,10621,13162,61,494,6,4,4,4 - Very High,3,No,No,4.0,21.0,0,3.0,High,2020-01-16
1902,34,Female,Operations,OPS-06,Supply Chain Analyst,2,High School,4796,5712,28,224,11,8,5,2 - Medium,2,No,No,29.0,27.0,0,2.0,Medium,2019-05-22
1903,37,Female,Marketing,MKT-04,Marketing Analyst,1,Bachelor's,5672,6739,33,268,14,0,0,2 - Medium,2,No,No,8.0,6.0,3,5.0,Very High,2024-08-10
1904,29,Male,Marketing,MKT-04,Brand Manager,4,High School,9084,10489,52,418,9,9,1,3 - High,3,Yes,Yes,9.0,35.0,0,2.0,Medium,07/10/2023
1905,30,Female,Sales,SAL-03,Account Executive,4,Bachelor's,9181,11232,54,426,6,4,2,3 - High,3,No,Yes,3.0,43.0,2,3.0,Medium,2022-06-30
1906,30,Male,Sales,SAL-03,Sales Director,3,Master's,9802,12242,56,443,0,0,0,3 - High,4,No,Yes,10.0,28.0,2,1.0,Low,04/26/2024
1907,31,Female,Marketing,MKT-04,SEO Specialist,1,Bachelor's,4564,5788,27,214,4,1,1,1 - Low,4,Yes,No,2.0,29.0,0,2.0,High,2024-01-02
1908,34,Male,Sales,SAL-03,Sales Director,3,Bachelor's,10063,13080,58,456,5,2,1,3 - High,2,No,Yes,7.0,28.0,1,4.0,High,2023-10-21
1909,40,Female,Sales,SAL-03,Business Development Rep,1,High School,4962,6225,28,224,11,0,0,3 - High,3,No,No,7.0,31.0,0,2.0,Very High,2024-06-02
1910,28,Female,Human Resources,HR-01,HR Manager,3,Master's,7401,10248,44,358,3,1,1,4 - Very High,3,No,No,9.0,31.0,0,2.0,Very High,2023-08-14
1911,48,Male,Operations,OPS-06,Facilities Manager,1,Bachelor's,5272,6869,30,244,14,6,3,3 - High,3,No,Yes,6.0,,1,3.0,Low,2021-07-27
1912,45,Female,Engineering,ENG-02,Engineering Manager,2,Bachelor's,7833,9316,45,363,13,10,7,4 - Very High,4,No,No,2.0,29.0,1,4.0,Very High,2017-05-26
1913,60,Male,Operations,OPS-06,Process Engineer,3,Bachelor's,7485,10014,42,337,28,25,18,2 - Medium,3,No,Yes,12.0,9.0,0,5.0,High,2006-01-15
1914,46,Male,Engineering,ENG-02,QA Engineer,3,Bachelor's,7077,9668,40,319,6,1,1,4 - Very High,4,No,No,4.0,30.0,3,4.0,Very High,2023-07-13
1915,24,Male,Engineering,ENG-02,Frontend Developer,2,High School,6020,7754,34,277,0,0,0,3 - High,3,No,No,18.0,13.0,1,2.0,Very High,2025-01-30
1916,35,Female,Operations,OPS-06,Supply Chain Analyst,1,Bachelor's,4320,5613,24,193,8,0,0,3 - High,2,No,No,6.0,34.0,0,5.0,Very High,03/08/2024
1917,35,Male,Marketing,MKT-04,Content Strategist,3,Master's,6609,8442,39,318,0,0,0,4 - Very High,3,No,No,2.0,29.0,1,3.0,High,2024-11-26
1918,30,Female,Finance,FIN-05,Tax Specialist,1,Bachelor's,4818,6480,27,219,2,0,0,4 - Very High,3,No,No,7.0,15.0,0,4.0,Very High,2024-03-14
1919,43,Female,Engineering,ENG-02,Software Engineer,2,High School,6389,7915,36,296,13,4,2,2 - Medium,2,No,No,10.0,11.0,0,2.0,Very High,2022-04-29
1920,38,Male,Sales,SAL-03,Senior Sales Rep,1,High School,4567,6199,26,211,6,2,1,2 - Medium,2,No,No,10.0,19.0,1,2.0,Medium,2023-05-27
1921,28,Female,Marketing,MKT-04,Growth Analyst,4,PhD,10184,11705,59,475,1,0,0,3 - High,2,No,No,4.0,25.0,3,3.0,Very High,09/06/2024
1922,44,Female,Operations,OPS-06,Facilities Manager,4,Bachelor's,7399,9934,43,344,6,1,1,3 - High,3,No,No,5.0,18.0,2,3.0,High,2023-05-29
1923,41,Male,Engineering,ENG-02,Frontend Developer,1,High School,5423,6127,30,239,4,2,2,3 - High,2,No,No,31.0,14.0,1,4.0,Very High,04/22/2022
1924,21,Male,Engineering,ENG-02,Frontend Developer,1,High School,5150,6324,29,233,6,6,4,3 - High,4,No,No,6.0,14.0,2,4.0,Very High,2020-03-20
1925,38,Female,Sales,SAL-03,Business Development Rep,2,Bachelor's,6130,8077,35,285,8,3,3,2 - Medium,2,Yes,No,4.0,16.0,1,5.0,Very High,2021-01-13
1926,33,Female,Operations,OPS-06,Operations Analyst,1,Bachelor's,4774,5821,27,220,2,2,0,4 - Very High,1,No,No,7.0,16.0,1,2.0,Very High,09/26/2024
1927,21,Male,Finance,FIN-05,Tax Specialist,1,Bachelor's,4958,6384,28,227,2,0,0,1 - Low,2,No,Yes,9.0,25.0,3,3.0,High,2024-09-17
1928,28,Male,Operations,OPS-06,Process Engineer,1,Master's,5306,6918,31,252,3,1,0,2 - Medium,4,No,No,7.0,21.0,2,2.0,Very High,2024-07-05
1929,40,Male,Sales,SAL-03,Account Executive,5,Bachelor's,13013,16003,74,590,2,1,1,3 - High,4,No,Yes,3.0,36.0,2,4.0,High,2023-06-07
1930,37,Male,Human Resources,HR-01,HR Analyst,1,Bachelor's,5204,6717,30,245,10,0,0,4 - Very High,3,No,No,16.0,10.0,2,,Very High,07/18/2024
1931,29,Male,Operations,OPS-06,Logistics Coordinator,3,Master's,6618,8146,39,311,4,3,2,4 - Very High,1,No,No,22.0,22.0,2,3.0,Very High,2022-07-07
1932,26,Female,Engineering,ENG-02,Frontend Developer,3,Master's,7257,9320,42,344,0,0,0,2 - Medium,4,No,Yes,4.0,18.0,2,3.0,High,2025-03-05
1933,29,Female,Marketing,MKT-04,Growth Analyst,5,Master's,11224,12546,66,530,3,3,3,3 - High,4,No,No,11.0,34.0,1,3.0,Very High,02/11/2021
1934,38,Male,Engineering,ENG-02,Staff Engineer,2,Master's,9330,10989,54,435,1,1,1,4 - Very High,4,No,No,4.0,25.0,3,2.0,Very High,2023-09-10
1935,55,Male,Finance,FIN-05,Tax Specialist,5,PhD,14736,19383,83,664,11,5,4,2 - Medium,3,Yes,Yes,10.0,15.0,3,2.0,Low,2020-12-17
1936,37,Female,Operations,OPS-06,Facilities Manager,2,Bachelor's,6244,7825,35,283,16,5,3,1 - Low,3,Yes,Yes,11.0,39.0,1,3.0,Medium,2021-04-13
1937,37,Male,Finance,FIN-05,Finance Manager,2,High School,6435,7436,38,312,0,0,0,3 - High,4,No,Yes,6.0,11.0,0,3.0,High,2025-01-02
1938,37,Female,Human Resources,HR-01,HR Coordinator,3,Master's,6647,8543,38,299,18,7,1,1 - Low,2,No,No,13.0,25.0,0,1.0,Very High,2023-05-27
1939,29,Male,Engineering,ENG-02,Data Engineer,4,Master's,12747,16084,72,578,5,4,1,3 - High,3,No,No,23.0,22.0,2,4.0,Very High,06/23/2023
1940,52,Male,Operations,OPS-06,Facilities Manager,1,Bachelor's,5703,6429,33,261,18,11,6,3 - High,4,No,No,5.0,33.0,4,3.0,Very High,06/22/2018
1941,55,Female,Operations,OPS-06,Process Engineer,2,PhD,7599,9953,44,352,25,20,13,4 - Very High,1,No,No,13.0,25.0,0,3.0,Very High,11/07/2011
1942,34,Female,Engineering,ENG-02,ML Engineer,2,Bachelor's,8996,10593,51,405,4,3,3,4 - Very High,3,Yes,Yes,15.0,18.0,0,3.0,Medium,2021-01-08
1943,37,Male,Finance,FIN-05,Finance Manager,2,Bachelor's,6014,7284,36,286,1,0,0,3 - High,3,Yes,No,11.0,19.0,3,3.0,High,2024-07-21
1944,35,Female,Sales,SAL-03,Senior Sales Rep,3,Master's,8459,10080,48,381,7,1,1,4 - Very High,3,Yes,Yes,8.0,28.0,2,4.0,High,11/25/2023
1945,46,Male,Human Resources,HR-01,HR Manager,1,Bachelor's,4536,5445,26,205,11,11,3,3 - High,2,No,No,3.0,29.0,1,3.0,Medium,2022-01-01
1946,31,Female,Engineering,ENG-02,Senior Engineer,4,Bachelor's,10265,12873,58,458,5,2,2,2 - Medium,2,No,No,6.0,23.0,0,2.0,Very High,03/07/2022
1947,22,Female,Marketing,MKT-04,Content Strategist,1,High School,4799,5742,27,214,9,9,1,4 - Very High,4,No,No,10.0,28.0,0,5.0,Very High,2023-08-21
1948,39,Male,Sales,SAL-03,Sales Director,3,Bachelor's,7980,10809,47,384,4,2,2,2 - Medium,3,Yes,No,5.0,30.0,2,1.0,Very High,2022-03-16
1949,25,Female,Marketing,MKT-04,Digital Marketing Lead,2,Master's,7250,9382,42,345,2,1,0,3 - High,2,No,Yes,2.0,22.0,0,3.0,Medium,04/02/2024
1950,42,Non-Binary,Engineering,ENG-02,QA Engineer,1,Master's,7056,8017,41,334,12,6,0,1 - Low,2,No,No,,22.0,0,4.0,Very High,03/14/2024
1951,25,Male,Engineering,ENG-02,Staff Engineer,2,Master's,7712,9717,45,362,0,0,0,4 - Very High,2,No,No,13.0,32.0,0,4.0,Very High,2025-05-05
1952,31,Female,Finance,FIN-05,Senior Accountant,2,Master's,7348,9261,44,360,14,3,0,2 - Medium,2,Yes,No,9.0,36.0,0,3.0,High,2024-05-20
1953,46,Male,Finance,FIN-05,Financial Analyst,1,High School,5477,6831,32,252,13,13,0,3 - High,3,No,No,6.0,37.0,3,3.0,High,12/12/2024
1954,36,Male,Operations,OPS-06,Supply Chain Analyst,1,Bachelor's,4878,5636,28,228,4,1,1,2 - Medium,2,No,No,10.0,5.0,3,3.0,High,2023-01-31
1955,26,Male,Marketing,MKT-04,Growth Analyst,5,Master's,10054,11684,58,456,0,0,0,2 - Medium,2,No,No,16.0,30.0,1,2.0,High,02/17/2025
1956,28,Female,Human Resources,HR-01,Benefits Specialist,4,Bachelor's,9195,10866,54,425,8,3,3,4 - Very High,3,No,No,33.0,20.0,0,4.0,Medium,2021-04-02
1957,44,Male,Finance,FIN-05,Tax Specialist,2,High School,6213,7427,35,281,15,14,5,3 - High,4,No,No,8.0,20.0,0,4.0,High,06/18/2019
1958,36,Male,Engineering,ENG-02,DevOps Engineer,3,Bachelor's,9826,11193,58,464,4,1,0,4 - Very High,3,Yes,No,18.0,24.0,2,3.0,High,2024-12-04
1959,22,Female,Marketing,MKT-04,Content Strategist,2,Bachelor's,4846,6284,28,222,1,0,0,3 - High,3,No,No,19.0,39.0,0,3.0,High,09/21/2024
1960,37,Male,Operations,OPS-06,Logistics Coordinator,1,Bachelor's,4247,5701,24,197,3,3,3,4 - Very High,4,No,No,7.0,18.0,4,4.0,High,2022-03-10
1961,33,Female,Engineering,ENG-02,Software Engineer,3,Master's,7961,9290,45,364,6,4,0,4 - Very High,3,No,No,4.0,34.0,0,4.0,Very High,04/10/2024
1962,21,Male,Operations,OPS-06,Operations Manager,1,Master's,5307,5900,30,247,0,0,0,4 - Very High,4,No,No,6.0,21.0,2,4.0,Very High,04/13/2024
1963,24,Female,Engineering,ENG-02,Data Engineer,2,Bachelor's,6328,7714,37,301,4,0,0,2 - Medium,2,Yes,No,10.0,31.0,2,2.0,Medium,10/06/2024
1964,43,Female,Engineering,ENG-02,Senior Engineer,4,Master's,11382,15054,66,525,7,4,2,2 - Medium,3,No,No,3.0,24.0,0,3.0,High,05/27/2022
1965,29,Male,Sales,SAL-03,Sales Manager,5,High School,13246,15557,76,615,7,0,0,4 - Very High,4,No,No,11.0,30.0,1,3.0,High,2024-07-05
1966,46,Female,Engineering,ENG-02,Engineering Manager,2,Master's,8009,8945,47,380,7,1,1,2 - Medium,2,No,No,10.0,31.0,3,3.0,Medium,2023-04-11
1967,49,Female,Engineering,ENG-02,Staff Engineer,3,Bachelor's,11441,13670,67,550,5,1,1,3 - High,2,No,No,7.0,26.0,5,2.0,Very High,2023-10-12
1968,31,Male,Sales,SAL-03,Business Development Rep,2,Master's,7027,9258,40,327,12,11,11,3 - High,3,No,No,2.0,39.0,0,2.0,High,2013-05-06
1969,55,Female,Sales,SAL-03,Account Executive,1,PhD,7552,9851,45,359,20,1,1,4 - Very High,4,No,No,38.0,9.0,0,5.0,Medium,2023-05-14
1970,48,Female,Sales,SAL-03,Sales Director,4,PhD,16448,21499,94,761,28,13,12,3 - High,2,Yes,No,22.0,49.0,1,3.0,Medium,08/07/2012
1971,38,Female,Engineering,ENG-02,Data Engineer,1,Bachelor's,6247,7425,36,289,5,3,2,3 - High,2,Yes,Yes,12.0,17.0,0,2.0,High,2022-11-21
1972,33,Male,Sales,SAL-03,Senior Sales Rep,4,Bachelor's,9179,12020,54,436,4,0,0,3 - High,4,Yes,Yes,7.0,,0,4.0,High,2024-08-17
1973,29,Male,Sales,SAL-03,Regional Sales Lead,2,PhD,8189,9653,47,382,3,0,0,3 - High,3,No,Yes,10.0,15.0,0,4.0,High,04/13/2024
1974,23,Female,Engineering,ENG-02,Software Engineer,1,Bachelor's,4909,6226,29,231,2,0,0,4 - Very High,3,No,No,13.0,30.0,0,5.0,High,10/27/2024
1975,21,Non-Binary,Engineering,ENG-02,Data Engineer,5,Bachelor's,15116,19985,87,710,2,0,0,4 - Very High,1,No,Yes,5.0,11.0,0,3.0,Medium,2024-01-27
1976,29,Female,Finance,FIN-05,Financial Analyst,1,Master's,6243,8666,36,285,7,7,4,2 - Medium,2,No,No,9.0,33.0,0,3.0,Very High,02/17/2020
1977,38,Male,Engineering,ENG-02,DevOps Engineer,3,Bachelor's,10569,12421,60,471,11,2,2,4 - Very High,4,No,No,11.0,34.0,1,4.0,Very High,2022-06-28
1978,21,Female,Sales,SAL-03,Regional Sales Lead,2,Master's,7252,9221,42,335,0,0,0,4 - Very High,3,No,No,6.0,23.0,0,,Very High,2024-10-04
1979,28,Female,Operations,OPS-06,Logistics Coordinator,4,Master's,7286,8999,42,333,0,0,0,3 - High,3,No,no,6.0,33.0,4,5.0,Very High,07/17/2024
1980,34,Female,Engineering,ENG-02,Software Engineer,4,Bachelor's,10860,13677,62,490,4,3,0,2 - Medium,2,No,Yes,13.0,23.0,0,3.0,Medium,2024-06-13
1981,34,Female,Sales,SAL-03,Account Executive,1,Bachelor's,5100,6602,30,245,0,0,0,4 - Very High,3,No,Yes,5.0,25.0,3,4.0,Very High,07/13/2024
1982,26,Female,Human Resources,HR-01,HR Analyst,4,High School,7785,9928,44,351,2,0,0,4 - Very High,3,No,No,8.0,15.0,0,2.0,Very High,12/13/2024
1983,21,Female,Operations,OPS-06,Operations Analyst,1,Bachelor's,3525,4278,21,166,0,0,0,1 - Low,2,No,Yes,7.0,28.0,0,,High,2024-08-25
1984,47,Non-Binary,Finance,FIN-05,Financial Analyst,4,High School,8619,10378,51,417,17,4,0,1 - Low,3,No,No,7.0,14.0,0,2.0,High,2024-11-26
1985,23,Female,Sales,SAL-03,Sales Director,2,Bachelor's,6122,7652,35,283,0,0,0,1 - Low,2,Yes,No,10.0,25.0,1,2.0,Medium,2024-10-22
1986,40,Male,Engineering,ENG-02,Senior Engineer,4,Master's,11526,15622,68,535,11,7,5,3 - High,3,No,Yes,8.0,29.0,0,3.0,High,03/01/2019
1987,37,Male,Operations,OPS-06,Logistics Coordinator,1,Bachelor's,4609,5745,27,215,9,2,0,3 - High,3,No,No,9.0,9.0,1,4.0,Very High,2024-03-16
1988,37,Male,Engineering,ENG-02,Senior Engineer,4,Master's,14200,18669,80,652,11,10,10,3 - High,2,No,Yes,6.0,31.0,1,4.0,Very high,2014-01-31
1989,36,Male,Finance,FIN-05,Controller,1,Master's,6478,8376,38,310,1,1,0,3 - High,2,Yes,Yes,6.0,11.0,2,3.0,Low,2024-06-01
1990,30,Male,Marketing,MKT-04,SEO Specialist,1,High School,4797,6604,28,226,10,6,5,3 - High,3,No,No,7.0,20.0,0,4.0,Very High,10/06/2019
1991,23,Female,Operations,OPS-06,Operations Manager,2,Bachelor's,5815,6567,33,260,1,0,0,4 - Very High,3,No,No,7.0,37.0,0,4.0,High,2024-03-22
1992,56,Female,Engineering,ENG-02,Software Engineer,4,PhD,13772,16292,82,662,25,22,19,3 - High,2,No,No,24.0,48.0,0,3.0,Very High,2005-12-28
1993,36,Male,Engineering,ENG-02,Engineering Manager,1,Master's,6808,8160,40,323,3,2,0,3 - High,3,No,Yes,18.0,9.0,3,4.0,Medium,2024-07-01
1994,27,Female,Sales,SAL-03,Senior Sales Rep,3,Bachelor's,8818,10412,51,418,7,2,1,4 - Very High,3,No,No,12.0,35.0,2,4.0,Very High,2023-01-03
1995,24,Female,Operations,OPS-06,Logistics Coordinator,2,Master's,5265,7067,31,246,3,1,1,3 - High,4,No,No,3.0,30.0,3,3.0,High,01/01/2024
1996,38,Female,Finance,FIN-05,Tax Specialist,1,Master's,6344,8271,36,294,10,4,3,3 - High,3,No,No,8.0,23.0,1,3.0,Very High,2021-05-19
1997,26,Male,Engineering,ENG-02,Staff Engineer,2,Bachelor's,8887,11002,52,409,5,0,0,4 - Very High,4,No,No,4.0,19.0,0,4.0,Very High,2024-07-15
1998,26,Female,Marketing,MKT-04,Marketing Analyst,3,Master's,7836,10155,44,347,0,0,0,4 - Very High,3,Yes,No,10.0,24.0,0,3.0,Very High,2024-11-19
1999,42,Male,Engineering,ENG-02,Backend Developer,2,Bachelor's,6792,8930,38,300,11,0,0,4 - Very High,3,No,No,6.0,30.0,4,4.0,Very High,2024-03-17
2000,39,Male,Operations,OPS-06,Process Engineer,5,Bachelor's,10533,12228,61,501,5,2,2,3 - High,3,No,No,6.0,29.0,0,3.0,Medium,08/13/2022
2001,41,Male,Operations,OPS-06,Operations Analyst,1,Bachelor's,4684,5655,27,218,21,9,3,4 - Very High,2,No,No,7.0,26.0,2,3.0,Very High,2021-01-30
2002,43,Male,Finance,FIN-05,Financial Analyst,3,Bachelor's,7180,9083,40,323,3,2,1,1 - Low,4,No,Yes,2.0,17.0,2,1.0,Medium,12/20/2023
2003,36,Male,Engineering,ENG-02,ML Engineer,3,Master's,10836,12853,64,524,2,0,0,3 - High,3,No,No,6.0,18.0,2,4.0,Very High,2024-10-31
2004,33,Male,Human Resources,HR-01,HR Analyst,4,High School,6943,8701,41,323,2,0,0,1 - Low,2,Yes,Yes,3.0,26.0,2,2.0,Low,12/12/2024
2005,34,Female,Finance,FIN-05,Senior Accountant,4,High School,8716,11132,51,418,5,3,1,1 - Low,1,No,Yes,5.0,24.0,0,2.0,High,2023-11-16
2006,38,Female,Sales,SAL-03,Sales Rep,1,Master's,5329,6570,30,244,16,2,0,4 - Very High,3,No,No,10.0,19.0,0,,Very High,2024-07-21
2007,24,Male,Engineering,ENG-02,Backend Developer,2,Bachelor's,7323,8124,42,345,2,2,2,4 - Very High,4,No,No,8.0,27.0,1,4.0,Very High,2022-08-11
2008,36,Female,Operations,OPS-06,Logistics Coordinator,2,PhD,6578,8930,39,311,6,1,1,4 - Very High,3,No,No,6.0,7.0,1,5.0,Very High,07/10/2023
2009,30,Female,Engineering,ENG-02,Software Engineer,3,Bachelor's,7919,10682,47,369,0,0,0,4 - Very High,3,No,No,10.0,0.0,1,4.0,Very High,10/18/2024
2010,21,Male,Operations,OPS-06,Facilities Manager,1,High School,3971,4740,23,186,1,0,0,2 - Medium,2,No,Yes,7.0,38.0,0,3.0,Low,2024-04-03
2011,28,Male,Sales,SAL-03,Sales Director,3,Master's,8944,10892,50,410,2,1,0,2 - Medium,4,No,No,4.0,25.0,0,3.0,Very High,2024-10-05
2012,31,Male,Marketing,MKT-04,Growth Analyst,2,Master's,5938,8115,35,280,0,0,0,2 - Medium,1,No,Yes,19.0,25.0,0,4.0,High,2024-12-01
2013,32,Female,Engineering,ENG-02,Frontend Developer,3,Bachelor's,8392,11012,47,372,0,0,0,2 - Medium,3,No,No,8.0,37.0,2,3.0,Medium,2024-10-16
2014,21,Female,Marketing,MKT-04,Marketing Analyst,2,Bachelor's,4841,5718,28,222,0,0,0,4 - Very High,4,No,No,9.0,17.0,3,4.0,Very High,2024-08-26
2015,28,Female,Engineering,ENG-02,Data Engineer,2,Bachelor's,7595,9660,44,348,1,1,0,4 - Very High,4,Yes,No,14.0,34.0,0,4.0,Very High,11/29/2024
2016,40,Male,Engineering,ENG-02,QA Engineer,4,Bachelor's,12227,14117,69,561,12,5,5,3 - High,3,No,Yes,10.0,31.0,0,4.0,High,2019-02-06
2017,38,Male,Engineering,ENG-02,Software Engineer,2,Bachelor's,8505,11348,51,409,15,4,2,4 - Very High,4,No,No,15.0,28.0,1,3.0,High,2022-07-02
2018,24,Male,Operations,OPS-06,Operations Analyst,1,Bachelor's,4914,6569,28,230,3,0,0,3 - High,2,No,No,2.0,14.0,1,3.0,High,04/02/2024
2019,31,Female,Engineering,ENG-02,Software Engineer,3,Bachelor's,8208,9706,46,378,7,5,5,2 - Medium,4,No,No,5.0,20.0,0,,Very High,02/10/2019
2020,37,Male,Operations,OPS-06,Logistics Coordinator,3,High School,5770,6637,34,268,12,8,7,4 - Very High,4,No,No,33.0,10.0,2,5.0,Very High,11/16/2017
2021,45,Male,Marketing,MKT-04,Marketing Analyst,2,Bachelor's,5528,6426,32,255,8,0,0,2 - Medium,4,No,No,12.0,38.0,0,3.0,Medium,2024-10-02
2022,30,Female,Engineering,ENG-02,Data Engineer,5,Master's,16223,20486,95,768,2,2,0,4 - Very High,4,No,Yes,8.0,24.0,0,4.0,High,2024-09-01
2023,36,Male,Finance,FIN-05,Auditor,3,High School,6925,8122,40,327,1,0,0,4 - Very High,2,No,No,10.0,32.0,3,4.0,Very High,2024-02-09
2024,35,Female,Engineering,ENG-02,Senior Engineer,3,Master's,10422,13937,59,466,8,8,2,4 - Very High,4,No,No,15.0,41.0,0,,Very High,10/06/2022
2025,31,Male,Finance,FIN-05,Auditor,4,Bachelor's,8431,10488,49,404,4,1,0,3 - High,3,No,No,8.0,22.0,2,3.0,High,2024-01-31
2026,40,Female,Engineering,ENG-02,Engineering Manager,1,Master's,6911,8980,40,319,2,0,0,4 - Very High,3,Yes,Yes,7.0,25.0,5,4.0,Medium,2024-11-05
2027,44,Male,Human Resources,HR-01,HR Analyst,3,Bachelor's,6765,8286,38,301,5,2,2,2 - Medium,3,Yes,Yes,3.0,18.0,2,3.0,Very High,2022-10-26
2028,38,Male,Engineering,ENG-02,Frontend Developer,1,Bachelor's,5979,7654,34,268,12,12,3,4 - Very High,4,No,No,17.0,20.0,0,4.0,High,04/19/2021
2029,57,Male,Marketing,MKT-04,Digital Marketing Lead,3,Master's,9855,10900,56,443,28,25,4,2 - Medium,2,Yes,Yes,6.0,30.0,3,1.0,Medium,2020-11-29
2030,29,Male,Finance,FIN-05,Controller,1,Master's,6364,7893,37,298,3,3,2,2 - Medium,4,No,No,6.0,40.0,2,3.0,High,2022-07-15
2031,32,Female,Sales,SAL-03,Account Executive,3,Bachelor's,7305,8917,41,338,1,0,0,2 - Medium,2,No,No,4.0,23.0,3,3.0,Very High,2024-03-31
2032,22,Male,Sales,SAL-03,Senior Sales Rep,3,Bachelor's,7885,9070,46,366,0,0,0,3 - High,3,Yes,No,10.0,29.0,0,3.0,Medium,2024-12-18
2033,41,Female,Operations,OPS-06,Operations Manager,4,Bachelor's,10128,12008,58,475,11,11,5,2 - Medium,2,No,Yes,1.0,32.0,0,4.0,medium,2019-04-11
2034,32,Male,Operations,OPS-06,Process Engineer,4,Bachelor's,7875,9220,45,359,3,3,0,4 - Very High,3,No,No,2.0,13.0,0,3.0,High,04/25/2024
2035,21,Male,Operations,OPS-06,Operations Analyst,1,Master's,4098,4642,23,186,1,0,0,4 - Very High,3,No,No,27.0,30.0,0,3.0,High,03/26/2024
2036,38,Female,Engineering,ENG-02,Backend Developer,1,Bachelor's,6432,7825,37,299,10,10,3,3 - High,3,Yes,No,4.0,12.0,0,3.0,High,02/27/2021
2037,28,Female,Engineering,ENG-02,DevOps Engineer,5,Bachelor's,13435,17804,78,640,3,1,0,3 - High,4,No,No,8.0,22.0,1,4.0,Very High,2024-08-24
2038,36,Female,Sales,SAL-03,Senior Sales Rep,1,Bachelor's,4902,6619,28,221,4,2,0,3 - High,3,No,Yes,10.0,7.0,0,2.0,Low,2024-01-11
2039,25,Male,Sales,SAL-03,Senior Sales Rep,5,High School,10899,13246,61,494,6,3,0,3 - High,2,No,Yes,17.0,35.0,2,3.0,High,2024-12-10
2040,36,Female,Operations,OPS-06,Supply Chain Analyst,4,Master's,10009,13263,59,482,10,9,3,2 - Medium,4,No,Yes,2.0,22.0,0,5.0,High,2021-06-07
2041,42,Male,Engineering,ENG-02,Data Engineer,1,High School,6098,6937,36,292,5,1,0,3 - High,4,No,No,7.0,22.0,0,4.0,Very High,2024-02-18
2042,42,Female,Engineering,ENG-02,Backend Developer,4,Bachelor's,10828,14286,64,515,20,12,4,3 - High,2,No,No,5.0,38.0,2,1.0,Very High,2020-12-04
2043,25,Male,Sales,SAL-03,Regional Sales Lead,4,PhD,12294,13962,70,550,4,4,0,3 - High,3,No,No,6.0,34.0,0,,Very High,11/07/2024
2044,25,Male,Finance,FIN-05,Financial Analyst,2,Master's,5737,6584,34,278,0,0,0,4 - Very High,4,No,No,20.0,27.0,0,4.0,High,12/18/2024
2045,36,Female,Engineering,ENG-02,Backend Developer,4,High School,10595,13820,60,472,3,2,0,3 - High,4,No,Yes,,40.0,0,4.0,Very High,2024-09-23
2046,38,Male,Operations,OPS-06,Logistics Coordinator,1,Master's,5023,6105,29,238,2,0,0,4 - Very High,4,No,No,21.0,12.0,1,3.0,High,06/10/2024
2047,35,Female,Sales,SAL-03,Account Executive,2,Master's,7322,8973,42,344,6,5,3,3 - High,4,No,No,14.0,29.0,0,4.0,Very High,2021-05-03
2048,22,Female,Human Resources,HR-01,HR Coordinator,2,Master's,4533,5979,27,218,4,1,0,3 - High,3,No,No,13.0,20.0,0,2.0,High,09/02/2024
2049,44,Female,Finance,FIN-05,Controller,2,Bachelor's,6499,8520,38,304,4,2,0,2 - Medium,1,No,No,6.0,31.0,1,2.0,Very High,01/28/2024
2050,34,Female,Operations,OPS-06,Process Engineer,2,High School,5056,6880,29,232,14,8,8,4 - Very High,4,No,No,5.0,32.0,3,3.0,High,02/18/2016
2051,49,Female,Sales,SAL-03,Sales Rep,3,High School,7217,8600,40,327,10,7,3,4 - Very High,3,No,No,11.0,45.0,3,3.0,High,2021-08-25
2052,30,Male,Marketing,MKT-04,Growth Analyst,4,Master's,10110,13243,59,464,1,1,1,3 - High,4,No,Yes,15.0,38.0,2,3.0,Very High,2023-04-28
2053,31,Male,Finance,FIN-05,Finance Manager,2,Bachelor's,7188,8549,41,328,0,0,0,4 - Very High,2,Yes,Yes,3.0,39.0,2,2.0,Medium,2024-04-22
2054,30,Female,Marketing,MKT-04,Growth Analyst,2,Bachelor's,6419,8309,36,286,8,5,4,3 - High,3,No,Yes,11.0,30.0,0,1.0,Medium,2020-02-09
2055,60,Female,Operations,OPS-06,Logistics Coordinator,2,Bachelor's,6514,7829,37,304,23,18,3,3 - High,3,No,No,7.0,13.0,3,3.0,Very High,2021-11-25
2056,44,Male,Sales,SAL-03,Account Executive,2,Bachelor's,5863,7361,33,270,9,8,7,3 - High,3,No,No,9.0,26.0,0,3.0,High,
2057,36,Non-Binary,Operations,OPS-06,Operations Manager,2,Bachelor's,6455,8743,36,291,11,3,1,4 - Very High,4,No,No,2.0,18.0,1,4.0,Very High,08/13/2023
2058,37,Female,Operations,OPS-06,Facilities Manager,2,High School,5378,7393,31,251,15,1,0,4 - Very High,4,No,no,8.0,14.0,0,3.0,High,2024-05-18
2059,30,Female,Sales,SAL-03,Sales Rep,2,Master's,6150,7055,35,275,0,0,0,3 - High,2,No,No,12.0,28.0,2,,High,08/17/2024
2060,38,Male,Operations,OPS-06,Facilities Manager,5,Bachelor's,9414,11381,54,439,7,0,0,4 - Very High,2,No,Yes,7.0,34.0,0,2.0,High,2024-09-07
2061,40,Male,Sales,SAL-03,Sales Director,2,Bachelor's,8136,9715,46,369,22,4,1,2 - Medium,4,Yes,No,4.0,21.0,0,5.0,Very High,2023-11-13
2062,40,Female,Sales,SAL-03,Sales Director,2,PhD,7686,8850,44,357,10,4,2,4 - Very High,2,No,Yes,7.0,37.0,3,3.0,High,02/12/2022
2063,29,Male,Marketing,MKT-04,Content Strategist,2,Master's,5270,6873,31,250,0,0,0,4 - Very High,3,No,No,4.0,19.0,2,4.0,Very High,2025-02-19
2064,21,Female,Sales,SAL-03,Sales Manager,4,Bachelor's,10285,12625,61,499,1,1,0,3 - High,3,No,No,6.0,28.0,0,3.0,High,09/02/2024
2065,29,Male,Sales,SAL-03,Business Development Rep,4,Master's,8300,10858,49,394,5,5,4,4 - Very High,3,No,No,5.0,44.0,3,2.0,High,01/06/2020
2066,32,Male,Engineering,ENG-02,Frontend Developer,1,Bachelor's,5766,6928,33,270,2,2,0,4 - Very High,3,No,No,6.0,43.0,0,5.0,Very High,05/22/2024
2067,27,Female,Operations,OPS-06,Operations Manager,1,Bachelor's,4687,6457,27,212,6,0,0,3 - High,2,No,No,5.0,22.0,0,3.0,High,2024-09-01
2068,34,Non-Binary,Human Resources,HR-01,HR Director,1,Bachelor's,4662,5712,28,220,6,3,1,2 - Medium,2,No,No,9.0,31.0,1,4.0,Very High,2023-01-06
2069,47,Male,Operations,OPS-06,Logistics Coordinator,3,Master's,7940,10632,45,368,10,3,0,3 - High,4,No,No,6.0,26.0,1,1.0,Very High,04/24/2024
2070,32,Non-Binary,Engineering,ENG-02,ML Engineer,5,High School,13157,14808,75,601,0,0,0,2 - Medium,3,No,Yes,36.0,38.0,1,4.0,High,2024-12-27
2071,30,Female,Operations,OPS-06,Operations Manager,1,Bachelor's,4998,6653,29,231,0,0,0,2 - Medium,1,No,No,14.0,0.0,0,5.0,High,2024-07-16
2072,28,Non-Binary,Operations,OPS-06,Process Engineer,1,Master's,5314,6634,31,244,1,0,0,2 - Medium,2,No,Yes,8.0,4.0,1,2.0,High,2024-12-19
2073,33,Female,Sales,SAL-03,Sales Manager,4,Bachelor's,8445,9969,49,390,1,1,1,3 - High,4,No,No,8.0,40.0,1,4.0,Very High,07/08/2023
2074,40,Male,Human Resources,HR-01,Recruiter,1,High School,3810,4531,22,177,14,6,6,4 - Very High,2,No,Yes,9.0,16.0,2,3.0,Medium,2018-06-05
2075,32,Female,Operations,OPS-06,Facilities Manager,1,Bachelor's,3947,4921,23,183,7,5,1,3 - High,3,No,No,4.0,25.0,0,3.0,Very High,2023-02-02
2076,41,Female,Sales,SAL-03,Account Executive,2,Bachelor's,8122,11137,48,388,21,20,5,2 - Medium,3,No,No,6.0,24.0,1,2.0,High,2019-12-19
2077,35,Female,Engineering,ENG-02,Engineering Manager,3,Master's,12136,14815,71,565,9,6,5,3 - High,3,No,No,7.0,20.0,0,3.0,Very High,09/05/2019
2078,25,Male,Marketing,MKT-04,Growth Analyst,1,Bachelor's,4749,6569,27,217,5,3,2,3 - High,4,No,No,16.0,9.0,2,1.0,Very High,01/02/2023
2079,28,Female,Sales,SAL-03,Sales Manager,5,Bachelor's,12478,15910,72,570,6,0,0,3 - High,4,No,No,10.0,39.0,1,3.0,Medium,12/12/2024
2080,27,Male,Engineering,ENG-02,DevOps Engineer,3,High School,8655,11252,49,401,4,4,3,1 - Low,2,Yes,No,21.0,18.0,0,2.0,Medium,2021-03-24
2081,24,Non-Binary,Sales,SAL-03,Sales Manager,1,Master's,5461,6344,31,253,3,0,0,1 - Low,1,No,No,25.0,17.0,2,2.0,Very High,01/20/2024
2082,33,Non-Binary,Sales,SAL-03,Sales Manager,1,High School,4631,6227,27,217,1,0,0,2 - Medium,4,No,Yes,18.0,16.0,0,4.0,High,03/30/2024
2083,24,Male,Sales,SAL-03,Sales Rep,2,Bachelor's,6160,7569,36,282,3,3,1,3 - High,4,No,No,4.0,34.0,0,5.0,Very High,2023-02-21
2084,25,Female,Operations,OPS-06,Process Engineer,1,Bachelor's,3878,5056,22,176,1,1,1,3 - High,2,Yes,Yes,5.0,24.0,0,3.0,Very High,2023-12-19
2085,39,Male,Sales,SAL-03,Sales Director,3,Master's,10055,12720,59,468,6,2,0,2 - Medium,4,No,Yes,8.0,20.0,3,5.0,Very high,2024-11-08
2086,22,Female,Sales,SAL-03,Business Development Rep,4,High School,8408,10198,50,398,1,0,0,2 - Medium,4,Yes,No,8.0,22.0,2,3.0,Medium,10/26/2024
2087,49,Female,Sales,SAL-03,Regional Sales Lead,4,Bachelor's,10425,12318,62,507,8,7,7,2 - Medium,3,No,Yes,17.0,27.0,3,3.0,High,04/02/2017
2088,29,Female,Operations,OPS-06,Logistics Coordinator,4,High School,7236,8144,42,345,2,2,1,4 - Very High,4,No,No,4.0,34.0,3,4.0,High,2023-09-21
2089,37,Male,Finance,FIN-05,Financial Analyst,2,Bachelor's,5702,6881,32,256,8,3,2,3 - High,2,No,No,11.0,17.0,3,3.0,High,
2090,50,Female,Engineering,ENG-02,DevOps Engineer,5,Bachelor's,17614,23839,102,821,13,9,6,2 - Medium,3,No,No,3.0,32.0,2,3.0,Medium,2018-03-12
2091,28,Female,Sales,SAL-03,Sales Manager,2,Master's,6712,9136,38,312,7,5,3,4 - Very High,4,No,No,7.0,4.0,1,,High,2021-12-22
2092,21,Male,Sales,SAL-03,Account Executive,2,Bachelor's,6786,8471,40,329,6,2,0,1 - Low,4,No,No,18.0,22.0,1,4.0,Very High,2024-03-26
2093,42,Male,Engineering,ENG-02,DevOps Engineer,2,Bachelor's,8117,9527,46,378,14,13,11,4 - Very High,3,No,No,5.0,14.0,0,,High,2013-03-03
2094,33,Female,Marketing,MKT-04,Brand Manager,1,Bachelor's,4797,5925,28,230,2,1,1,4 - Very High,4,No,No,11.0,18.0,1,3.0,Very High,2023-12-24
2095,31,Male,Sales,SAL-03,Regional Sales Lead,2,Bachelor's,6272,8326,37,297,1,1,0,2 - Medium,2,No,Yes,9.0,27.0,2,3.0,Medium,2024-10-13
2096,41,Male,Engineering,ENG-02,QA Engineer,2,High School,6229,8201,36,290,8,6,5,4 - Very High,3,No,No,5.0,21.0,1,1.0,High,2019-04-04
2097,21,Non-Binary,Finance,FIN-05,Tax Specialist,2,PhD,7749,8908,45,357,3,3,1,2 - Medium,4,Yes,Yes,2.0,35.0,0,4.0,Medium,2023-05-13
2098,34,Female,Engineering,ENG-02,Staff Engineer,5,Bachelor's,17330,19987,103,842,3,3,2,3 - High,3,No,Yes,4.0,40.0,0,4.0,Medium,2022-07-23
2099,35,Female,Finance,FIN-05,Senior Accountant,2,Bachelor's,6615,7886,39,309,12,6,1,4 - Very High,4,No,No,16.0,19.0,2,3.0,Very High,2023-02-21
2100,33,Female,Engineering,ENG-02,Engineering Manager,4,High School,11565,15529,67,528,8,6,5,4 - Very High,4,No,No,11.0,37.0,0,4.0,Very High,2019-08-11
2101,26,Male,Finance,FIN-05,Tax Specialist,1,Bachelor's,4719,5430,27,222,1,0,0,2 - Medium,4,No,No,4.0,25.0,0,1.0,High,2024-05-14
2102,38,Female,Finance,FIN-05,Controller,1,PhD,6764,8454,40,328,17,1,0,4 - Very High,4,No,No,8.0,18.0,0,3.0,Medium,01/08/2024
2103,21,Female,Sales,SAL-03,Account Executive,2,Bachelor's,6839,7889,41,323,0,0,0,3 - High,2,No,No,11.0,29.0,0,4.0,Very High,2024-04-21
2104,40,Female,Marketing,MKT-04,Content Strategist,2,Bachelor's,5761,6959,34,275,10,3,0,4 - Very High,4,No,No,12.0,24.0,2,3.0,High,06/18/2024
2105,26,Male,Engineering,ENG-02,Staff Engineer,3,Bachelor's,9033,12056,53,434,9,1,0,3 - High,4,No,No,5.0,29.0,1,5.0,High,2024-10-19
2106,26,Female,Engineering,ENG-02,ML Engineer,2,High School,7709,10275,45,357,0,0,0,2 - Medium,2,No,Yes,4.0,32.0,0,2.0,Medium,08/14/2024
2107,32,Male,Finance,FIN-05,Controller,5,Bachelor's,12007,15714,69,560,10,7,3,3 - High,3,No,No,9.0,26.0,0,3.0,Very High,05/13/2021
2108,31,Male,Sales,SAL-03,Sales Rep,1,Bachelor's,4459,5410,26,210,4,1,1,4 - Very High,4,No,No,3.0,28.0,1,3.0,Medium,2023-02-04
2109,21,Male,Sales,SAL-03,Account Executive,4,High School,8386,9756,49,391,2,0,0,4 - Very High,3,No,No,15.0,50.0,0,4.0,Very High,2024-08-15
2110,30,Male,Operations,OPS-06,Supply Chain Analyst,1,Master's,5556,6255,32,255,8,1,0,3 - High,1,No,No,10.0,22.0,0,4.0,Very High,2024-03-08
2111,33,Male,Sales,SAL-03,Sales Director,2,High School,6560,8693,39,320,3,0,0,2 - Medium,3,Yes,Yes,7.0,27.0,0,2.0,High,04/20/2024
2112,48,Male,Sales,SAL-03,Sales Director,5,High School,16023,18992,94,753,25,10,4,4 - Very High,3,No,No,3.0,24.0,0,2.0,High,07/17/2020
2113,34,Male,Engineering,ENG-02,Engineering Manager,2,High School,7938,8875,45,367,0,0,0,4 - Very High,3,No,No,11.0,26.0,6,5.0,Very High,2024-12-09
2114,29,Male,Engineering,ENG-02,Software Engineer,1,Bachelor's,5102,6697,30,235,0,0,0,2 - Medium,2,No,No,5.0,18.0,0,2.0,Very High,11/15/2024
2115,21,Female,Human Resources,HR-01,HR Coordinator,2,Master's,5267,6651,30,239,1,1,1,3 - High,4,No,No,5.0,30.0,0,4.0,Very high,2023-07-06
2116,27,Female,Operations,OPS-06,Process Engineer,5,Bachelor's,9428,10614,53,425,0,0,0,2 - Medium,4,No,No,27.0,23.0,3,,Medium,02/26/2025
2117,34,Male,Finance,FIN-05,Controller,1,Master's,6429,8777,37,302,11,0,0,4 - Very High,3,No,No,6.0,0.0,0,4.0,Very High,12/17/2024
2118,38,Male,Sales,SAL-03,Business Development Rep,3,High School,7995,10865,47,370,15,8,1,4 - Very High,4,No,No,15.0,8.0,0,4.0,Very High,2023-08-26
2119,35,Female,Engineering,ENG-02,QA Engineer,3,Master's,9717,11603,56,460,5,3,1,3 - High,3,No,Yes,5.0,18.0,0,4.0,Medium,04/17/2023
2120,32,Male,Operations,OPS-06,Operations Analyst,3,High School,6286,8157,37,300,8,7,2,3 - High,3,No,No,17.0,32.0,0,,High,05/05/2022
2121,31,Male,Engineering,ENG-02,Frontend Developer,1,High School,4940,5975,29,230,1,0,0,1 - Low,3,No,Yes,3.0,36.0,0,4.0,Very High,01/14/2024
2122,36,Male,Human Resources,HR-01,HR Director,2,Bachelor's,6251,7416,36,291,4,1,0,3 - High,4,No,No,10.0,0.0,0,4.0,Very High,2024-02-27
2123,23,Female,Engineering,ENG-02,Senior Engineer,2,Bachelor's,8337,10254,49,388,2,1,0,3 - High,2,No,No,8.0,15.0,0,3.0,High,01/26/2024
2124,30,Female,Engineering,ENG-02,Software Engineer,3,Master's,8723,9893,50,404,6,4,3,3 - High,2,No,No,6.0,36.0,2,3.0,High,2021-07-17
2125,30,Male,Marketing,MKT-04,Growth Analyst,1,Bachelor's,4644,5498,27,222,7,2,0,4 - Very High,3,No,No,10.0,12.0,1,5.0,Very High,12/07/2024
2126,28,Male,Engineering,ENG-02,QA Engineer,2,Bachelor's,6069,7778,34,274,0,0,0,3 - High,4,No,No,6.0,29.0,1,4.0,High,2024-10-30
2127,43,Non-Binary,Sales,SAL-03,Sales Manager,1,High School,5632,7493,32,259,21,2,1,3 - High,4,No,No,13.0,35.0,4,3.0,High,2023-12-26
2128,29,Female,Engineering,ENG-02,DevOps Engineer,2,Bachelor's,7999,10668,47,379,10,6,6,3 - High,3,No,Yes,13.0,29.0,0,3.0,High,12/16/2018
2129,40,Female,Operations,OPS-06,Operations Manager,2,PhD,7654,9458,45,369,19,9,1,3 - High,4,No,Yes,11.0,20.0,0,2.0,Low,04/20/2023
2130,22,Male,Operations,OPS-06,Process Engineer,4,Master's,9907,11392,57,460,2,0,0,4 - Very High,3,No,No,5.0,28.0,0,4.0,Very High,2024-10-31
2131,39,Male,Marketing,MKT-04,Digital Marketing Lead,1,Master's,6426,8184,38,309,5,1,0,4 - Very High,3,No,no,14.0,20.0,1,4.0,Very High,2024-01-09
2132,43,Female,Operations,OPS-06,Process Engineer,3,Bachelor's,6695,7667,38,303,7,3,1,4 - Very High,3,No,No,5.0,20.0,3,,High,2023-01-26
2133,35,Female,Engineering,ENG-02,Engineering Manager,1,Bachelor's,7554,10039,43,343,13,13,8,3 - High,3,No,No,9.0,14.0,2,2.0,Medium,2016-05-10
2134,40,Female,Engineering,ENG-02,Backend Developer,2,Master's,7982,9028,47,375,5,5,1,2 - Medium,2,No,No,6.0,39.0,2,1.0,Medium,2023-05-28
2135,42,Female,Operations,OPS-06,Operations Manager,2,PhD,6552,7461,38,300,7,6,6,2 - Medium,1,No,No,23.0,22.0,2,4.0,Very High,01/20/2018
2136,27,Male,Engineering,ENG-02,Staff Engineer,2,Bachelor's,7953,9688,47,387,0,0,0,4 - Very High,3,No,No,5.0,30.0,0,4.0,Very High,2024-07-24
2137,34,Male,Marketing,MKT-04,SEO Specialist,2,Master's,5887,7230,34,273,0,0,0,4 - Very High,3,No,No,9.0,15.0,1,3.0,High,2024-11-14
2138,38,Male,Operations,OPS-06,Process Engineer,3,Master's,8212,11104,46,362,19,16,6,4 - Very High,3,No,No,4.0,29.0,0,,High,2018-05-04
2139,52,Female,Marketing,MKT-04,Digital Marketing Lead,2,Bachelor's,6538,8992,37,293,24,7,3,4 - Very High,3,No,No,13.0,14.0,2,2.0,High,09/15/2021
2140,24,Female,Engineering,ENG-02,QA Engineer,3,Bachelor's,7403,9345,42,341,1,1,1,3 - High,4,No,No,10.0,16.0,0,4.0,Very High,2023-08-22
2141,31,Male,Engineering,ENG-02,Staff Engineer,5,Bachelor's,15578,19875,92,730,0,0,0,4 - Very High,3,No,No,7.0,34.0,2,2.0,High,2025-02-10
2142,21,Female,Sales,SAL-03,Sales Manager,2,High School,5899,6644,34,273,0,0,0,1 - Low,2,No,No,6.0,26.0,2,4.0,Very High,2024-05-17
2143,42,Female,Operations,OPS-06,Operations Analyst,4,High School,7531,9576,44,356,6,0,0,4 - Very High,3,No,Yes,7.0,17.0,3,5.0,High,2024-03-20
2144,23,Male,Operations,OPS-06,Process Engineer,3,Master's,8370,10366,47,371,7,6,1,3 - High,2,No,No,30.0,35.0,1,2.0,Medium,2023-06-14
2145,33,Male,Marketing,MKT-04,Digital Marketing Lead,3,Bachelor's,7660,9379,44,356,2,2,2,3 - High,3,No,No,4.0,0.0,0,3.0,Very High,2022-08-30
2146,31,Male,Engineering,ENG-02,Software Engineer,4,High School,8045,10758,47,380,1,0,0,4 - Very High,4,No,Yes,5.0,34.0,1,4.0,High,06/09/2024
2147,26,Male,Engineering,ENG-02,QA Engineer,1,Bachelor's,5064,6598,30,236,0,0,0,3 - High,3,No,No,4.0,32.0,4,3.0,Medium,2025-02-08
2148,29,Female,Human Resources,HR-01,HR Analyst,1,Bachelor's,4642,6284,27,212,6,6,3,2 - Medium,3,No,No,3.0,26.0,0,3.0,High,2021-03-30
2149,32,Male,Sales,SAL-03,Sales Rep,1,Master's,5020,6811,29,235,0,0,0,3 - High,3,No,Yes,3.0,18.0,1,4.0,Very High,03/01/2024
2150,33,Female,Operations,OPS-06,Operations Manager,1,High School,4085,4586,24,191,2,1,1,3 - High,2,No,No,16.0,29.0,3,3.0,High,2023-03-28
2151,24,Male,Human Resources,HR-01,Benefits Specialist,1,Master's,4351,5752,26,211,4,1,0,3 - High,4,No,No,13.0,33.0,0,3.0,High,2024-07-06
2152,29,Male,Engineering,ENG-02,DevOps Engineer,1,Bachelor's,5460,7520,31,246,1,1,1,2 - Medium,2,No,Yes,11.0,18.0,0,4.0,Very High,2024-03-15
2153,32,Female,Sales,SAL-03,Sales Manager,5,Master's,11834,14179,69,543,0,0,0,3 - High,3,No,Yes,22.0,3.0,2,,High,06/17/2024
2154,30,Female,Engineering,ENG-02,DevOps Engineer,4,Master's,11043,14611,66,538,2,2,0,4 - Very High,3,No,No,9.0,24.0,3,,High,12/19/2024
2155,22,Male,Engineering,ENG-02,QA Engineer,1,Master's,5345,6903,32,258,2,1,1,4 - Very High,3,No,No,2.0,9.0,0,3.0,High,08/09/2023
2156,26,Male,Operations,OPS-06,Facilities Manager,3,PhD,6521,8237,38,311,2,2,0,4 - Very High,3,No,No,7.0,32.0,1,,High,03/20/2024
2157,34,Female,Operations,OPS-06,Operations Manager,1,High School,5368,6648,30,242,9,1,0,4 - Very High,1,No,Yes,13.0,18.0,0,3.0,High,2024-08-06
2158,41,Female,Sales,SAL-03,Sales Manager,5,PhD,13298,17351,75,609,0,0,0,2 - Medium,3,No,Yes,6.0,36.0,4,,Medium,2024-07-12
2159,45,Male,Engineering,ENG-02,Frontend Developer,3,Master's,8724,10212,49,388,10,2,0,4 - Very High,3,No,No,4.0,20.0,2,4.0,High,2024-09-27
2160,38,Male,Engineering,ENG-02,Software Engineer,1,Master's,7396,8204,44,353,11,10,8,2 - Medium,4,No,No,6.0,37.0,0,3.0,Very High,09/03/2016
2161,35,Female,Sales,SAL-03,Account Executive,1,Bachelor's,5572,6575,32,263,9,8,4,4 - Very High,4,No,No,8.0,20.0,2,,High,05/04/2020
2162,43,Male,Sales,SAL-03,Regional Sales Lead,4,High School,9089,10150,51,401,10,10,0,3 - High,4,No,Yes,1.0,27.0,1,5.0,High,2024-10-14
2163,49,Male,Engineering,ENG-02,QA Engineer,2,Bachelor's,7787,9499,44,361,17,8,4,2 - Medium,3,No,No,14.0,24.0,1,1.0,Medium,06/05/2020
2164,23,Female,Marketing,MKT-04,Brand Manager,2,PhD,6118,8248,35,278,0,0,0,2 - Medium,2,No,No ,7.0,34.0,2,3.0,High,2024-05-13
2165,33,Female,Sales,SAL-03,Account Executive,3,Bachelor's,6572,8902,37,302,1,1,1,4 - Very High,2,No,No,6.0,22.0,2,3.0,Very High,2023-06-30
2166,22,Female,Human Resources,HR-01,Recruiter,1,Bachelor's,3903,5165,22,181,0,0,0,4 - Very High,3,No,No,8.0,28.0,0,3.0,Very High,01/02/2025
2167,34,Male,Finance,FIN-05,Senior Accountant,3,Bachelor's,7685,8839,43,350,6,3,3,2 - Medium,2,No,Yes,8.0,27.0,0,4.0,Very High,2021-07-05
2168,25,Male,Engineering,ENG-02,ML Engineer,2,High School,7612,10206,44,349,0,0,0,2 - Medium,3,No,No,7.0,15.0,1,3.0,High,2024-06-06
2169,42,Female,Sales,SAL-03,Account Executive,3,Master's,9432,11343,55,447,13,9,4,4 - Very High,3,No,No,8.0,36.0,0,3.0,Medium,2020-08-16
2170,45,Female,Engineering,ENG-02,QA Engineer,1,Master's,6244,8201,36,284,22,6,2,4 - Very High,3,No,Yes,5.0,6.0,1,4.0,Very High,12/04/2022
2171,41,Female,Operations,OPS-06,Operations Manager,2,Bachelor's,6905,8085,39,310,12,5,5,3 - High,3,No,Yes,4.0,17.0,1,5.0,Medium,12/04/2019
2172,27,Female,Finance,FIN-05,Financial Analyst,1,Bachelor's,4352,5482,26,211,6,5,3,3 - High,3,No,Yes,11.0,22.0,0,2.0,Low,2021-04-22
2173,45,Female,Engineering,ENG-02,Senior Engineer,2,Master's,9578,11933,57,462,16,5,2,3 - High,3,No,No,7.0,12.0,3,5.0,Very High,2022-08-15
2174,32,Female,Marketing,MKT-04,Marketing Analyst,2,Bachelor's,5600,7055,32,261,4,2,1,4 - Very High,3,No,No,9.0,31.0,1,5.0,High,2023-11-17
2175,24,Male,Marketing,MKT-04,Digital Marketing Lead,1,Bachelor's,5801,7640,34,270,9,8,5,3 - High,2,No,Yes,24.0,25.0,2,,Low,03/16/2019
2176,21,Female,Engineering,ENG-02,Engineering Manager,2,Bachelor's,8536,10333,48,394,1,1,1,3 - High,3,No,No,19.0,23.0,0,2.0,Very High,11/03/2023
2177,31,Male,Operations,OPS-06,Operations Manager,1,Bachelor's,4638,5308,27,218,3,0,0,2 - Medium,2,No,Yes,12.0,16.0,0,4.0,High,2024-02-24
2178,36,Female,Engineering,ENG-02,DevOps Engineer,4,Master's,10853,14143,64,527,0,0,0,4 - Very High,4,No,No,9.0,25.0,4,3.0,High,2025-01-30
2179,35,Female,Finance,FIN-05,Finance Manager,1,Bachelor's,5944,7990,33,270,2,0,0,3 - High,3,No,No,9.0,12.0,5,3.0,High,2024-03-15
2180,42,Female,Engineering,ENG-02,Senior Engineer,2,Master's,9348,11410,54,445,8,3,2,3 - High,4,No,No,12.0,33.0,2,4.0,Very High,2022-08-29
2181,31,Male,Operations,OPS-06,Operations Analyst,3,Master's,7566,8995,43,354,1,1,0,2 - Medium,3,No,No,7.0,14.0,1,2.0,Very High,2024-10-14
2182,26,Male,Engineering,ENG-02,Frontend Developer,2,Master's,7885,9429,46,370,2,2,0,4 - Very High,3,No,No,12.0,17.0,2,3.0,High,01/03/2024
2183,30,Female,Finance,FIN-05,Auditor,4,Bachelor's,9698,12261,57,460,2,0,0,1 - Low,3,Yes,Yes,14.0,36.0,1,1.0,Medium,12/03/2024
2184,49,Female,Marketing,MKT-04,Content Strategist,1,Bachelor's,5042,6958,29,237,20,18,10,4 - Very High,4,No,No,6.0,25.0,0,3.0,Very High,05/19/2014
2185,41,Male,Engineering,ENG-02,Backend Developer,1,Bachelor's,6051,7166,35,287,11,7,7,4 - Very High,3,No,No,6.0,34.0,3,4.0,Very High,11/11/2017
2186,41,Female,Engineering,ENG-02,DevOps Engineer,1,High School,6424,7955,38,300,25,2,2,3 - High,3,No,Yes,7.0,19.0,0,5.0,Very High,2022-06-03
2187,26,Female,Marketing,MKT-04,Brand Manager,3,Bachelor's,8590,9760,49,384,6,3,1,3 - High,4,No,No,5.0,11.0,0,1.0,Very High,2023-09-17
2188,27,Female,Operations,OPS-06,Operations Manager,1,Master's,4922,5499,29,233,1,1,0,3 - High,4,No,No,7.0,17.0,0,2.0,High,01/23/2024
2189,30,Male,Finance,FIN-05,Financial Analyst,1,Master's,5469,6113,31,251,0,0,0,2 - Medium,2,No,Yes,11.0,39.0,0,3.0,Medium,09/21/2024
2190,39,Male,Marketing,MKT-04,Growth Analyst,4,Bachelor's,7935,9834,45,356,0,0,0,1 - Low,1,No,No,9.0,24.0,0,,Very High,2025-05-22
2191,32,Male,Operations,OPS-06,Logistics Coordinator,3,Bachelor's,6057,7094,35,284,5,5,3,4 - Very High,4,No,Yes,5.0,43.0,0,3.0,Medium,2021-02-05
2192,29,Male,Operations,OPS-06,Process Engineer,3,Bachelor's,6368,7034,37,295,2,1,0,3 - High,3,No,No,14.0,26.0,2,2.0,Very High,2024-09-12
2193,31,Female,Finance,FIN-05,Auditor,1,Bachelor's,5881,6768,35,275,4,0,0,4 - Very High,2,No,No,10.0,31.0,0,4.0,High,
2194,41,Male,Operations,OPS-06,Supply Chain Analyst,2,Master's,5783,7547,34,278,17,3,1,3 - High,4,No,No,15.0,39.0,1,3.0,Very High,05/10/2023
2195,28,Male,Human Resources,HR-01,HR Analyst,3,Master's,6488,8912,37,296,3,1,0,3 - High,2,No,No,10.0,39.0,0,3.0,High,2024-04-14
2196,34,Female,Engineering,ENG-02,ML Engineer,5,Bachelor's,16354,21615,96,780,6,5,0,1 - Low,4,No,No,6.0,36.0,2,2.0,Very High,02/14/2024
2197,31,Female,Engineering,ENG-02,Frontend Developer,3,Master's,9901,12168,56,445,2,1,0,4 - Very High,4,No,No,9.0,41.0,0,5.0,Very High,2024-09-20
2198,40,Male,Engineering,ENG-02,Senior Engineer,3,Master's,9491,12545,53,432,10,6,1,4 - Very High,3,No,No,8.0,32.0,0,5.0,High,2023-04-05
2199,38,Female,Marketing,MKT-04,Marketing Manager,4,Bachelor's,9184,11146,53,417,22,9,5,4 - Very High,3,No,No,8.0,27.0,2,5.0,High,2019-07-25
2200,21,Male,Engineering,ENG-02,Data Engineer,2,Bachelor's,6931,9054,39,321,2,1,0,2 - Medium,3,No,No,4.0,24.0,1,3.0,High,2024-01-03
2201,25,Female,Sales,SAL-03,Sales Director,4,Bachelor's,11670,15040,65,528,1,0,0,3 - High,2,No,Yes,16.0,34.0,0,4.0,Medium,2024-06-09
2202,29,Male,Marketing,MKT-04,Growth Analyst,4,Bachelor's,8490,10397,48,385,7,6,1,3 - High,4,Yes,No,28.0,27.0,1,4.0,Very High,2023-04-09
2203,27,Male,Marketing,MKT-04,Digital Marketing Lead,2,Bachelor's,6093,7245,35,285,1,1,1,3 - High,4,No,No,12.0,28.0,2,3.0,High,2024-03-03
2204,25,Male,Engineering,ENG-02,QA Engineer,2,Bachelor's,6430,8507,38,301,1,0,0,3 - High,4,No,No,4.0,38.0,0,5.0,Very High,2024-08-20
2205,21,Male,Operations,OPS-06,Supply Chain Analyst,2,Master's,5040,6696,28,230,0,0,0,2 - Medium,2,Yes,No,38.0,24.0,0,1.0,Medium,2024-11-11
2206,33,Female,Marketing,MKT-04,Brand Manager,1,Bachelor's,5051,6950,29,230,8,0,0,3 - High,3,No,No,7.0,37.0,0,2.0,Very High,2024-08-16
2207,21,Male,Finance,FIN-05,Tax Specialist,1,High School,4245,5993,24,193,1,1,1,2 - Medium,4,No,No,8.0,37.0,1,3.0,High,2023-10-17
2208,25,Male,Sales,SAL-03,Sales Rep,3,Bachelor's,7802,10433,45,368,5,0,0,2 - Medium,3,No,No,10.0,15.0,0,3.0,Medium,2024-04-17
2209,40,Female,Sales,SAL-03,Senior Sales Rep,4,Bachelor's,10880,14242,64,510,25,19,11,3 - High,4,No,No,2.0,25.0,3,4.0,Very High,2013-10-14
2210,51,Male,Engineering,ENG-02,Staff Engineer,2,PhD,12057,13626,68,534,24,3,0,2 - Medium,2,No,Yes,4.0,24.0,0,2.0,Medium,11/24/2024
2211,39,Male,Operations,OPS-06,Process Engineer,2,PhD,6773,8815,38,309,3,1,0,3 - High,4,No,No,,23.0,3,5.0,Very High,01/29/2024
2212,32,Female,Engineering,ENG-02,Backend Developer,2,Master's,8223,11086,47,384,1,1,1,4 - Very High,3,No,No,7.0,23.0,5,3.0,Very High,2023-10-30
2213,46,Male,Engineering,ENG-02,Data Engineer,1,High School,5308,6663,30,236,4,0,0,4 - Very High,2,No,No,11.0,37.0,0,4.0,Very High,02/27/2024
2214,31,Male,Marketing,MKT-04,SEO Specialist,2,High School,5725,6825,32,255,6,0,0,4 - Very High,4,No,No,8.0,21.0,0,4.0,Very High,2024-12-03
2215,37,Female,Finance,FIN-05,Controller,4,Bachelor's,10204,12312,60,487,4,1,1,2 - Medium,3,No,No,8.0,21.0,6,,Very High,07/23/2023
2216,26,Male,Sales,SAL-03,Sales Manager,1,Bachelor's,4832,6161,28,221,5,4,3,4 - Very High,3,No,No,13.0,16.0,0,3.0,High,05/05/2021
2217,41,Non-Binary,Engineering,ENG-02,Software Engineer,1,Bachelor's,6270,7996,37,298,12,5,2,4 - Very High,3,Yes,No,7.0,23.0,0,3.0,Very High,2022-05-03
2218,26,Female,Marketing,MKT-04,SEO Specialist,1,Bachelor's,4664,6328,27,219,3,0,0,4 - Very High,3,No,No,7.0,20.0,0,4.0,Very High,2024-06-12
2219,51,Female,Sales,SAL-03,Sales Rep,3,Bachelor's,7945,10121,46,378,21,16,11,2 - Medium,2,No,Yes,5.0,20.0,0,4.0,High,2013-11-17
2220,43,Non-Binary,Operations,OPS-06,Supply Chain Analyst,1,High School,3919,5509,22,178,11,1,0,3 - High,3,No,No,5.0,34.0,2,3.0,Medium,2024-01-14
2221,32,Female,Finance,FIN-05,Senior Accountant,2,Master's,6658,9137,39,318,5,0,0,3 - High,3,No,No,4.0,21.0,1,2.0,Very High,2024-04-11
2222,53,Female,Sales,SAL-03,Sales Rep,2,Master's,7719,9786,46,366,29,24,12,4 - Very High,4,No,No,13.0,37.0,0,4.0,Very High,2012-11-05
2223,40,Male,Engineering,ENG-02,Frontend Developer,4,High School,10545,12651,59,469,2,1,0,2 - Medium,3,No,No,14.0,22.0,4,4.0,Very High,05/17/2024
2224,44,Female,Engineering,ENG-02,QA Engineer,2,Bachelor's,6940,8257,40,327,6,2,1,2 - Medium,4,Yes,No,7.0,29.0,2,3.0,Very High,02/19/2023
2225,29,Female,Human Resources,HR-01,HR Analyst,3,Master's,6948,8121,40,327,8,6,3,4 - Very High,3,No,No,5.0,47.0,1,5.0,Very High,2021-11-13
2226,39,Male,Engineering,ENG-02,Data Engineer,4,Bachelor's,12896,14272,76,618,17,1,1,3 - High,2,No,No,11.0,50.0,0,3.0,High,05/23/2023
2227,21,Male,Marketing,MKT-04,Marketing Analyst,4,PhD,9353,10454,55,450,0,0,0,4 - Very High,4,No,No,12.0,24.0,1,4.0,High,04/14/2025
2228,21,Female,Sales,SAL-03,Sales Director,4,Bachelor's,10737,14307,63,503,0,0,0,3 - High,3,No,No,20.0,0.0,0,3.0,High,2024-04-22
2229,21,Female,Operations,OPS-06,Operations Manager,1,Bachelor's,4915,6185,28,220,5,1,1,2 - Medium,2,No,Yes,24.0,23.0,0,3.0,Very High,2023-04-15
2230,29,Male,Engineering,ENG-02,Senior Engineer,3,High School,8780,10114,50,408,0,0,0,4 - Very High,3,No,No,7.0,25.0,1,3.0,Very High,2024-07-20
2231,25,Female,Sales,SAL-03,Senior Sales Rep,1,Bachelor's,5242,6300,31,253,4,1,1,3 - High,1,No,Yes,7.0,24.0,1,2.0,Low,2023-08-22
2232,46,Female,Human Resources,HR-01,HR Analyst,1,Master's,5671,6380,32,255,13,6,1,4 - Very High,2,No,No,4.0,20.0,1,5.0,High,03/19/2023
2233,37,Male,Operations,OPS-06,Process Engineer,1,High School,4829,6334,28,220,19,0,0,2 - Medium,2,No,No,7.0,0.0,1,4.0,Very High,11/16/2024
2234,38,Male,Engineering,ENG-02,Staff Engineer,5,PhD,20396,24862,119,944,7,5,2,2 - Medium,3,No,No,2.0,12.0,1,4.0,Very High,2022-07-02
2235,25,Female,Sales,SAL-03,Account Executive,2,Master's,7156,9398,42,343,9,2,1,2 - Medium,2,No,Yes,7.0,38.0,0,3.0,Medium,04/15/2023
2236,21,Female,Operations,OPS-06,Logistics Coordinator,3,Master's,6431,8551,38,311,0,0,0,2 - Medium,3,Yes,No,2.0,27.0,2,3.0,High,12/02/2024
2237,41,Female,Sales,SAL-03,Senior Sales Rep,3,Master's,8497,10563,50,394,13,9,8,4 - Very High,3,No,No,2.0,35.0,1,,Very High,2016-10-07
2238,24,Female,Operations,OPS-06,Supply Chain Analyst,2,Bachelor's,4717,5815,27,219,1,1,1,4 - Very High,4,No,No,11.0,24.0,0,4.0,Very High,2023-10-20
2239,51,Male,Marketing,MKT-04,SEO Specialist,2,Bachelor's,6192,8116,35,282,19,3,2,2 - Medium,3,No,Yes,10.0,17.0,0,3.0,High,02/27/2022
2240,43,Male,Operations,OPS-06,Supply Chain Analyst,1,Bachelor's,3861,5544,22,174,3,0,0,3 - High,4,No,Yes,8.0,28.0,3,4.0,Very High,08/09/2024
2241,33,Male,Engineering,ENG-02,QA Engineer,1,High School,5174,6656,30,235,5,4,4,2 - Medium,2,No,No,15.0,41.0,2,1.0,Very High,2020-10-01
2242,27,Male,Operations,OPS-06,Facilities Manager,3,Bachelor's,5622,6806,32,255,0,0,0,4 - Very High,4,No,No,4.0,27.0,1,5.0,High,2024-10-25
2243,28,Male,Engineering,ENG-02,Data Engineer,2,Bachelor's,8028,10574,45,363,1,0,0,3 - High,3,No,No,7.0,20.0,0,4.0,Very High,09/07/2024
2244,31,Male,Sales,SAL-03,Business Development Rep,4,Bachelor's,7449,9639,43,340,0,0,0,4 - Very High,3,No,No,10.0,11.0,1,3.0,Medium,12/23/2024
2245,30,Male,Finance,FIN-05,Senior Accountant,2,Master's,6043,6729,35,284,1,0,0,2 - Medium,3,No,Yes,6.0,36.0,1,4.0,Very High,2024-11-25
2246,31,Male,Operations,OPS-06,Process Engineer,2,High School,4822,6302,28,229,5,4,1,4 - Very High,4,No,No,4.0,38.0,0,3.0,Medium,03/12/2023
2247,60,Female,Engineering,ENG-02,DevOps Engineer,4,Bachelor's,11684,14770,69,557,27,20,4,4 - Very High,3,No,Yes,5.0,42.0,2,3.0,High,04/11/2020
2248,24,Male,Sales,SAL-03,Sales Manager,4,Master's,10852,12419,64,525,3,1,0,3 - High,3,No,No,9.0,29.0,0,5.0,Very High,08/28/2024
2249,46,Male,Engineering,ENG-02,Frontend Developer,2,High School,6036,7097,36,293,10,8,3,4 - Very High,3,No,No,10.0,23.0,0,2.0,high,2021-12-04
2250,49,Male,Sales,SAL-03,Sales Rep,2,Bachelor's,7225,8953,41,335,28,13,13,4 - Very High,4,Yes,No,8.0,19.0,0,4.0,Very High,12/21/2011
2251,23,Male,Sales,SAL-03,Sales Rep,4,Bachelor's,8446,9617,48,391,8,6,1,3 - High,4,No,Yes,25.0,38.0,0,3.0,High,2023-08-24
2252,29,Female,Sales,SAL-03,Sales Rep,2,Master's,6229,7903,37,296,6,1,1,2 - Medium,2,No,No,3.0,29.0,0,1.0,Very High,09/04/2023
2253,30,Female,Marketing,MKT-04,Growth Analyst,1,Bachelor's,5078,6168,29,229,1,0,0,3 - High,4,No,No,9.0,19.0,2,3.0,Medium,01/16/2024
2254,27,Non-Binary,Sales,SAL-03,Sales Manager,1,High School,5138,5719,29,231,4,3,0,3 - High,2,No,Yes,4.0,14.0,1,,Medium,2024-01-25
2255,38,Male,Engineering,ENG-02,Frontend Developer,3,Master's,10958,13874,64,522,20,2,2,4 - Very High,2,No,No,11.0,24.0,3,3.0,High,2022-02-03
2256,26,Male,Engineering,ENG-02,Engineering Manager,1,High School,5532,6533,33,270,0,0,0,3 - High,4,No,No,8.0,21.0,0,4.0,High,2024-12-25
2257,33,Female,Finance,FIN-05,Auditor,3,Master's,8051,9066,45,368,14,0,0,4 - Very High,4,No,Yes,10.0,24.0,0,5.0,High,05/04/2024
2258,33,Female,Engineering,ENG-02,ML Engineer,4,Bachelor's,12941,16825,74,597,4,2,2,3 - High,4,No,No,20.0,15.0,0,5.0,Very High,12/05/2022
2259,40,Male,Engineering,ENG-02,Software Engineer,1,High School,6301,7800,36,294,12,8,8,4 - Very High,3,No,No,5.0,14.0,3,4.0,High,2016-06-25
2260,25,Male,Engineering,ENG-02,DevOps Engineer,1,High School,5568,7583,32,258,0,0,0,4 - Very High,4,No,No,12.0,26.0,0,4.0,High,02/04/2025
2261,44,Male,Marketing,MKT-04,Digital Marketing Lead,1,Bachelor's,5687,6567,33,264,10,1,1,3 - High,1,No,No,15.0,19.0,0,3.0,Very High,2023-11-02
2262,28,Non-Binary,Marketing,MKT-04,Brand Manager,1,Master's,4883,6146,28,225,7,2,0,3 - High,3,No,No,12.0,33.0,0,,Very High,05/16/2024
2263,35,Female,Sales,SAL-03,Sales Rep,3,Master's,8017,10118,46,363,6,5,5,3 - High,2,Yes,No,8.0,28.0,1,3.0,Very High,2019-05-02
2264,34,Female,Engineering,ENG-02,QA Engineer,2,PhD,6871,8135,40,320,3,0,0,4 - Very High,4,No,No,11.0,36.0,1,3.0,Very High,2024-07-13
2265,33,Female,Engineering,ENG-02,DevOps Engineer,1,Master's,6123,8113,34,272,5,3,3,3 - High,4,No,No,10.0,26.0,0,3.0,High,2021-12-03
2266,43,Female,Operations,OPS-06,Facilities Manager,1,Bachelor's,4866,6064,28,221,18,12,3,3 - High,3,No,No,10.0,6.0,0,5.0,High,2021-08-05
2267,49,Female,Engineering,ENG-02,Senior Engineer,2,PhD,10794,12753,64,511,16,2,0,3 - High,1,No,Yes,5.0,43.0,0,3.0,Medium,2024-04-07
2268,45,Male,Operations,OPS-06,Process Engineer,1,Master's,4547,5453,26,211,9,7,2,4 - Very High,3,Yes,No,3.0,26.0,0,4.0,High,06/25/2022
2269,28,Female,Engineering,ENG-02,DevOps Engineer,4,Master's,10007,13682,57,462,0,0,0,4 - Very High,3,No,No,11.0,29.0,0,4.0,Very High,2025-04-29
2270,37,Non-Binary,Finance,FIN-05,Controller,1,High School,5706,6964,33,264,6,5,5,4 - Very High,4,No,No,9.0,18.0,0,3.0,Very High,07/02/2019
2271,37,Male,Sales,SAL-03,Sales Director,3,Bachelor's,8366,11147,49,402,1,1,0,3 - High,3,No,Yes,9.0,30.0,4,3.0,Low,09/27/2024
2272,28,Male,Sales,SAL-03,Regional Sales Lead,3,High School,8626,11404,49,392,7,4,0,4 - Very High,3,No,No,5.0,16.0,0,3.0,Medium,2024-09-14
2273,22,Male,Operations,OPS-06,Operations Analyst,2,Bachelor's,5438,6056,31,243,4,3,3,2 - Medium,3,No,No,6.0,33.0,0,5.0,High,2021-06-05
2274,37,Male,Engineering,ENG-02,Senior Engineer,2,Bachelor's,8724,11634,49,399,9,4,3,4 - Very High,2,No,No,9.0,28.0,3,4.0,Very High,2021-11-24
2275,59,Female,Operations,OPS-06,Facilities Manager,1,Bachelor's,5258,6463,30,247,27,6,0,3 - High,4,No,No,8.0,23.0,0,3.0,Very High,2024-11-13
2276,33,Male,Sales,SAL-03,Sales Director,4,High School,10543,11498,61,479,5,2,2,4 - Very High,4,No,No,8.0,43.0,1,4.0,Very High,2022-12-30
2277,32,Female,Sales,SAL-03,Sales Director,2,Bachelor's,7112,9355,40,320,1,1,0,2 - Medium,3,No,Yes,7.0,24.0,1,2.0,High,2024-01-06
2278,33,Male,Sales,SAL-03,Sales Manager,1,Bachelor's,5675,6840,33,264,3,0,0,3 - High,2,No,No,4.0,25.0,1,1.0,High,2024-09-07
2279,35,Female,Sales,SAL-03,Sales Director,4,Bachelor's,10123,13437,59,480,0,0,0,3 - High,2,No,No,11.0,32.0,1,3.0,Very High,2024-09-08
2280,35,Male,Sales,SAL-03,Sales Rep,2,Bachelor's,5294,6988,31,251,2,1,1,3 - High,4,Yes,Yes,6.0,37.0,3,3.0,High,2023-12-28
2281,60,Male,Engineering,ENG-02,Software Engineer,3,High School,9844,13302,58,462,23,20,15,2 - Medium,3,No,No,10.0,25.0,3,2.0,Very High,2009-11-26
2282,43,Male,Operations,OPS-06,Facilities Manager,2,High School,5555,7323,33,262,9,8,7,3 - High,3,No,No,9.0,12.0,1,3.0,High,2017-09-30
2283,23,Female,Operations,OPS-06,Process Engineer,1,PhD,5140,7237,30,246,0,0,0,3 - High,3,No,No,6.0,13.0,1,4.0,Very High,2024-06-30
2284,26,Female,Engineering,ENG-02,Senior Engineer,3,Bachelor's,10136,12247,59,480,7,6,5,3 - High,3,No,No,7.0,32.0,0,4.0,Very High,2019-05-30
2285,47,Male,Operations,OPS-06,Operations Manager,1,Bachelor's,5454,7139,31,245,15,3,2,4 - Very High,3,No,No,4.0,20.0,1,4.0,Very High,2022-01-04
2286,32,Male,Operations,OPS-06,Operations Analyst,1,High School,3648,4893,21,173,9,5,2,2 - Medium,4,No,Yes,16.0,27.0,2,3.0,Low,02/26/2022
2287,40,Female,Operations,OPS-06,Facilities Manager,3,Master's,7503,9528,44,347,2,0,0,4 - Very High,3,No,No,17.0,31.0,1,4.0,Very High,2024-01-02
2288,51,Male,Finance,FIN-05,Senior Accountant,3,Bachelor's,9123,10822,52,410,18,16,4,3 - High,3,No,No,10.0,25.0,0,3.0,High,2020-11-12
2289,40,Male,Marketing,MKT-04,Digital Marketing Lead,4,Bachelor's,10855,13968,61,484,4,2,2,4 - Very High,4,No,No,8.0,42.0,0,3.0,Very High,2022-02-04
2290,31,Male,Human Resources,HR-01,HR Analyst,3,Bachelor's,7160,8201,41,337,5,4,4,4 - Very High,3,No,No,3.0,27.0,0,4.0,Very High,2020-04-01
2291,31,Male,Operations,OPS-06,Supply Chain Analyst,1,Bachelor's,4232,5167,24,195,5,2,0,3 - High,3,No,No,11.0,27.0,0,3.0,High,2024-05-15
2292,50,Male,Operations,OPS-06,Supply Chain Analyst,1,Bachelor's,4775,5973,28,225,11,6,6,2 - Medium,3,No,No,6.0,20.0,2,3.0,Medium,2018-05-05
2293,31,Female,Engineering,ENG-02,Data Engineer,4,Master's,11457,13512,65,516,5,0,0,2 - Medium,3,No,No,5.0,22.0,0,4.0,Very High,2024-09-27
2294,28,Female,Engineering,ENG-02,Software Engineer,2,Bachelor's,6871,8810,40,318,0,0,0,4 - Very High,3,No,No,8.0,25.0,2,4.0,Very High,2024-11-28
2295,49,Male,Engineering,ENG-02,QA Engineer,1,High School,5803,7212,33,262,18,15,11,3 - High,4,No,No,5.0,26.0,0,3.0,Very High,11/14/2013
2296,23,Female,Engineering,ENG-02,Data Engineer,1,Master's,5844,7471,33,270,5,3,1,3 - High,4,No,No,11.0,11.0,0,4.0,Very High,07/17/2023
2297,43,Male,Marketing,MKT-04,Marketing Manager,3,Master's,9969,12732,56,451,16,8,7,4 - Very High,3,No,No,6.0,39.0,1,4.0,Very High,10/22/2017
2298,21,Male,Engineering,ENG-02,Staff Engineer,4,PhD,11707,13199,66,544,0,0,0,3 - High,2,Yes,Yes,18.0,29.0,0,4.0,High,06/11/2024
2299,36,Male,Engineering,ENG-02,Backend Developer,1,Master's,5572,7556,32,254,1,1,1,2 - Medium,2,No,Yes,9.0,11.0,1,,Very High,01/09/2024
2300,59,Non-Binary,Engineering,ENG-02,Senior Engineer,2,Master's,9053,10814,54,425,22,22,9,4 - Very High,4,No,No,5.0,22.0,0,4.0,High,2015-02-09
2301,30,Male,Operations,OPS-06,Process Engineer,2,Bachelor's,6296,7311,37,303,5,1,0,4 - Very High,3,No,No,30.0,29.0,0,5.0,High,2024-09-18
2302,51,Female,Sales,SAL-03,Senior Sales Rep,2,High School,5606,7618,32,253,18,1,0,3 - High,3,No,No,8.0,24.0,0,3.0,Medium,2024-06-27
2303,34,Female,Finance,FIN-05,Finance Manager,2,Master's,7840,9914,46,365,12,3,1,4 - Very High,3,No,No,4.0,29.0,1,4.0,Very High,2023-11-01
2304,49,Female,Engineering,ENG-02,Frontend Developer,1,Master's,7725,8851,46,374,23,3,2,4 - Very High,4,No,No,5.0,30.0,0,5.0,High,01/17/2022
2305,29,Male,Sales,SAL-03,Business Development Rep,1,High School,4549,6271,26,205,0,0,0,2 - Medium,3,Yes,Yes,8.0,27.0,3,2.0,High,2024-09-26
2306,24,Female,Operations,OPS-06,Process Engineer,2,Bachelor's,6478,7768,37,291,6,6,5,2 - Medium,2,No,No,6.0,18.0,0,3.0,High,2019-11-19
2307,32,Female,Engineering,ENG-02,Senior Engineer,4,Bachelor's,10083,13498,59,476,2,0,0,2 - Medium,2,Yes,Yes,11.0,35.0,1,2.0,High,2024-06-26
2308,39,Female,Engineering,ENG-02,Backend Developer,3,Master's,10838,13580,61,486,11,1,1,2 - Medium,3,No,No,6.0,29.0,0,2.0,High,2023-04-28
2309,50,Female,Finance,FIN-05,Tax Specialist,4,Master's,10565,12182,61,501,18,7,0,2 - Medium,4,No,No,11.0,28.0,3,2.0,Very High,2024-11-10
2310,41,Male,Sales,SAL-03,Sales Director,5,Bachelor's,12051,15152,71,572,2,1,0,3 - High,2,Yes,No,5.0,30.0,0,3.0,High,
2311,21,Male,Engineering,ENG-02,Software Engineer,4,High School,8062,10712,46,367,0,0,0,4 - Very High,2,No,No,9.0,33.0,0,4.0,High,2024-05-30
2312,31,Female,Sales,SAL-03,Business Development Rep,1,High School,4264,5058,24,193,7,1,0,4 - Very High,4,No,No,8.0,32.0,3,4.0,Very High,2025-01-01
2313,31,Female,Sales,SAL-03,Sales Manager,3,Master's,8364,10908,49,385,4,1,1,3 - High,2,No,No,11.0,39.0,3,4.0,Very High,2023-09-15
2314,47,Female,Operations,OPS-06,Operations Manager,2,Bachelor's,6307,8445,36,284,8,5,0,3 - High,4,No,No,6.0,20.0,2,3.0,Very High,2024-02-29
2315,39,Male,Sales,SAL-03,Business Development Rep,2,High School,5992,7208,34,272,12,12,10,3 - High,2,No,No,14.0,13.0,0,4.0,Very High,10/17/2014
2316,37,Male,Finance,FIN-05,Finance Manager,1,Bachelor's,5062,6576,29,230,0,0,0,4 - Very High,4,No,No,6.0,26.0,4,3.0,High,11/30/2024
2317,32,Male,Marketing,MKT-04,Marketing Analyst,2,Bachelor's,5077,5926,30,243,5,0,0,3 - High,4,No,No,3.0,34.0,0,1.0,High,
2318,35,Male,Engineering,ENG-02,Engineering Manager,5,Bachelor's,15768,21258,91,730,9,2,0,4 - Very High,3,Yes,Yes,5.0,31.0,0,4.0,High,2024-06-29
2319,33,Male,Operations,OPS-06,Supply Chain Analyst,3,Master's,7618,9424,45,370,4,0,0,3 - High,3,No,No,3.0,21.0,0,3.0,High,2024-02-08
2320,42,Male,Finance,FIN-05,Tax Specialist,3,Bachelor's,9291,11112,53,417,15,3,3,4 - Very High,4,No,No,6.0,28.0,1,3.0,High,2021-12-16
2321,33,Non-Binary,Marketing,MKT-04,Content Strategist,3,Bachelor's,6572,8411,38,305,4,0,0,3 - High,4,No,No,14.0,31.0,1,3.0,High,02/20/2024
2322,26,Female,Engineering,ENG-02,ML Engineer,4,Master's,11565,13132,66,529,1,1,1,4 - Very High,3,No,No,10.0,44.0,1,4.0,Very High,2023-06-21
2323,35,Male,Marketing,MKT-04,SEO Specialist,1,High School,4424,5131,25,203,12,11,2,3 - High,3,No,Yes,4.0,21.0,2,4.0,High,04/13/2022
2324,30,Female,Operations,OPS-06,Process Engineer,1,Master's,5149,6746,31,252,2,0,0,2 - Medium,2,No,Yes,21.0,19.0,1,5.0,Very High,2024-10-22
2325,26,Male,Sales,SAL-03,Sales Rep,2,Bachelor's,5628,7431,33,270,1,0,0,2 - Medium,2,Yes,Yes,12.0,33.0,0,1.0,High,2024-05-01
2326,28,Male,Sales,SAL-03,Account Executive,3,High School,7979,10305,45,368,3,3,2,3 - High,4,No,No,18.0,27.0,2,3.0,High,2022-01-30
2327,28,Male,Marketing,MKT-04,Marketing Analyst,3,High School,5690,6787,33,268,7,0,0,4 - Very High,2,No,No,9.0,28.0,0,4.0,Very High,2024-08-11
2328,34,Female,Operations,OPS-06,Operations Analyst,1,Master's,4746,6388,28,228,2,1,0,3 - High,3,No,No,19.0,21.0,1,3.0,High,2024-05-19
2329,33,Female,Marketing,MKT-04,Digital Marketing Lead,1,Master's,5676,6919,33,261,6,5,1,2 - Medium,1,No,No,6.0,17.0,2,2.0,Very High,2023-09-06
2330,33,Female,Engineering,ENG-02,DevOps Engineer,4,High School,10159,12729,58,477,9,7,0,3 - High,3,No,No,19.0,30.0,1,,High,09/24/2024
2331,30,Female,Engineering,ENG-02,Senior Engineer,4,Bachelor's,10683,14037,62,487,1,1,1,3 - High,3,No,No,5.0,30.0,3,,Very High,2023-12-30
2332,22,Female,Sales,SAL-03,Business Development Rep,2,Bachelor's,6344,7773,38,304,2,1,1,4 - Very High,3,No,No,3.0,6.0,0,3.0,Very High,2023-01-14
2333,33,Female,Operations,OPS-06,Logistics Coordinator,3,Bachelor's,7142,9160,41,322,9,3,1,2 - Medium,3,No,Yes,8.0,8.0,0,1.0,Medium,2023-02-02
2334,33,Male,Sales,SAL-03,Sales Manager,2,High School,6788,8809,40,326,9,5,5,2 - Medium,3,No,No,16.0,14.0,2,3.0,High,2019-03-02
2335,33,Male,Finance,FIN-05,Auditor,1,Bachelor's,4528,6143,26,210,2,0,0,1 - Low,2,Yes,Yes,14.0,38.0,0,3.0,Medium,12/21/2024
2336,21,Female,Marketing,MKT-04,SEO Specialist,1,Master's,4201,5671,24,194,2,2,0,3 - High,3,No,No,16.0,42.0,1,2.0,High,2024-03-15
2337,55,Female,Engineering,ENG-02,Software Engineer,2,Bachelor's,8484,10595,48,395,23,12,8,4 - Very High,3,No,No,20.0,29.0,0,4.0,Very High,02/12/2016
2338,32,Male,Marketing,MKT-04,Marketing Analyst,1,Master's,4400,5387,26,207,2,1,0,4 - Very High,4,No,No,,14.0,2,4.0,Very High,2025-01-01
2339,37,Female,Engineering,ENG-02,Engineering Manager,1,Master's,6376,8186,37,292,1,1,1,4 - Very High,4,No,No,6.0,9.0,2,4.0,Very High,2024-04-20
2340,37,Female,Operations,OPS-06,Operations Analyst,1,Bachelor's,4816,6212,27,216,7,5,2,3 - High,4,Yes,No,5.0,23.0,0,,Very High,10/31/2022
2341,34,Non-Binary,Finance,FIN-05,Financial Analyst,1,Bachelor's,4791,6431,28,223,6,3,0,3 - High,2,No,No,20.0,12.0,0,3.0,High,2024-09-29
2342,24,Non-Binary,Sales,SAL-03,Account Executive,1,Master's,6589,7630,39,307,6,5,1,4 - Very High,2,No,No,8.0,37.0,0,4.0,Very High,08/14/2023
2343,38,Male,Human Resources,HR-01,Benefits Specialist,1,Master's,4688,5582,26,210,1,0,0,3 - High,3,No,No,6.0,32.0,2,4.0,High,2024-09-07
2344,41,Female,Operations,OPS-06,Process Engineer,2,Master's,6474,7785,38,302,12,6,6,3 - High,3,Yes,No,9.0,28.0,0,3.0,High,2018-10-06
2345,33,Female,Marketing,MKT-04,Growth Analyst,3,Bachelor's,6881,9480,40,325,9,9,1,4 - Very High,3,No,No,6.0,14.0,2,,Very High,2023-10-11
2346,42,Male,Operations,OPS-06,Logistics Coordinator,1,High School,4237,5149,24,190,12,9,8,3 - High,3,No,No,19.0,26.0,0,4.0,High,2016-02-18
2347,41,Male,Sales,SAL-03,Business Development Rep,1,PhD,6106,8241,34,277,11,9,7,2 - Medium,3,No,No,21.0,33.0,0,3.0,Medium,07/18/2017
2348,25,Male,Engineering,ENG-02,Backend Developer,3,Master's,7943,9095,45,354,2,1,1,2 - Medium,2,No,No,11.0,42.0,0,,High,2023-06-06
2349,36,Female,Sales,SAL-03,Business Development Rep,1,Bachelor's,5070,6131,29,235,7,0,0,2 - Medium,2,No,No,5.0,37.0,0,2.0,High,2024-02-12
2350,35,Female,Engineering,ENG-02,ML Engineer,3,High School,7980,10455,45,361,2,1,1,4 - Very High,4,No,No,3.0,22.0,3,4.0,Very High,2023-07-14
2351,26,Male,Sales,SAL-03,Sales Rep,3,PhD,7746,9948,44,358,1,1,1,4 - Very High,4,No,Yes,5.0,25.0,2,3.0,Medium,2023-06-26
2352,29,Non-Binary,Operations,OPS-06,Process Engineer,3,Master's,8870,10104,50,405,7,6,0,1 - Low,4,No,No,12.0,22.0,0,2.0,Medium,08/13/2024
2353,43,Female,Operations,OPS-06,Logistics Coordinator,2,Bachelor's,4855,5943,28,225,9,3,0,3 - High,3,No,No,9.0,40.0,1,3.0,Very High,2024-02-24
2354,31,Female,Finance,FIN-05,Financial Analyst,1,Bachelor's,4886,6532,29,237,5,1,1,4 - Very High,3,No,No,7.0,37.0,2,5.0,Very High,02/15/2023
2355,35,Female,Marketing,MKT-04,Digital Marketing Lead,4,Master's,10579,14486,61,493,8,7,7,2 - Medium,4,No,No,11.0,28.0,0,2.0,Very High,2017-05-10
2356,35,Male,Sales,SAL-03,Account Executive,2,Bachelor's,5736,7083,32,262,3,2,0,4 - Very High,3,No,No,4.0,28.0,2,4.0,Very High,05/19/2024
2357,29,Male,Marketing,MKT-04,Marketing Manager,2,Bachelor's,5744,6661,33,269,4,3,0,3 - High,3,No,Yes,4.0,40.0,0,3.0,Medium,2024-04-15
2358,34,Female,Engineering,ENG-02,Staff Engineer,2,Bachelor's,6718,7944,39,318,0,0,0,4 - Very High,4,No,No,25.0,17.0,1,,High,2025-02-15
2359,33,Male,Sales,SAL-03,Business Development Rep,2,Master's,6438,8626,37,304,4,0,0,2 - Medium,2,No,Yes,5.0,16.0,1,4.0,Medium,11/22/2024
2360,26,Male,Engineering,ENG-02,Frontend Developer,3,Bachelor's,7731,9454,45,371,0,0,0,3 - High,2,No,Yes,19.0,28.0,0,4.0,Very High,07/22/2024
2361,48,Female,Sales,SAL-03,Sales Manager,4,Bachelor's,10478,12450,60,472,9,0,0,3 - High,4,No,No,9.0,34.0,3,3.0,Very High,02/20/2024
2362,38,Female,Operations,OPS-06,Operations Analyst,2,High School,4948,6613,29,232,4,1,0,4 - Very High,3,No,No,4.0,19.0,2,5.0,Very High,2024-04-24
2363,25,Male,Sales,SAL-03,Account Executive,5,Master's,12793,15057,76,597,5,5,1,4 - Very High,3,No,No,8.0,30.0,0,4.0,Very High,2023-02-23
2364,27,Male,Finance,FIN-05,Tax Specialist,1,Master's,5059,6431,29,231,5,1,1,4 - Very High,4,No,Yes,7.0,33.0,0,5.0,Very High,2023-11-29
2365,52,Non-Binary,Sales,SAL-03,Regional Sales Lead,2,High School,7270,10040,43,338,14,6,1,2 - Medium,2,No,yes,8.0,28.0,2,2.0,Medium,03/02/2023
2366,45,Male,Operations,OPS-06,Logistics Coordinator,2,Master's,5727,7670,33,266,16,2,2,3 - High,3,No,No,4.0,15.0,2,3.0,High,07/25/2022
2367,31,Non-Binary,Finance,FIN-05,Tax Specialist,2,High School,5823,7363,33,270,0,0,0,2 - Medium,4,No,No,5.0,20.0,1,4.0,High,2025-01-25
2368,27,Female,Marketing,MKT-04,Content Strategist,5,Bachelor's,10195,12144,59,475,1,0,0,2 - Medium,2,Yes,No,6.0,19.0,1,3.0,Medium,2024-05-26
2369,40,Female,Marketing,MKT-04,Brand Manager,2,Bachelor's,5594,7190,32,262,5,3,0,3 - High,3,No,No,4.0,34.0,3,3.0,High,09/22/2024
2370,41,Female,Engineering,ENG-02,Staff Engineer,3,Bachelor's,9583,12832,55,439,0,0,0,3 - High,3,No,No,11.0,43.0,2,4.0,Very High,03/28/2025
2371,60,Female,Engineering,ENG-02,Senior Engineer,3,High School,8985,10678,52,411,27,10,2,2 - Medium,4,No,No,13.0,17.0,0,5.0,Very High,2022-03-23
2372,38,Male,Operations,OPS-06,Facilities Manager,3,Master's,8207,10437,47,376,13,8,2,1 - Low,3,No,No,2.0,23.0,0,2.0,Very High,2022-12-14
2373,39,Male,Finance,FIN-05,Controller,2,Bachelor's,8212,9105,48,377,10,8,3,4 - Very High,4,No,No,2.0,21.0,2,4.0,High,03/21/2021
2374,25,Non-Binary,Engineering,ENG-02,Senior Engineer,5,Bachelor's,13424,16559,76,607,4,4,3,3 - High,3,Yes,Yes,5.0,39.0,0,4.0,High,2021-11-10
2375,35,Female,Operations,OPS-06,Facilities Manager,2,High School,5588,6348,32,259,9,8,7,2 - Medium,3,Yes,Yes,10.0,22.0,0,3.0,High,2017-01-16
2376,28,Male,Human Resources,HR-01,Benefits Specialist,2,Master's,6147,7684,36,295,2,2,2,3 - High,3,No,No,5.0,26.0,0,3.0,Medium,11/14/2022
2377,41,Female,Operations,OPS-06,Facilities Manager,1,Master's,4499,6320,26,210,5,0,0,2 - Medium,4,Yes,No,7.0,30.0,1,2.0,Very High,07/02/2024
2378,41,Male,Human Resources,HR-01,HR Manager,3,Bachelor's,7215,9992,43,354,1,0,0,4 - Very High,4,No,no,13.0,24.0,3,3.0,Very High,09/07/2024
2379,33,Male,Engineering,ENG-02,ML Engineer,3,Bachelor's,10412,13524,59,469,5,1,0,3 - High,3,No,No,5.0,33.0,0,4.0,Very High,02/21/2024
2380,32,Female,Sales,SAL-03,Business Development Rep,2,Bachelor's,5050,5662,29,237,5,3,0,3 - High,3,No,No,10.0,31.0,0,3.0,High,09/11/2024
2381,46,Female,Marketing,MKT-04,Growth Analyst,1,Bachelor's,4867,5810,29,231,23,23,7,2 - Medium,4,No,Yes,3.0,14.0,1,3.0,medium,2017-12-26
2382,31,Female,Operations,OPS-06,Logistics Coordinator,1,Bachelor's,4325,5024,25,199,8,0,0,4 - Very High,3,No,No,3.0,35.0,0,2.0,High,2024-11-23
2383,31,Female,Human Resources,HR-01,HR Director,5,Master's,12729,14326,73,577,3,2,2,4 - Very High,3,No,No,13.0,48.0,0,,Very High,2022-09-28
2384,32,Male,Finance,FIN-05,Tax Specialist,1,High School,4545,5946,27,221,2,2,2,3 - High,2,No,No,3.0,19.0,2,3.0,Very High,12/23/2022
2385,45,Male,Operations,OPS-06,Logistics Coordinator,3,Bachelor's,6397,8655,36,293,7,7,3,3 - High,3,No,No,7.0,29.0,4,3.0,Very High,2021-01-29
2386,28,Non-Binary,Human Resources,HR-01,HR Coordinator,4,Bachelor's,6142,7001,35,277,1,1,0,4 - Very High,4,No,No,6.0,33.0,1,4.0,High,2024-05-18
2387,48,Female,Marketing,MKT-04,Growth Analyst,5,Bachelor's,13979,17610,81,635,21,20,14,2 - Medium,4,Yes,No,7.0,,2,3.0,High,07/02/2010
2388,30,Male,Marketing,MKT-04,Growth Analyst,3,Bachelor's,6689,7890,38,299,1,1,1,4 - Very High,4,No,No,5.0,36.0,2,3.0,High,11/02/2023
2389,37,Male,Engineering,ENG-02,Backend Developer,4,Bachelor's,10137,13210,59,471,14,7,1,4 - Very High,3,No,No,8.0,11.0,1,4.0,High,09/18/2023
2390,40,Female,Engineering,ENG-02,Software Engineer,1,Master's,6290,7435,37,294,7,4,2,4 - Very High,4,Yes,No,5.0,28.0,0,3.0,Medium,2022-03-29
2391,46,Male,Operations,OPS-06,Facilities Manager,3,Master's,8533,11396,49,397,12,10,2,2 - Medium,3,No,No,12.0,40.0,0,2.0,High,2022-11-19
2392,32,Male,Operations,OPS-06,Process Engineer,2,Bachelor's,6004,7308,34,273,2,1,0,3 - High,1,No,No,5.0,28.0,1,3.0,Very High,2024-09-12
2393,27,Male,Operations,OPS-06,Operations Analyst,3,Master's,7985,10309,47,373,5,2,0,3 - High,2,No,No,14.0,48.0,1,3.0,Very High,2024-10-08
2394,49,Female,Sales,SAL-03,Sales Director,2,Bachelor's,7480,8499,42,343,22,21,11,4 - Very High,3,No,No,10.0,33.0,0,3.0,Very High,2013-03-14
2395,33,Male,Engineering,ENG-02,QA Engineer,1,Master's,5592,7046,33,263,3,2,1,3 - High,4,No,No,6.0,31.0,2,4.0,High,2023-10-22
2396,32,Female,Finance,FIN-05,Controller,2,Master's,7053,9165,41,329,5,5,5,2 - Medium,2,No,No,10.0,32.0,0,,Very High,2019-03-14
2397,23,Male,Marketing,MKT-04,Brand Manager,1,High School,4799,5691,28,230,3,2,2,4 - Very High,3,No,No,10.0,23.0,0,3.0,Very High,2022-05-19
2398,38,Female,Finance,FIN-05,Financial Analyst,3,Master's,7704,9737,45,366,9,4,0,4 - Very High,2,No,No,7.0,15.0,0,5.0,Very High,2024-07-14
2399,42,Male,Operations,OPS-06,Supply Chain Analyst,3,Master's,6954,9156,41,335,14,8,5,3 - High,3,No,No,5.0,32.0,2,1.0,Very High,2019-11-08
2400,21,Female,Sales,SAL-03,Business Development Rep,4,Bachelor's,9869,13451,57,456,2,1,1,4 - Very High,4,No,Yes,7.0,37.0,0,4.0,High,2023-03-26
2401,40,Male,Engineering,ENG-02,Engineering Manager,3,Bachelor's,9675,12451,56,459,14,8,8,4 - Very High,3,No,No,12.0,27.0,0,4.0,Very High,2016-11-01
2402,36,Male,Operations,OPS-06,Supply Chain Analyst,3,Master's,7392,9932,42,335,10,5,1,2 - Medium,3,No,No,5.0,19.0,0,,High,06/03/2023
2403,28,Non-Binary,Marketing,MKT-04,Marketing Analyst,1,Bachelor's,4220,5032,25,202,2,2,1,4 - Very High,3,No,No,10.0,29.0,1,3.0,Medium,2023-03-27
2404,42,Female,Operations,OPS-06,Facilities Manager,1,Bachelor's,5268,6526,30,241,21,7,7,4 - Very High,3,No,No,13.0,11.0,1,,High,2017-10-17
2405,37,Male,Sales,SAL-03,Account Executive,2,Bachelor's,5866,7415,35,279,7,1,1,3 - High,3,No,Yes,10.0,36.0,1,5.0,Medium,01/20/2023
2406,32,Female,Sales,SAL-03,Senior Sales Rep,1,High School,5002,6911,29,230,2,2,2,3 - High,3,No,No,13.0,16.0,3,3.0,Medium,2022-03-27
2407,34,Male,Marketing,MKT-04,Growth Analyst,3,High School,6591,7727,38,311,0,0,0,3 - High,2,No,No,3.0,24.0,0,,Very High,2024-04-18
2408,29,Male,Engineering,ENG-02,DevOps Engineer,3,Master's,10661,12271,63,512,4,0,0,3 - High,2,No,Yes,17.0,40.0,0,4.0,High,2024-07-15
2409,29,Female,Sales,SAL-03,Sales Rep,1,Bachelor's,4377,6010,25,199,0,0,0,3 - High,3,No,Yes,30.0,24.0,0,3.0,Medium,2024-06-03
2410,38,Female,Engineering,ENG-02,DevOps Engineer,1,Bachelor's,6774,8138,39,320,9,7,5,3 - High,3,No,Yes,5.0,18.0,0,3.0,Low,2019-06-09
2411,37,Female,Engineering,ENG-02,Staff Engineer,2,Master's,7312,8704,42,333,2,2,1,4 - Very High,3,No,No,6.0,33.0,3,2.0,Medium,2023-12-26
2412,27,Female,Engineering,ENG-02,Software Engineer,1,Bachelor's,6253,7421,36,294,4,1,1,3 - High,2,No,No,9.0,1.0,0,2.0,Medium,2023-10-05
2413,35,Female,Operations,OPS-06,Logistics Coordinator,1,Bachelor's,4227,4927,25,196,6,4,2,1 - Low,1,No,Yes,13.0,22.0,2,2.0,High,01/31/2022
2414,35,Male,Operations,OPS-06,Operations Manager,1,Bachelor's,5189,7146,30,244,11,9,8,3 - High,3,No,No,9.0,27.0,0,3.0,Very High,2016-05-11
2415,37,Male,Human Resources,HR-01,HR Manager,1,High School,4123,5484,24,197,2,0,0,3 - High,3,No,Yes,13.0,26.0,0,3.0,High,2024-06-05
2416,32,Female,Sales,SAL-03,Account Executive,2,Bachelor's,5799,6818,33,265,5,5,1,4 - Very High,4,No,No,18.0,22.0,0,4.0,Very High,03/11/2023
2417,42,Male,Marketing,MKT-04,Digital Marketing Lead,1,High School,5791,7556,34,274,8,1,0,4 - Very High,3,No,No,7.0,32.0,0,4.0,Very High,
2418,47,Male,Human Resources,HR-01,Recruiter,2,Bachelor's,6403,8205,37,298,14,0,0,4 - Very High,3,No,No,13.0,16.0,2,2.0,High,2024-06-24
2419,29,Male,Human Resources,HR-01,HR Director,1,Master's,5299,6971,30,235,15,4,3,4 - Very High,2,No,Yes,,19.0,1,2.0,Medium,2021-08-18
2420,37,Male,Operations,OPS-06,Operations Manager,1,Bachelor's,4472,5813,25,198,0,0,0,4 - Very High,3,No,No,22.0,36.0,2,4.0,High,2024-09-05
2421,51,Female,Finance,FIN-05,Senior Accountant,3,Master's,7971,10221,46,377,29,6,3,3 - High,2,No,Yes,8.0,27.0,0,3.0,Low,03/31/2021
2422,29,Female,Operations,OPS-06,Operations Analyst,1,Master's,4964,6149,29,233,2,1,0,3 - High,2,No,No,2.0,13.0,3,4.0,Very High,08/01/2024
2423,28,Male,Marketing,MKT-04,SEO Specialist,1,Master's,4984,6400,28,224,1,1,0,3 - High,3,Yes,No,11.0,37.0,3,2.0,High,2024-06-20
2424,37,Non-Binary,Operations,OPS-06,Supply Chain Analyst,3,Bachelor's,6664,8396,38,304,8,1,0,2 - Medium,3,No,No,21.0,25.0,3,3.0,High,2024-08-25
2425,30,Female,Marketing,MKT-04,Marketing Manager,2,Master's,6690,8055,38,311,3,0,0,3 - High,4,No,No,4.0,33.0,1,3.0,Very High,2024-05-24
2426,39,Male,Engineering,ENG-02,Software Engineer,2,Master's,8841,11312,51,420,12,2,1,3 - High,2,No,No,3.0,34.0,1,3.0,High,11/02/2023
2427,26,Male,Engineering,ENG-02,DevOps Engineer,1,Master's,7167,9528,41,337,5,3,2,3 - High,3,No,No,5.0,16.0,1,2.0,Very High,
2428,29,Female,Engineering,ENG-02,Backend Developer,3,High School,6996,9113,40,314,1,0,0,4 - Very High,3,No,No,10.0,27.0,0,2.0,Medium,2024-10-21
2429,40,Female,Marketing,MKT-04,Marketing Manager,2,Master's,7736,9750,43,342,18,4,3,4 - Very High,3,No,No,7.0,26.0,0,,High,2021-05-24
2430,21,Male,Marketing,MKT-04,Brand Manager,4,Bachelor's,8226,11175,48,385,2,0,0,2 - Medium,2,No,No,12.0,25.0,0,2.0,Very High,2024-01-03
2431,41,Male,Operations,OPS-06,Facilities Manager,4,High School,7879,9305,46,366,17,17,17,1 - Low,2,No,Yes,10.0,51.0,0,1.0,Medium,2007-08-28
2432,24,Female,Sales,SAL-03,Sales Director,3,Bachelor's,9485,10903,54,424,0,0,0,4 - Very High,4,No,No,7.0,11.0,0,3.0,Very High,08/20/2024
2433,25,Female,Marketing,MKT-04,Content Strategist,2,High School,4554,6137,26,211,1,0,0,3 - High,3,No,Yes,3.0,27.0,3,4.0,Medium,2024-03-30
2434,35,Male,Marketing,MKT-04,Marketing Manager,2,Bachelor's,6873,8648,39,310,7,7,1,2 - Medium,4,No,No,16.0,22.0,0,,Very High,03/19/2023
2435,42,Male,Operations,OPS-06,Facilities Manager,2,High School,6331,8360,37,295,23,20,16,3 - High,3,No,No,4.0,26.0,0,,Very High,2008-07-28
2436,37,Female,Engineering,ENG-02,Engineering Manager,3,Bachelor's,10245,13467,58,470,6,1,0,4 - Very High,4,No,No,13.0,32.0,4,4.0,Very High,2024-04-11
2437,31,Female,Finance,FIN-05,Auditor,5,Master's,13166,15340,75,605,0,0,0,4 - Very High,3,No,No,10.0,36.0,0,5.0,Very High,2025-02-10
2438,30,Male,Operations,OPS-06,Supply Chain Analyst,3,Bachelor's,5984,8213,33,267,2,0,0,3 - High,3,No,No,14.0,23.0,2,2.0,Very High,2024-11-14
2439,21,Female,Finance,FIN-05,Finance Manager,4,Master's,11180,14839,66,522,2,0,0,2 - Medium,3,No,No,9.0,34.0,0,3.0,Very High,2024-04-16
2440,35,Male,Marketing,MKT-04,Content Strategist,2,Bachelor's,5612,6508,32,256,5,4,2,4 - Very High,3,No,No,8.0,37.0,2,4.0,High,2022-02-13
2441,25,Female,Sales,SAL-03,Sales Manager,2,Bachelor's,6403,7751,38,308,6,0,0,2 - Medium,3,No,No,21.0,41.0,1,,High,2024-07-13
2442,31,Male,Human Resources,HR-01,Recruiter,1,PhD,4864,5473,28,221,6,3,0,4 - Very High,4,No,Yes,9.0,26.0,4,4.0,High,06/16/2024
2443,54,Female,Marketing,MKT-04,Digital Marketing Lead,3,Bachelor's,8410,9475,48,387,22,11,8,1 - Low,2,No,Yes,4.0,31.0,2,4.0,Medium,08/08/2016
2444,39,Male,Engineering,ENG-02,Engineering Manager,2,High School,6863,9204,40,324,2,2,0,2 - Medium,3,No,No,6.0,21.0,0,5.0,Very High,10/20/2024
2445,29,Female,Sales,SAL-03,Account Executive,1,Master's,6217,7172,35,286,3,0,0,4 - Very High,4,No,No,12.0,27.0,4,3.0,Very High,2024-12-14
2446,30,Male,Finance,FIN-05,Financial Analyst,3,Master's,8662,10995,49,404,1,0,0,3 - High,3,No,No,4.0,26.0,1,5.0,Very High,
2447,33,Non-Binary,Engineering,ENG-02,Data Engineer,5,High School,11207,13757,66,531,6,4,0,4 - Very High,2,No,No,10.0,33.0,1,4.0,Very High,2024-07-28
2448,42,Male,Engineering,ENG-02,Software Engineer,3,Master's,10244,12172,58,466,4,2,2,2 - Medium,3,No,Yes,7.0,17.0,1,2.0,Medium,2022-09-27
2449,21,Female,Sales,SAL-03,Account Executive,1,High School,4540,5940,27,220,0,0,0,4 - Very High,4,No,No,11.0,28.0,0,3.0,Medium,2024-10-24
2450,45,Male,Operations,OPS-06,Process Engineer,4,Master's,10285,13490,58,471,13,6,1,4 - Very High,4,No,No,6.0,30.0,1,4.0,Very High,06/15/2023
2451,34,Female,Marketing,MKT-04,SEO Specialist,1,Bachelor's,3989,5208,23,188,0,0,0,1 - Low,3,No,Yes,4.0,36.0,1,3.0,High,2024-11-27
2452,32,Male,Sales,SAL-03,Account Executive,1,Master's,6202,7170,37,301,6,2,2,2 - Medium,2,No,No,6.0,14.0,0,4.0,Very High,2022-11-08
2453,36,Male,Operations,OPS-06,Logistics Coordinator,3,Bachelor's,6871,8529,39,315,7,7,7,3 - High,4,No,No,5.0,,2,2.0,Medium,11/03/2017
2454,35,Female,Engineering,ENG-02,Backend Developer,2,PhD,7725,10277,45,370,0,0,0,1 - Low,2,No,Yes,4.0,21.0,4,3.0,Medium,2024-10-10
2455,22,Male,Human Resources,HR-01,HR Manager,1,High School,3824,4971,23,186,1,1,1,4 - Very High,3,No,No,9.0,26.0,0,3.0,High,
2456,36,Male,Engineering,ENG-02,QA Engineer,3,Bachelor's,7356,8833,41,326,12,10,9,2 - Medium,4,No,No,3.0,30.0,2,4.0,High,2015-12-13
2457,21,Male,Finance,FIN-05,Controller,1,High School,4478,5333,25,200,0,0,0,2 - Medium,3,No,No,18.0,20.0,2,3.0,Medium,09/15/2024
2458,21,Male,Marketing,MKT-04,Digital Marketing Lead,1,High School,5069,6820,29,227,0,0,0,3 - High,3,No,No,5.0,37.0,2,3.0,Very High,2024-08-03
2459,25,Female,Finance,FIN-05,Financial Analyst,3,Bachelor's,7581,10089,43,354,3,1,0,3 - High,4,No,No,4.0,34.0,0,3.0,High,2024-01-02
2460,40,Male,Operations,OPS-06,Logistics Coordinator,4,Bachelor's,8549,11298,49,390,16,0,0,4 - Very High,4,No,No,8.0,23.0,2,1.0,High,10/27/2024
2461,26,Female,Operations,OPS-06,Process Engineer,2,PhD,6481,7849,37,304,1,0,0,2 - Medium,4,No,No,3.0,23.0,1,2.0,High,2024-01-03
2462,40,Male,Engineering,ENG-02,ML Engineer,3,Bachelor's,10935,13979,62,495,14,14,12,2 - Medium,3,No,No,5.0,31.0,0,3.0,High,2012-05-20
2463,44,Female,Engineering,ENG-02,Data Engineer,1,High School,6157,7069,35,280,15,8,1,4 - Very High,4,No,No,11.0,38.0,0,3.0,Very High,2023-12-21
2464,36,Male,Engineering,ENG-02,ML Engineer,2,Bachelor's,7760,9022,46,376,15,12,12,3 - High,3,No,No,5.0,21.0,0,3.0,Medium,2012-09-28
2465,39,Female,Engineering,ENG-02,Staff Engineer,2,Bachelor's,9575,11529,57,456,10,1,0,3 - High,4,No,No,4.0,16.0,0,,Very High,11/09/2024
2466,33,Male,Sales,SAL-03,Regional Sales Lead,4,Bachelor's,12024,13329,68,540,9,9,1,4 - Very High,3,No,No,5.0,23.0,0,4.0,Very High,
2467,47,Male,Marketing,MKT-04,Growth Analyst,1,Bachelor's,5210,6951,30,242,12,2,0,3 - High,4,Yes,No,4.0,27.0,0,1.0,Very High,08/03/2024
2468,52,Female,Operations,OPS-06,Operations Analyst,1,Bachelor's,4173,5757,24,196,18,10,6,4 - Very High,3,No,No,8.0,23.0,0,3.0,High,2018-08-31
2469,33,Female,Engineering,ENG-02,Frontend Developer,4,Bachelor's,12681,16019,72,567,11,2,0,2 - Medium,4,No,Yes,12.0,30.0,0,3.0,Very High,06/01/2024
2470,25,Female,Sales,SAL-03,Sales Rep,2,Master's,5334,6738,31,248,6,6,4,4 - Very High,3,No,No,6.0,32.0,2,2.0,High,2020-03-13
2471,22,Female,Marketing,MKT-04,SEO Specialist,1,Bachelor's,4901,6586,29,238,2,1,0,4 - Very High,4,No,No,5.0,21.0,0,4.0,Very High,2024-03-13
2472,27,Male,Engineering,ENG-02,Software Engineer,2,Bachelor's,6895,8708,41,335,2,0,0,2 - Medium,4,Yes,No,15.0,32.0,0,2.0,High,2024-10-26
2473,26,Non-Binary,Operations,OPS-06,Facilities Manager,2,Master's,4984,5933,28,229,3,1,1,2 - Medium,2,No,Yes,6.0,5.0,3,4.0,High,2023-01-29
2474,60,Female,Finance,FIN-05,Senior Accountant,2,Bachelor's,7736,10076,44,355,28,11,7,3 - High,3,No,No,2.0,31.0,2,3.0,Medium,2017-02-01
2475,48,Female,Operations,OPS-06,Logistics Coordinator,1,Bachelor's,5173,7073,30,246,17,12,2,3 - High,4,Yes,No,12.0,27.0,1,5.0,Very High,2022-07-09
2476,21,Male,Engineering,ENG-02,DevOps Engineer,2,Bachelor's,7212,9165,42,335,2,1,0,3 - High,2,No,No,4.0,28.0,1,4.0,Very High,2024-05-01
2477,55,Female,Engineering,ENG-02,QA Engineer,3,Master's,8899,11337,51,412,29,23,13,3 - High,4,No,Yes,7.0,33.0,0,4.0,Very High,03/14/2011
2478,27,Female,Engineering,ENG-02,ML Engineer,3,Bachelor's,11099,12449,66,533,6,2,1,4 - Very High,3,No,No,2.0,14.0,0,4.0,Very High,2023-12-04
2479,36,Male,Engineering,ENG-02,Frontend Developer,2,Bachelor's,6611,8801,38,300,3,1,1,2 - Medium,2,No,Yes,5.0,29.0,0,5.0,High,2023-06-03
2480,33,Male,Sales,SAL-03,Sales Director,3,Master's,9522,11337,55,441,8,7,4,4 - Very High,3,No,No,5.0,36.0,0,3.0,High,2020-12-06
2481,46,Male,Sales,SAL-03,Sales Director,4,High School,12077,13346,70,557,15,3,3,4 - Very High,3,No,No,6.0,32.0,0,4.0,Very High,2021-11-24
2482,42,Male,Sales,SAL-03,Business Development Rep,2,Bachelor's,6428,7778,37,292,7,0,0,2 - Medium,3,No,Yes,5.0,26.0,0,2.0,Medium,2024-11-18
2483,29,Male,Finance,FIN-05,Controller,1,High School,5764,7650,33,263,7,1,0,4 - Very High,4,No,No,8.0,31.0,0,4.0,Very High,05/10/2024
2484,37,Male,Engineering,ENG-02,ML Engineer,2,PhD,8724,10743,52,415,1,1,0,2 - Medium,3,No,No,14.0,27.0,2,3.0,Very High,01/29/2024
2485,45,Male,Engineering,ENG-02,ML Engineer,4,Master's,12599,14562,72,576,15,13,1,3 - High,2,No,No,5.0,11.0,2,4.0,Very High,2023-11-11
2486,30,Female,Engineering,ENG-02,Engineering Manager,2,Master's,7756,8675,45,354,0,0,0,2 - Medium,2,Yes,Yes,20.0,15.0,3,4.0,Medium,2024-08-18
2487,38,Female,Engineering,ENG-02,DevOps Engineer,2,Master's,9149,11884,51,401,5,2,1,3 - High,4,No,Yes,5.0,33.0,0,3.0,High,2023-06-01
2488,41,Male,Engineering,ENG-02,ML Engineer,3,Bachelor's,10704,12183,62,511,6,5,2,4 - Very High,3,No,No,9.0,27.0,1,,Very High,2022-07-29
2489,30,Male,Operations,OPS-06,Process Engineer,2,Bachelor's,5125,6984,30,235,2,0,0,2 - Medium,2,No,Yes,8.0,28.0,2,4.0,Very High,12/05/2024
2490,31,Female,Operations,OPS-06,Process Engineer,2,Bachelor's,5909,7555,33,268,1,1,1,3 - High,3,No,Yes,5.0,24.0,3,4.0,Very High,2023-03-17
2491,26,Female,Engineering,ENG-02,Senior Engineer,3,High School,9700,11642,56,453,6,5,3,4 - Very High,3,No,No,9.0,29.0,2,4.0,High,04/18/2021
2492,29,Female,Operations,OPS-06,Facilities Manager,3,Bachelor's,5822,7282,34,269,5,4,3,3 - High,3,No,Yes,8.0,,0,3.0,Medium,2021-05-20
2493,35,Male,Sales,SAL-03,Sales Director,3,Master's,9275,10425,52,428,4,0,0,3 - High,3,No,Yes,10.0,16.0,3,3.0,High,07/21/2024
2494,44,Male,Sales,SAL-03,Sales Manager,4,Bachelor's,10042,13043,59,463,5,2,1,4 - Very High,3,No,No,9.0,28.0,3,3.0,Very High,2023-06-16
2495,37,Female,Sales,SAL-03,Regional Sales Lead,4,Bachelor's,8468,10239,49,388,3,1,1,3 - High,3,No,No,9.0,36.0,4,2.0,High,2023-07-30
2496,37,Male,Engineering,ENG-02,Engineering Manager,1,Bachelor's,6348,8514,37,292,0,0,0,4 - Very High,2,No,Yes,8.0,20.0,1,4.0,Medium,2024-07-10
2497,34,Male,Operations,OPS-06,Facilities Manager,1,Bachelor's,3880,4508,23,184,4,3,2,3 - High,3,No,No,7.0,23.0,0,3.0,High,2022-01-26
2498,39,Male,Operations,OPS-06,Process Engineer,4,Bachelor's,8514,10952,49,386,18,18,8,4 - Very High,4,No,No,6.0,23.0,0,4.0,Very High,2016-04-04
2499,48,Male,Sales,SAL-03,Senior Sales Rep,1,Bachelor's,6088,8253,36,287,20,10,10,1 - Low,1,No,No,2.0,24.0,0,2.0,Medium,2014-12-18
2500,23,Female,Engineering,ENG-02,Backend Developer,1,Master's,6386,7651,37,303,0,0,0,3 - High,4,No,Yes,10.0,33.0,0,4.0,high,05/09/2024
2501,33,Male,Engineering,ENG-02,QA Engineer,3,Bachelor's,7634,8580,45,364,13,0,0,2 - Medium,3,No,Yes,2.0,35.0,0,3.0,High,2024-03-20
2502,29,Male,Finance,FIN-05,Controller,4,Bachelor's,12387,16243,70,558,10,2,0,3 - High,3,No,Yes,,33.0,0,,High,2024-12-22
2503,34,Female,Finance,FIN-05,Controller,2,Bachelor's,6065,7682,35,278,1,0,0,3 - High,3,Yes,Yes,11.0,41.0,2,,High,
2504,43,Female,Finance,FIN-05,Financial Analyst,1,Master's,5461,6987,31,254,22,10,7,4 - Very High,4,No,No,5.0,12.0,0,5.0,Very High,2017-08-19
2505,46,Female,Human Resources,HR-01,Benefits Specialist,2,Master's,6890,8914,40,318,15,2,2,3 - High,4,No,No,13.0,36.0,2,4.0,Very High,04/07/2022
2506,42,Non-Binary,Engineering,ENG-02,Data Engineer,3,Bachelor's,7641,10312,45,370,1,0,0,4 - Very High,4,No,No,7.0,22.0,1,3.0,High,2024-08-24
2507,22,Female,Finance,FIN-05,Tax Specialist,4,PhD,11756,14869,67,529,1,0,0,3 - High,4,No,No,11.0,,0,4.0,High,11/11/2024
2508,28,Male,Engineering,ENG-02,Backend Developer,4,Master's,9612,12241,57,465,0,0,0,4 - Very High,4,No,No,8.0,20.0,0,3.0,Very High,2025-03-28
2509,34,Non-Binary,Operations,OPS-06,Operations Manager,1,Master's,5302,6624,30,242,8,0,0,4 - Very High,3,No,No,6.0,30.0,0,5.0,High,05/20/2024
2510,33,Male,Finance,FIN-05,Senior Accountant,5,Bachelor's,13542,16583,80,640,9,2,0,2 - Medium,3,No,No,8.0,37.0,0,1.0,Medium,12/03/2024
2511,28,Female,Finance,FIN-05,Senior Accountant,4,High School,7484,8610,42,343,2,0,0,3 - High,3,No,No,6.0,35.0,1,4.0,High,2024-07-18
2512,37,Female,Marketing,MKT-04,Digital Marketing Lead,2,Master's,5974,7476,34,272,0,0,0,3 - High,3,No,No,2.0,44.0,2,4.0,High,2024-12-20
2513,21,Female,Human Resources,HR-01,HR Director,3,Master's,7860,9005,45,354,0,0,0,3 - High,3,No,No,11.0,27.0,0,2.0,Medium,2025-01-18
2514,24,Female,Finance,FIN-05,Tax Specialist,1,Master's,5501,6935,31,245,2,2,2,1 - Low,2,Yes,Yes,4.0,24.0,2,3.0,Low,2023-03-23
2515,23,Male,Sales,SAL-03,Sales Rep,3,Master's,9254,10413,54,442,12,7,7,2 - Medium,4,No,No,9.0,29.0,0,1.0,High,07/27/2017
2516,25,Male,Engineering,ENG-02,Software Engineer,1,Bachelor's,4912,6498,28,227,4,4,3,3 - High,4,No,No,,17.0,2,3.0,very high,2021-02-02
2517,44,Female,Engineering,ENG-02,Frontend Developer,2,Master's,9174,10489,52,423,14,7,5,3 - High,3,No,Yes,6.0,19.0,1,1.0,Medium,2019-04-13
2518,29,Male,Marketing,MKT-04,Brand Manager,2,Master's,6945,9228,40,317,8,2,2,3 - High,1,No,Yes,10.0,24.0,4,,High,02/23/2022
2519,34,Female,Operations,OPS-06,Supply Chain Analyst,2,PhD,7097,8324,40,316,1,1,1,3 - High,3,No,Yes,8.0,30.0,5,4.0,Medium,2023-08-12
2520,28,Male,Engineering,ENG-02,DevOps Engineer,2,Bachelor's,7041,9202,40,319,7,0,0,3 - High,3,No,Yes,13.0,28.0,0,,High,2024-12-24
2521,31,Female,Engineering,ENG-02,DevOps Engineer,2,Bachelor's,7556,10189,44,356,1,1,1,3 - High,4,No,No,3.0,12.0,2,4.0,High,02/04/2023
2522,31,Female,Engineering,ENG-02,Senior Engineer,3,Bachelor's,8783,11886,52,416,5,2,1,3 - High,1,Yes,Yes,8.0,32.0,4,2.0,Low,2023-04-05
2523,46,Female,Finance,FIN-05,Senior Accountant,2,PhD,6652,7704,39,310,8,7,3,1 - Low,2,No,No,7.0,32.0,3,3.0,High,05/28/2021
2524,24,Male,Marketing,MKT-04,Marketing Manager,2,Master's,6587,8696,38,305,0,0,0,4 - Very High,2,No,No,2.0,33.0,2,4.0,Very High,08/02/2024
2525,33,Male,Engineering,ENG-02,Frontend Developer,2,Bachelor's,6825,7520,40,314,6,5,4,3 - High,4,No,No,4.0,18.0,0,5.0,Very High,2020-03-09
2526,44,Male,Marketing,MKT-04,Digital Marketing Lead,3,High School,7543,9194,43,338,7,1,0,4 - Very High,4,No,No,4.0,20.0,1,3.0,High,2024-07-21
2527,21,Female,Engineering,ENG-02,QA Engineer,2,Master's,6613,7736,37,297,4,0,0,4 - Very High,4,Yes,No,31.0,21.0,1,4.0,High,10/14/2024
2528,29,Male,Sales,SAL-03,Sales Rep,2,Bachelor's,6215,7206,36,294,7,3,1,4 - Very High,4,No,No,8.0,14.0,0,5.0,Very High,12/05/2023
2529,33,Female,Sales,SAL-03,Senior Sales Rep,2,High School,5397,7028,31,253,2,2,1,3 - High,3,No,Yes,11.0,35.0,2,2.0,Low,2023-04-20
2530,54,Male,Operations,OPS-06,Facilities Manager,4,Master's,10533,13222,61,500,23,10,6,4 - Very High,3,No,No,4.0,25.0,0,3.0,High,2018-10-23
2531,25,Female,Engineering,ENG-02,Frontend Developer,1,Master's,5870,7177,35,284,5,5,2,4 - Very High,3,No,No,2.0,22.0,0,4.0,High,03/09/2022
2532,24,Female,Marketing,MKT-04,SEO Specialist,3,Bachelor's,6807,8374,40,329,2,1,1,4 - Very High,3,No,No,3.0,29.0,1,4.0,Very High,2023-08-18
2533,29,Male,Finance,FIN-05,Finance Manager,2,Bachelor's,6216,7304,36,286,0,0,0,4 - Very High,3,No,No,8.0,10.0,3,5.0,Very High,2024-05-25
2534,24,Male,Marketing,MKT-04,Marketing Analyst,2,Bachelor's,5677,7414,32,260,4,3,3,4 - Very High,3,No,No,4.0,24.0,0,4.0,Very High,2021-01-23
2535,32,Female,Engineering,ENG-02,Backend Developer,4,Bachelor's,11674,15001,66,534,4,4,0,4 - Very High,4,No,No,7.0,36.0,0,3.0,High,04/19/2024
2536,33,Male,Operations,OPS-06,Supply Chain Analyst,1,Bachelor's,4481,5806,26,204,8,2,1,4 - Very High,3,No,No,,43.0,2,4.0,Very High,2023-06-26
2537,32,Male,Sales,SAL-03,Regional Sales Lead,3,Bachelor's,7877,10056,44,346,6,5,5,2 - Medium,2,No,Yes,11.0,40.0,0,3.0,High,2019-08-22
2538,27,Male,Engineering,ENG-02,Staff Engineer,3,Master's,11557,14858,66,540,1,0,0,3 - High,4,No,No,5.0,31.0,1,3.0,Very High,2024-09-05
2539,31,Non-Binary,Engineering,ENG-02,Senior Engineer,4,High School,11407,14767,67,532,10,0,0,3 - High,3,No,Yes,9.0,25.0,2,4.0,Very High,06/25/2024
2540,28,Female,Engineering,ENG-02,Backend Developer,4,Bachelor's,10930,12705,62,489,1,1,1,2 - Medium,4,No,Yes,6.0,29.0,2,4.0,Medium,08/04/2023
2541,30,Male,Operations,OPS-06,Logistics Coordinator,3,Bachelor's,5113,6269,30,238,0,0,0,4 - Very High,3,No,No,10.0,32.0,2,2.0,High,2024-07-08
2542,35,Female,Engineering,ENG-02,Software Engineer,1,Bachelor's,6418,7583,37,294,5,2,2,4 - Very High,3,No,No,16.0,30.0,3,3.0,Medium,2022-02-08
2543,29,Male,Engineering,ENG-02,Backend Developer,3,High School,6799,9006,39,318,0,0,0,2 - Medium,2,No,Yes,9.0,37.0,1,4.0,Very High,2025-05-27
2544,22,Female,Human Resources,HR-01,HR Coordinator,3,PhD,6399,8084,36,296,0,0,0,3 - High,3,No,No,8.0,41.0,0,3.0,Medium,2025-03-22
2545,44,Male,Engineering,ENG-02,Frontend Developer,1,PhD,6883,8990,40,323,9,3,1,4 - Very High,4,No,No,6.0,23.0,0,4.0,Very High,2023-09-06
2546,39,Male,Operations,OPS-06,Operations Analyst,1,Master's,5021,5827,29,236,8,3,3,4 - Very High,4,No,No,7.0,31.0,3,3.0,Medium,2021-03-27
2547,57,Male,Marketing,MKT-04,SEO Specialist,3,Bachelor's,6685,8168,39,314,27,3,2,4 - Very High,4,No,No,27.0,24.0,0,4.0,High,2022-11-15
2548,21,Male,Human Resources,HR-01,Recruiter,2,Master's,5788,6972,34,276,0,0,0,4 - Very High,4,No,No,14.0,18.0,0,4.0,Very High,2024-11-24
2549,26,Male,Operations,OPS-06,Operations Manager,2,Bachelor's,5947,7127,33,261,3,0,0,3 - High,4,No,Yes,10.0,30.0,0,4.0,High,2024-11-17
2550,36,Male,Engineering,ENG-02,DevOps Engineer,2,Master's,7574,9202,43,348,11,4,3,4 - Very High,4,No,No,7.0,41.0,1,4.0,High,2021-04-14
2551,43,Female,Engineering,ENG-02,ML Engineer,2,PhD,11326,13398,67,526,11,7,1,3 - High,3,No,No,7.0,28.0,2,4.0,Very High,2023-08-18
2552,36,Female,Engineering,ENG-02,Software Engineer,2,Master's,6769,9210,40,321,11,9,4,4 - Very High,3,No,No,10.0,18.0,3,4.0,Very high,2020-09-18
2553,47,Male,Operations,OPS-06,Operations Analyst,2,Master's,7079,8624,41,330,16,12,5,2 - Medium,4,No,No,28.0,28.0,1,3.0,Medium,2019-04-13
2554,42,Male,Engineering,ENG-02,Backend Developer,2,Master's,8344,9464,48,384,9,6,2,4 - Very High,4,No,No,4.0,28.0,2,,Very High,2022-07-07
2555,53,Male,Engineering,ENG-02,Engineering Manager,4,Bachelor's,11994,13896,69,564,13,4,4,2 - Medium,2,No,No,2.0,38.0,2,2.0,High,2020-11-16
2556,40,Male,Operations,OPS-06,Operations Manager,3,PhD,7974,9579,46,368,12,7,2,2 - Medium,4,No,No,4.0,36.0,3,2.0,High,2022-05-14
2557,42,Female,Operations,OPS-06,Operations Manager,4,Bachelor's,10573,13029,60,487,7,1,1,4 - Very High,3,No,No,6.0,47.0,2,4.0,Very High,2023-08-07
2558,26,Male,Operations,OPS-06,Process Engineer,2,Master's,5271,6413,31,248,4,0,0,3 - High,3,No,No,8.0,31.0,2,4.0,Very High,2024-10-21
2559,31,Non-Binary,Finance,FIN-05,Tax Specialist,1,Master's,6166,7037,35,280,8,4,3,3 - High,4,No,No,5.0,23.0,0,4.0,Very High,01/30/2021
2560,40,Female,Finance,FIN-05,Senior Accountant,3,High School,6495,8515,37,295,11,11,1,4 - Very High,3,No,Yes,12.0,16.0,0,5.0,Medium,06/24/2023
2561,28,Female,Operations,OPS-06,Supply Chain Analyst,1,Bachelor's,4268,5593,24,195,9,1,0,1 - Low,2,No,Yes,19.0,17.0,2,4.0,High,2024-11-27
2562,56,Male,Sales,SAL-03,Senior Sales Rep,3,Master's,8064,9484,46,371,18,16,1,3 - High,3,No,no,8.0,16.0,2,5.0,Very High,2023-01-29
2563,36,Female,Engineering,ENG-02,Senior Engineer,3,High School,9698,12027,54,429,6,5,5,4 - Very High,4,No,No,6.0,21.0,3,5.0,High,2019-02-21
2564,21,Female,Engineering,ENG-02,Software Engineer,3,Bachelor's,8348,10400,49,399,2,1,0,2 - Medium,2,No,No,9.0,32.0,0,4.0,Very High,10/08/2024
2565,54,Male,Finance,FIN-05,Tax Specialist,2,High School,6536,7294,37,298,26,15,5,2 - Medium,2,No,No,13.0,,2,3.0,Very High,02/22/2019
2566,36,Male,Sales,SAL-03,Sales Manager,4,Master's,13746,16024,81,659,14,6,5,2 - Medium,2,No,No,,29.0,2,2.0,Medium,2019-01-25
2567,28,Female,Human Resources,HR-01,HR Analyst,3,Master's,6944,7861,41,327,4,2,2,4 - Very High,3,No,No,9.0,29.0,0,4.0,Very High,2022-03-30
2568,40,Male,Operations,OPS-06,Facilities Manager,5,High School,9424,12483,54,444,11,2,0,3 - High,4,Yes,Yes,17.0,30.0,0,3.0,Low,2024-05-17
2569,29,Female,Human Resources,HR-01,Recruiter,2,Bachelor's,5472,6466,32,254,3,0,0,4 - Very High,3,No,Yes,6.0,22.0,0,4.0,Very High,2024-07-07
2570,37,Female,Engineering,ENG-02,ML Engineer,4,Bachelor's,12748,14455,74,581,3,2,0,4 - Very High,3,No,No,3.0,24.0,2,3.0,High,2024-02-18
2571,49,Female,Marketing,MKT-04,SEO Specialist,1,Bachelor's,5289,6290,31,246,17,7,7,3 - High,2,No,No,4.0,28.0,0,,Very High,03/30/2017
2572,50,Male,Engineering,ENG-02,DevOps Engineer,2,High School,7187,8035,41,333,13,9,4,2 - Medium,1,No,No,12.0,23.0,4,1.0,Very High,2020-06-07
2573,39,Female,Engineering,ENG-02,Staff Engineer,3,Bachelor's,12291,14729,72,586,17,9,7,4 - Very High,3,No,No,24.0,34.0,0,3.0,High,03/21/2017
2574,41,Male,Engineering,ENG-02,Frontend Developer,4,Bachelor's,10856,11978,64,505,17,1,1,3 - High,3,No,Yes,3.0,31.0,1,4.0,Very High,2023-05-14
2575,32,Female,Marketing,MKT-04,Marketing Manager,2,Bachelor's,5569,6606,32,257,7,5,0,2 - Medium,3,No,Yes,3.0,38.0,2,3.0,Medium,08/30/2024
2576,43,Female,Sales,SAL-03,Account Executive,3,High School,6932,8607,41,330,6,3,3,1 - Low,2,No,No,3.0,46.0,3,2.0,Very High,2021-12-12
2577,25,Male,Engineering,ENG-02,ML Engineer,3,Master's,8684,11900,50,409,1,0,0,3 - High,2,No,No,13.0,17.0,0,3.0,High,2024-05-01
2578,30,Female,Engineering,ENG-02,DevOps Engineer,2,Master's,7010,9501,41,332,6,3,3,4 - Very High,4,No,No,9.0,21.0,2,5.0,Very High,2021-06-13
2579,23,Male,Sales,SAL-03,Business Development Rep,4,Bachelor's,8925,10548,52,428,1,0,0,3 - High,3,No,Yes,6.0,25.0,0,4.0,High,2024-09-16
2580,31,Male,Sales,SAL-03,Business Development Rep,3,Bachelor's,7563,8816,43,351,7,0,0,3 - High,4,No,Yes,23.0,3.0,0,,High,06/08/2024
2581,29,Male,Finance,FIN-05,Financial Analyst,1,Bachelor's,4057,4793,24,193,0,0,0,2 - Medium,4,No,No,6.0,17.0,0,4.0,Very High,2024-09-16
2582,48,Male,Engineering,ENG-02,ML Engineer,2,Master's,10556,13599,62,506,22,6,1,2 - Medium,3,No,No,15.0,20.0,0,3.0,High,2023-07-12
2583,29,Male,Finance,FIN-05,Senior Accountant,1,Bachelor's,4792,6630,27,217,5,3,0,4 - Very High,4,No,No,5.0,22.0,0,,Very High,2024-09-14
2584,40,Non-Binary,Operations,OPS-06,Operations Manager,1,High School,4465,5265,25,205,14,10,6,2 - Medium,3,No,No,7.0,20.0,0,2.0,Medium,08/17/2018
2585,32,Male,Engineering,ENG-02,Backend Developer,1,Bachelor's,6075,7244,35,277,5,1,1,3 - High,4,No,No,6.0,25.0,0,4.0,Very High,2023-11-30
2586,40,Female,Human Resources,HR-01,HR Coordinator,1,Master's,4327,5354,25,204,11,1,1,1 - Low,3,No,No,5.0,14.0,0,1.0,Medium,2023-03-14
2587,44,Male,Operations,OPS-06,Process Engineer,3,PhD,9500,12394,56,444,15,1,1,3 - High,3,No,No,21.0,21.0,1,3.0,High,2023-06-09
2588,42,Female,Finance,FIN-05,Controller,1,Bachelor's,5328,6349,30,245,5,0,0,3 - High,4,No,No,39.0,4.0,2,3.0,Low,08/27/2024
2589,43,Female,Operations,OPS-06,Facilities Manager,1,Bachelor's,4658,5776,26,207,4,3,0,3 - High,2,No,No,8.0,46.0,4,1.0,High,08/23/2024
2590,35,Female,Marketing,MKT-04,Brand Manager,5,Master's,10855,13710,62,492,4,0,0,4 - Very High,3,No,Yes,2.0,22.0,1,4.0,High,01/22/2024
2591,28,Female,Engineering,ENG-02,Backend Developer,3,Bachelor's,9170,11710,54,426,4,4,1,2 - Medium,4,No,Yes,20.0,37.0,0,,Medium,2023-02-13
2592,23,Non-Binary,Marketing,MKT-04,Marketing Manager,1,Bachelor's,5366,7048,30,240,3,3,1,3 - High,2,No,No,5.0,0.0,0,2.0,High,10/18/2023
2593,32,Female,Sales,SAL-03,Account Executive,2,Bachelor's,7425,9293,43,352,5,4,3,4 - Very High,3,No,No,7.0,19.0,1,4.0,Very High,2021-06-02
2594,35,Female,Engineering,ENG-02,Senior Engineer,3,High School,9849,12272,56,451,4,3,0,2 - Medium,2,No,Yes,15.0,15.0,1,,High,2024-12-18
2595,21,Male,Operations,OPS-06,Process Engineer,2,High School,5882,7522,34,268,6,3,3,3 - High,4,No,No,8.0,25.0,0,3.0,Medium,01/06/2021
2596,36,Female,Sales,SAL-03,Senior Sales Rep,1,High School,4317,5191,25,202,6,2,2,3 - High,3,No,No,15.0,18.0,2,2.0,Very High,2022-10-03
2597,21,Male,Engineering,ENG-02,Backend Developer,2,High School,7361,10028,41,337,3,3,3,3 - High,4,No,Yes,11.0,24.0,1,,Very High,2021-06-01
2598,33,Male,Engineering,ENG-02,QA Engineer,1,Master's,6168,7100,36,296,5,3,0,4 - Very High,4,No,No,10.0,8.0,3,4.0,Very High,2024-01-19
2599,24,Male,Sales,SAL-03,Sales Rep,1,Master's,4900,6037,27,221,0,0,0,2 - Medium,3,No,Yes,19.0,23.0,0,4.0,Medium,2024-12-24
2600,41,Female,Engineering,ENG-02,Engineering Manager,3,Bachelor's,8116,9252,48,395,2,2,2,4 - Very High,3,No,Yes,11.0,18.0,5,4.0,High,2022-02-26
2601,37,Male,Operations,OPS-06,Logistics Coordinator,4,High School,7040,9097,42,337,10,8,7,2 - Medium,2,No,No,5.0,37.0,1,3.0,Medium,2017-05-10
2602,29,Male,Human Resources,HR-01,HR Director,1,Bachelor's,5550,7052,31,250,8,4,1,4 - Very High,2,No,No,8.0,,2,1.0,High,2023-10-02
2603,35,Female,Operations,OPS-06,Operations Manager,3,High School,7035,9760,40,322,1,0,0,4 - Very High,4,No,No,6.0,34.0,4,3.0,Very High,2024-05-11
2604,27,Female,Engineering,ENG-02,Senior Engineer,2,Bachelor's,8393,9550,47,370,2,2,0,4 - Very High,3,No,Yes,9.0,6.0,1,3.0,Medium,2024-08-23
2605,25,Female,Sales,SAL-03,Business Development Rep,1,High School,4578,5973,27,222,5,2,2,3 - High,3,No,No,3.0,32.0,2,3.0,Very High,2022-08-19
2606,33,Male,Marketing,MKT-04,Digital Marketing Lead,3,Master's,7862,9260,45,368,10,9,2,3 - High,4,No,No,5.0,34.0,0,4.0,Very High,2022-07-03
2607,49,Male,Sales,SAL-03,Business Development Rep,3,High School,8359,9903,49,393,19,5,3,4 - Very High,3,No,No,6.0,28.0,0,3.0,Medium,09/05/2021
2608,32,Female,Engineering,ENG-02,DevOps Engineer,1,Bachelor's,6854,9161,39,318,6,3,1,4 - Very High,3,No,Yes,10.0,13.0,0,4.0,High,2023-08-22
2609,32,Female,Engineering,ENG-02,Staff Engineer,3,Master's,11264,14014,65,522,0,0,0,4 - Very High,3,No,No,2.0,26.0,0,3.0,High,2024-11-26
2610,48,Male,Operations,OPS-06,Supply Chain Analyst,1,PhD,5057,5974,30,243,8,7,2,4 - Very High,3,No,No,5.0,21.0,1,5.0,High,2022-10-14
2611,24,Female,Engineering,ENG-02,QA Engineer,1,Bachelor's,5732,7140,32,263,0,0,0,3 - High,3,No,No,11.0,24.0,0,5.0,Very High,2024-11-07
2612,30,Male,Finance,FIN-05,Controller,2,Bachelor's,5904,6791,35,284,3,0,0,3 - High,2,No,No,8.0,21.0,0,3.0,High,2024-08-05
2613,30,Female,Engineering,ENG-02,Engineering Manager,1,Bachelor's,7154,8879,42,339,6,0,0,4 - Very High,3,No,No,17.0,21.0,0,3.0,Very High,2024-08-24
2614,28,Female,Engineering,ENG-02,Staff Engineer,2,High School,6597,8001,38,308,0,0,0,1 - Low,2,No,Yes,9.0,12.0,2,1.0,Low,05/17/2025
2615,35,Male,Marketing,MKT-04,Content Strategist,5,Bachelor's,13400,17955,78,614,15,12,7,4 - Very High,4,No,Yes,7.0,34.0,2,4.0,High,12/12/2017
2616,31,Male,Sales,SAL-03,Sales Director,5,Bachelor's,12928,17293,75,618,8,7,7,4 - Very High,4,No,No,15.0,39.0,0,3.0,Very High,12/27/2017
2617,26,Male,Operations,OPS-06,Operations Manager,4,Bachelor's,8644,11642,50,399,2,1,1,2 - Medium,3,No,Yes,3.0,16.0,0,4.0,Medium,2023-04-02
2618,40,Female,Sales,SAL-03,Sales Director,2,Bachelor's,8571,9389,48,388,14,6,0,4 - Very High,2,No,Yes,8.0,35.0,0,4.0,Very High,2024-12-20
2619,28,Male,Marketing,MKT-04,Content Strategist,1,High School,4924,6060,29,228,2,2,2,2 - Medium,3,No,No,,29.0,1,2.0,Very High,2022-02-12
2620,52,Male,Engineering,ENG-02,Frontend Developer,2,Bachelor's,8023,9510,46,378,13,10,6,3 - High,4,No,No,7.0,21.0,1,2.0,High,2018-06-22
2621,29,Male,Engineering,ENG-02,DevOps Engineer,2,Bachelor's,8450,11457,50,405,3,1,1,4 - Very High,4,No,No,6.0,14.0,0,,Very High,2023-08-29
2622,25,Female,Marketing,MKT-04,Digital Marketing Lead,5,Bachelor's,11281,13809,63,502,8,7,4,2 - Medium,3,No,Yes,4.0,39.0,1,3.0,High,2020-11-10
2623,28,Female,Human Resources,HR-01,HR Analyst,2,Bachelor's,5642,7225,32,263,8,7,7,3 - High,4,No,No,5.0,30.0,0,3.0,High,2017-08-31
2624,59,Female,Sales,SAL-03,Account Executive,3,Bachelor's,8105,9594,46,377,22,15,12,3 - High,2,No,Yes,3.0,41.0,3,2.0,Medium,2012-10-29
2625,21,Female,Finance,FIN-05,Controller,3,Master's,7698,10415,46,363,2,2,1,3 - High,3,No,No,9.0,25.0,1,4.0,High,02/26/2023
2626,46,Female,Human Resources,HR-01,HR Coordinator,1,High School,4052,4788,24,197,7,2,1,4 - Very High,3,No,No,4.0,30.0,5,4.0,Very High,10/14/2023
2627,39,Female,Sales,SAL-03,Business Development Rep,1,Bachelor's,4430,5356,25,202,0,0,0,3 - High,3,No,No,14.0,17.0,0,3.0,High,2025-01-15
2628,36,Male,Finance,FIN-05,Auditor,1,High School,5381,6408,31,245,11,1,1,3 - High,2,No,No,2.0,28.0,1,5.0,High,2023-05-21
2629,40,Male,Human Resources,HR-01,HR Coordinator,4,Master's,8167,10312,46,371,7,3,0,2 - Medium,3,Yes,Yes,10.0,24.0,2,4.0,Medium,08/12/2024
2630,29,Male,Engineering,ENG-02,DevOps Engineer,2,Master's,7973,9792,47,376,1,1,0,3 - High,3,No,No,18.0,16.0,2,3.0,High,2024-06-29
2631,33,Male,Sales,SAL-03,Senior Sales Rep,2,PhD,6766,9350,40,328,6,1,1,3 - High,3,No,No,11.0,17.0,1,4.0,Very High,01/18/2023
2632,47,Female,Human Resources,HR-01,HR Coordinator,2,Bachelor's,6111,7003,35,286,27,9,5,3 - High,2,No,No,9.0,33.0,0,3.0,Very High,2019-07-30
2633,25,Male,Sales,SAL-03,Sales Manager,2,Bachelor's,6863,8463,39,312,2,0,0,4 - Very High,4,No,No,4.0,27.0,0,3.0,High,2024-08-07
2634,28,Female,Human Resources,HR-01,HR Manager,5,Bachelor's,9377,11011,54,441,1,0,0,4 - Very High,4,No,No,7.0,31.0,0,1.0,High,02/04/2024
2635,27,Female,Finance,FIN-05,Finance Manager,2,High School,5160,5754,29,235,1,1,0,2 - Medium,2,No,No,12.0,30.0,0,3.0,High,2024-07-26
2636,42,Female,Engineering,ENG-02,Engineering Manager,4,High School,10612,11772,59,478,8,0,0,4 - Very High,3,No,No,18.0,10.0,0,4.0,Very High,07/23/2024
2637,31,Male,Engineering,ENG-02,Engineering Manager,5,Master's,17342,22422,102,829,11,1,1,1 - Low,3,No,No,20.0,40.0,1,1.0,Very High,2023-05-23
2638,41,Female,Operations,OPS-06,Operations Analyst,2,Bachelor's,6013,6829,34,272,11,5,4,4 - Very High,3,No,No,7.0,34.0,0,3.0,High,2020-12-31
2639,34,Male,Finance,FIN-05,Controller,2,Master's,7653,8912,44,351,8,6,2,3 - High,3,No,No,9.0,37.0,0,3.0,High,03/29/2022
2640,44,Female,Engineering,ENG-02,Data Engineer,1,Bachelor's,5378,7011,31,245,4,1,0,2 - Medium,2,No,Yes,3.0,15.0,3,3.0,High,2024-04-18
2641,27,Male,Engineering,ENG-02,Backend Developer,1,Master's,6579,8033,38,299,3,2,0,3 - High,4,No,No,11.0,17.0,0,4.0,Very High,2024-12-24
2642,34,Non-Binary,Engineering,ENG-02,Backend Developer,1,High School,4901,5790,29,237,10,4,4,4 - Very High,3,No,No,5.0,17.0,0,3.0,high,2020-02-08
2643,35,Male,Operations,OPS-06,Process Engineer,3,Bachelor's,5989,7405,35,275,2,0,0,2 - Medium,4,No,No,10.0,32.0,0,2.0,Very High,06/20/2024
2644,29,Female,Engineering,ENG-02,Frontend Developer,3,PhD,10461,13352,60,481,0,0,0,3 - High,4,No,No,5.0,34.0,3,,High,01/14/2025
2645,30,Male,Sales,SAL-03,Business Development Rep,2,High School,5252,6387,30,247,3,0,0,3 - High,2,No,Yes,11.0,23.0,1,3.0,High,2024-09-21
2646,25,Male,Operations,OPS-06,Supply Chain Analyst,1,Bachelor's,3874,4630,23,189,1,0,0,4 - Very High,4,Yes,No,7.0,17.0,0,4.0,High,05/16/2024
2647,28,Female,Finance,FIN-05,Finance Manager,1,High School,5754,7408,33,268,5,1,0,3 - High,2,No,No,6.0,20.0,1,,Very High,04/15/2024
2648,29,Male,Sales,SAL-03,Account Executive,1,Bachelor's,4412,5563,25,197,1,0,0,4 - Very High,3,No,No,9.0,16.0,1,3.0,High,2024-06-21
2649,27,Female,Human Resources,HR-01,HR Coordinator,3,Bachelor's,6091,8198,34,269,0,0,0,4 - Very High,4,No,No,6.0,25.0,0,,Very High,2025-05-25
2650,25,Female,Sales,SAL-03,Regional Sales Lead,3,High School,7780,9422,44,349,0,0,0,3 - High,4,No,No,9.0,24.0,0,4.0,Very High,
2651,40,Female,Sales,SAL-03,Business Development Rep,1,Bachelor's,4197,4968,24,190,1,0,0,4 - Very High,4,No,No,4.0,14.0,5,5.0,Very High,12/19/2024
2652,28,Female,Engineering,ENG-02,Frontend Developer,3,Master's,7819,9144,46,363,3,3,1,3 - High,3,No,Yes,6.0,13.0,1,3.0,Medium,12/03/2023
2653,53,Male,Marketing,MKT-04,Marketing Manager,5,Master's,15324,18387,88,700,15,3,3,3 - High,3,No,Yes,13.0,46.0,4,5.0,High,2021-05-18
2654,38,Male,Finance,FIN-05,Senior Accountant,2,Master's,7140,8143,41,333,7,1,1,2 - Medium,2,No,Yes,7.0,40.0,1,4.0,Very High,2023-03-26
2655,34,Female,Marketing,MKT-04,Marketing Manager,3,Master's,9687,10728,56,439,8,6,3,3 - High,3,No,No,10.0,35.0,1,3.0,Very High,2021-09-08
2656,28,Male,Engineering,ENG-02,Backend Developer,3,Bachelor's,8456,11208,50,397,0,0,0,4 - Very High,3,No,No,2.0,13.0,1,4.0,Very High,12/28/2024
2657,35,Female,Marketing,MKT-04,Brand Manager,4,Master's,10677,13750,63,495,3,2,2,3 - High,1,No,No,9.0,23.0,1,,High,2022-11-02
2658,32,Female,Engineering,ENG-02,Backend Developer,2,High School,7424,8807,42,342,9,3,2,3 - High,3,No,No,16.0,25.0,0,3.0,Medium,2022-08-19
2659,44,Male,Finance,FIN-05,Auditor,2,Master's,8498,11099,49,392,13,3,3,4 - Very High,3,No,No,11.0,22.0,2,3.0,Medium,12/04/2021
2660,33,Male,Operations,OPS-06,Logistics Coordinator,2,PhD,5480,6306,31,255,2,1,1,2 - Medium,3,No,Yes,6.0,13.0,1,4.0,Very High,2023-03-07
2661,31,Female,Sales,SAL-03,Sales Manager,1,High School,4390,6030,26,207,0,0,0,1 - Low,2,Yes,Yes,16.0,26.0,1,2.0,Medium,12/24/2024
2662,25,Male,Sales,SAL-03,Sales Rep,1,High School,4092,5612,23,185,3,2,0,3 - High,1,No,Yes,31.0,29.0,1,5.0,Medium,2024-06-07
2663,50,Female,Finance,FIN-05,Financial Analyst,2,Bachelor's,6119,7467,36,292,15,11,6,4 - Very High,3,No,No,12.0,31.0,0,2.0,Medium,2018-03-02
2664,51,Female,Operations,OPS-06,Process Engineer,1,PhD,5224,5891,30,247,23,10,5,3 - High,3,No,Yes,18.0,28.0,0,5.0,High,2019-07-26
2665,21,Female,Marketing,MKT-04,SEO Specialist,2,Bachelor's,4923,5943,28,226,2,0,0,4 - Very High,4,No,No,19.0,19.0,0,4.0,Very High,2024-12-15
2666,21,Female,Sales,SAL-03,Sales Manager,3,Bachelor's,7436,8202,43,338,3,3,0,3 - High,4,No,No,8.0,27.0,0,3.0,Medium,2024-04-14
2667,21,Female,Engineering,ENG-02,Senior Engineer,4,High School,10550,13768,63,494,5,3,1,2 - Medium,4,No,No,5.0,34.0,1,3.0,Very High,2023-08-25
2668,46,Female,Finance,FIN-05,Controller,3,Bachelor's,9922,11248,58,464,11,7,1,3 - High,3,No,No,25.0,23.0,5,2.0,High,2023-09-12
2669,37,Male,Finance,FIN-05,Finance Manager,2,Bachelor's,6359,8557,37,302,6,1,1,3 - High,4,No,Yes,8.0,20.0,2,5.0,High,2023-08-15
2670,33,Male,Human Resources,HR-01,Recruiter,2,High School,4966,6857,28,230,6,0,0,4 - Very High,2,No,No,7.0,28.0,1,1.0,High,2024-07-30
2671,51,Female,Human Resources,HR-01,HR Manager,4,Bachelor's,9730,11044,55,438,22,1,0,1 - Low,2,No,No,9.0,29.0,0,1.0,Medium,2024-03-23
2672,36,Female,Sales,SAL-03,Business Development Rep,3,Bachelor's,6794,7819,38,309,13,12,6,2 - Medium,1,No,Yes,9.0,28.0,0,1.0,Medium,2018-08-18
2673,24,Female,Engineering,ENG-02,DevOps Engineer,2,High School,5870,7549,34,271,2,2,0,2 - Medium,1,No,No,4.0,29.0,1,3.0,Very High,2024-10-18
2674,32,Male,Finance,FIN-05,Controller,1,Bachelor's,6000,8291,34,272,0,0,0,4 - Very High,3,No,No,3.0,15.0,2,2.0,High,2024-09-30
2675,32,Male,Engineering,ENG-02,ML Engineer,4,Master's,14420,16077,85,684,3,0,0,2 - Medium,2,No,No,9.0,36.0,0,5.0,Very High,2024-04-15
2676,32,Female,Engineering,ENG-02,Engineering Manager,3,Bachelor's,10441,12670,60,480,8,8,7,2 - Medium,3,No,No,4.0,34.0,0,2.0,Medium,2017-11-16
2677,31,Male,Finance,FIN-05,Financial Analyst,4,Master's,9411,11399,56,447,6,5,2,3 - High,3,No,No,5.0,29.0,0,4.0,High,01/01/2023
2678,49,Male,Engineering,ENG-02,Frontend Developer,2,High School,7056,9328,42,332,9,2,2,4 - Very High,3,No,Yes,4.0,27.0,2,2.0,Medium,2022-02-20
2679,24,Male,Sales,SAL-03,Business Development Rep,3,High School,7609,8667,45,358,5,0,0,3 - High,3,No,No,14.0,15.0,0,3.0,High,2024-08-09
2680,40,Female,Sales,SAL-03,Account Executive,4,Bachelor's,9904,11536,57,468,15,7,2,4 - Very High,4,No,No,4.0,18.0,0,5.0,Very High,2022-05-17
2681,29,Male,Engineering,ENG-02,Software Engineer,3,High School,7068,8980,40,324,3,0,0,3 - High,3,No,No,3.0,36.0,1,5.0,Very High,03/02/2024
2682,22,Male,Engineering,ENG-02,QA Engineer,2,High School,5638,7679,33,267,0,0,0,3 - High,4,No,No,9.0,17.0,0,3.0,High,01/05/2025
2683,38,Female,Operations,OPS-06,Process Engineer,1,Bachelor's,4196,5312,24,195,4,0,0,3 - High,3,No,No,11.0,32.0,1,2.0,Medium,09/24/2024
2684,27,Male,Engineering,ENG-02,DevOps Engineer,1,PhD,6177,7179,36,286,3,2,1,3 - High,4,No,No,13.0,16.0,1,2.0,High,2023-04-11
2685,25,Male,Engineering,ENG-02,Engineering Manager,2,High School,7420,8487,42,345,0,0,0,3 - High,2,Yes,No,9.0,36.0,2,2.0,Medium,2024-07-28
2686,42,Male,Operations,OPS-06,Supply Chain Analyst,2,Bachelor's,5932,6972,35,284,15,5,1,4 - Very High,3,No,Yes,16.0,21.0,2,,Medium,2023-10-08
2687,32,Male,Human Resources,HR-01,HR Director,4,High School,8073,10542,45,363,4,2,0,4 - Very High,3,No,No,4.0,30.0,0,4.0,High,06/08/2024
2688,38,Male,Operations,OPS-06,Logistics Coordinator,4,Bachelor's,6700,7385,38,300,5,3,0,3 - High,4,No,No,11.0,16.0,0,2.0,Very High,2024-02-12
2689,22,Female,Operations,OPS-06,Process Engineer,3,High School,6011,6765,34,277,1,1,1,4 - Very High,3,No,No,6.0,7.0,2,3.0,Very High,2023-11-22
2690,30,Male,Operations,OPS-06,Process Engineer,3,Bachelor's,7794,8897,45,366,4,4,2,3 - High,2,No,No,12.0,19.0,0,2.0,High,2022-05-21
2691,38,Female,Sales,SAL-03,Regional Sales Lead,4,Bachelor's,10477,13741,62,490,2,1,0,2 - Medium,2,No,No,6.0,31.0,3,3.0,Medium,09/28/2024
2692,46,Female,Sales,SAL-03,Sales Rep,3,Master's,7176,8201,41,325,16,5,2,3 - High,2,No,Yes,6.0,27.0,2,,Very High,2022-12-15
2693,31,Female,Marketing,MKT-04,Content Strategist,1,High School,5525,7268,31,246,13,5,2,4 - Very High,4,No,No,9.0,20.0,3,3.0,High,2022-03-14
2694,36,Male,Sales,SAL-03,Sales Rep,2,Bachelor's,4908,5463,28,225,3,2,2,3 - High,2,No,No,9.0,40.0,0,,High,2022-12-27
2695,44,Non-Binary,Sales,SAL-03,Regional Sales Lead,2,Bachelor's,6732,9065,38,298,14,11,11,4 - Very High,3,No,No,17.0,25.0,1,,Very High,2013-05-01
2696,34,Male,Human Resources,HR-01,HR Director,1,High School,4665,5409,26,208,3,2,2,3 - High,3,Yes,Yes,8.0,19.0,3,3.0,High,12/06/2022
2697,32,Male,Operations,OPS-06,Operations Manager,3,Master's,8003,8989,47,370,6,2,0,4 - Very High,4,No,No,6.0,22.0,0,3.0,Medium,04/15/2024
2698,26,Male,Engineering,ENG-02,Data Engineer,5,PhD,15345,19477,90,737,2,1,1,3 - High,2,No,Yes,14.0,40.0,0,5.0,Very High,2023-10-15
2699,39,Female,Engineering,ENG-02,Senior Engineer,4,Master's,14914,18406,87,702,9,8,5,4 - Very High,3,No,No,11.0,35.0,3,2.0,High,11/23/2019
2700,29,Female,Sales,SAL-03,Account Executive,4,Bachelor's,8687,11065,50,401,7,4,3,4 - Very High,3,No,No,6.0,18.0,0,3.0,Very High,2021-06-24
2701,40,Male,Sales,SAL-03,Sales Director,2,Bachelor's,8381,11031,47,384,6,0,0,4 - Very High,3,No,Yes,7.0,32.0,0,4.0,High,11/10/2024
2702,38,Male,Engineering,ENG-02,Frontend Developer,2,Master's,6610,8984,39,312,4,1,0,3 - High,3,No,No,7.0,22.0,0,3.0,High,2024-02-29
2703,23,Female,Marketing,MKT-04,SEO Specialist,4,Master's,8745,10076,52,419,1,1,1,2 - Medium,2,No,No,9.0,32.0,2,2.0,High,06/28/2023
2704,31,Female,Engineering,ENG-02,Data Engineer,1,Master's,6012,6897,35,286,6,1,1,3 - High,3,No,No,13.0,28.0,1,3.0,Medium,2023-11-28
2705,32,Female,Sales,SAL-03,Business Development Rep,4,High School,8554,10040,49,386,5,3,3,4 - Very High,3,No,No,20.0,21.0,2,,Very High,2021-08-18
2706,29,Female,Engineering,ENG-02,ML Engineer,2,Master's,9912,13495,57,450,10,3,3,3 - High,2,Yes,No,9.0,27.0,0,2.0,Very High,2021-01-28
2707,42,Female,Marketing,MKT-04,Growth Analyst,2,High School,5992,7723,35,280,8,5,3,3 - High,3,No,No,4.0,35.0,4,3.0,Medium,2021-01-27
2708,52,Male,Human Resources,HR-01,HR Coordinator,3,Bachelor's,7228,9228,42,340,17,6,4,3 - High,4,No,No,8.0,9.0,1,3.0,Very High,2020-07-10
2709,39,Female,Engineering,ENG-02,Staff Engineer,3,Bachelor's,9980,13317,58,468,17,17,8,3 - High,3,No,No,3.0,23.0,1,2.0,Very High,08/11/2016
2710,35,Female,Operations,OPS-06,Logistics Coordinator,1,High School,4111,5701,24,193,1,0,0,3 - High,3,No,No,10.0,17.0,1,3.0,High,2024-09-20
2711,26,Female,Operations,OPS-06,Logistics Coordinator,1,High School,3201,3809,18,145,0,0,0,3 - High,4,No,Yes,13.0,36.0,0,4.0,Medium,11/10/2024
2712,31,Female,Engineering,ENG-02,QA Engineer,2,High School,6826,8286,38,298,5,2,0,2 - Medium,4,No,No,3.0,15.0,3,1.0,High,2024-04-17
2713,21,Male,Engineering,ENG-02,Engineering Manager,1,High School,6162,7504,35,285,0,0,0,1 - Low,3,No,No,13.0,18.0,0,3.0,High,2024-06-05
2714,39,Non-Binary,Operations,OPS-06,Facilities Manager,1,Bachelor's,5083,6121,30,246,4,4,3,3 - High,4,No,No,12.0,27.0,1,3.0,High,2021-11-02
2715,41,Male,Operations,OPS-06,Supply Chain Analyst,4,Bachelor's,9039,11422,51,400,8,3,2,4 - Very High,3,No,No,20.0,35.0,0,3.0,Very High,06/11/2022
2716,22,Female,Marketing,MKT-04,Marketing Analyst,2,Master's,5934,7957,34,270,1,1,0,3 - High,3,No,No,9.0,,1,5.0,Very High,04/17/2024
2717,25,Female,Finance,FIN-05,Senior Accountant,1,High School,4506,5580,26,207,4,0,0,4 - Very High,4,No,No,7.0,16.0,0,3.0,Very High,03/29/2024
2718,35,Male,Operations,OPS-06,Supply Chain Analyst,1,Bachelor's,4661,5657,27,221,2,1,0,3 - High,3,No,No,3.0,0.0,0,3.0,Medium,2024-02-07
2719,40,Male,Sales,SAL-03,Sales Director,2,Bachelor's,8754,10361,52,412,10,2,1,2 - Medium,2,No,Yes,7.0,28.0,1,,High,01/01/2024
2720,36,Female,Engineering,ENG-02,Senior Engineer,3,Bachelor's,10469,12315,59,481,13,9,1,2 - Medium,3,No,No,10.0,38.0,1,2.0,High,2023-05-24
2721,33,Female,Operations,OPS-06,Facilities Manager,3,High School,6555,8388,38,309,6,0,0,2 - Medium,2,No,No,5.0,22.0,0,1.0,Medium,04/03/2024
2722,26,Male,Operations,OPS-06,Operations Analyst,1,Master's,4079,5440,23,182,2,2,2,3 - High,3,No,No,6.0,31.0,0,3.0,Very High,2022-12-24
2723,22,Male,Human Resources,HR-01,HR Coordinator,2,High School,4179,5433,24,190,2,0,0,2 - Medium,3,No,No,5.0,35.0,0,2.0,Very High,11/10/2024
2724,27,Female,Operations,OPS-06,Process Engineer,2,Master's,5544,7619,32,260,2,2,1,4 - Very High,3,No,No,6.0,31.0,1,1.0,High,2023-03-01
2725,33,Female,Operations,OPS-06,Logistics Coordinator,1,Master's,4324,5570,25,202,1,1,1,3 - High,3,No,No,11.0,21.0,1,4.0,Very High,2024-02-22
2726,29,Female,Marketing,MKT-04,Content Strategist,3,Master's,7862,9271,45,359,0,0,0,3 - High,3,No,No,4.0,37.0,0,5.0,Very High,2024-11-23
2727,60,Female,Engineering,ENG-02,Software Engineer,2,Master's,7797,9287,45,367,25,13,6,2 - Medium,3,No,No,9.0,10.0,2,4.0,Very High,2018-12-12
2728,21,Female,Sales,SAL-03,Sales Manager,2,Bachelor's,5855,7465,34,272,6,2,0,4 - Very High,2,No,Yes,10.0,10.0,0,4.0,High,2024-06-05
2729,31,Female,Sales,SAL-03,Sales Director,3,Master's,8193,9395,48,386,2,1,0,1 - Low,2,No,No,3.0,29.0,5,2.0,Very High,2024-07-04
2730,38,Male,Engineering,ENG-02,Software Engineer,1,Master's,6158,8247,35,287,3,3,0,2 - Medium,2,No,No,15.0,16.0,3,3.0,High,2024-10-08
2731,33,Female,Finance,FIN-05,Senior Accountant,4,High School,9321,12158,52,410,7,4,3,3 - High,2,No,No,9.0,36.0,1,4.0,Very High,2021-02-08
2732,27,Female,Engineering,ENG-02,Engineering Manager,1,Bachelor's,7396,9608,42,336,9,5,0,2 - Medium,1,No,Yes,21.0,24.0,1,3.0,Low,2024-05-08
2733,52,Male,Operations,OPS-06,Logistics Coordinator,2,Master's,6167,7804,36,295,20,14,6,3 - High,4,No,No,8.0,22.0,0,3.0,High,2018-10-30
2734,34,Male,Human Resources,HR-01,HR Coordinator,3,Bachelor's,6698,8075,39,309,6,2,2,3 - High,3,No,Yes,2.0,19.0,2,4.0,High,2022-11-07
2735,31,Male,Finance,FIN-05,Senior Accountant,1,Bachelor's,5002,6854,29,234,8,4,2,2 - Medium,2,No,No,16.0,28.0,3,,High,2022-10-04
2736,39,Male,Engineering,ENG-02,Engineering Manager,1,Bachelor's,6263,7793,37,302,17,2,0,4 - Very High,3,No,No,7.0,19.0,0,,High,2024-05-27
2737,38,Female,Operations,OPS-06,Operations Analyst,1,Bachelor's,5010,6690,28,221,9,9,0,4 - Very High,2,No,No,19.0,11.0,0,,High,2024-06-05
2738,29,Female,Finance,FIN-05,Senior Accountant,2,Bachelor's,5308,6493,30,246,0,0,0,3 - High,3,No,No,19.0,38.0,0,1.0,High,10/09/2024
2739,37,Female,Sales,SAL-03,Account Executive,1,Bachelor's,5386,7165,31,244,9,9,3,3 - High,4,No,No,2.0,21.0,1,2.0,High,2021-03-25
2740,25,Female,Operations,OPS-06,Operations Analyst,1,Bachelor's,4765,5316,28,224,2,0,0,4 - Very High,4,No,No,2.0,24.0,1,5.0,Very High,2024-06-14
2741,27,Male,Operations,OPS-06,Operations Manager,3,Master's,9037,11171,52,418,7,6,6,3 - High,4,No,Yes,16.0,36.0,0,2.0,Low,2018-03-14
2742,53,Male,Sales,SAL-03,Regional Sales Lead,4,Bachelor's,11993,15365,68,546,26,14,14,4 - Very High,2,No,No,7.0,32.0,0,3.0,High,2010-11-04
2743,25,Male,Engineering,ENG-02,Software Engineer,1,High School,4558,5148,26,209,4,2,2,2 - Medium,2,No,No,5.0,19.0,0,3.0,High,2022-02-24
2744,52,Male,Marketing,MKT-04,Brand Manager,2,Master's,8227,10611,48,377,20,15,4,2 - Medium,2,No,No,18.0,22.0,0,4.0,High,2020-11-28
2745,21,Male,Engineering,ENG-02,Data Engineer,5,Master's,15109,20234,89,718,0,0,0,4 - Very High,3,No,No,16.0,35.0,0,3.0,High,2025-03-05
2746,21,Male,Marketing,MKT-04,SEO Specialist,2,PhD,5882,7538,34,270,4,0,0,4 - Very High,3,No,No,50.0,20.0,0,4.0,Very High,2024-06-06
2747,35,Female,Sales,SAL-03,Senior Sales Rep,4,High School,7859,9272,44,356,1,1,0,3 - High,3,No,No,3.0,32.0,3,1.0,Medium,2024-11-24
2748,41,Male,Engineering,ENG-02,QA Engineer,1,Master's,5440,7132,32,257,13,13,8,4 - Very High,4,No,No,13.0,24.0,0,4.0,Very High,10/06/2016
2749,46,Female,Engineering,ENG-02,Data Engineer,4,Bachelor's,11298,14843,66,521,13,5,4,3 - High,3,No,No,6.0,42.0,2,3.0,Very High,2020-05-25
2750,28,Male,Engineering,ENG-02,Senior Engineer,3,High School,9283,11249,55,444,9,9,0,4 - Very High,2,No,No,11.0,23.0,2,,Medium,02/29/2024
2751,32,Female,Operations,OPS-06,Operations Manager,5,Bachelor's,11258,14273,65,515,3,0,0,4 - Very High,3,No,Yes,9.0,27.0,0,3.0,Medium,2024-06-24
2752,55,Male,Operations,OPS-06,Operations Analyst,1,Bachelor's,4385,5225,26,214,22,13,4,3 - High,2,No,No,9.0,27.0,0,2.0,High,01/21/2020
2753,38,Female,Marketing,MKT-04,Growth Analyst,3,High School,6082,7679,35,285,6,5,2,2 - Medium,3,No,Yes,6.0,26.0,1,2.0,High,2022-04-10
2754,60,Male,Sales,SAL-03,Sales Manager,2,Master's,6960,8061,39,319,25,6,1,4 - Very High,4,No,No,6.0,,1,3.0,Very High,2023-07-07
2755,31,Female,Operations,OPS-06,Supply Chain Analyst,1,High School,4271,5864,25,202,5,1,1,3 - High,3,Yes,Yes,12.0,34.0,0,4.0,High,2023-03-18
2756,24,Female,Operations,OPS-06,Operations Manager,2,Bachelor's,6569,8482,37,297,3,3,0,4 - Very High,3,No,Yes,7.0,15.0,0,,High,2024-07-13
2757,34,Male,Operations,OPS-06,Supply Chain Analyst,4,Bachelor's,8641,11413,51,404,13,7,2,3 - High,4,No,Yes,6.0,20.0,0,4.0,High,11/23/2022
2758,28,Male,Engineering,ENG-02,Software Engineer,3,Bachelor's,7954,10541,45,369,0,0,0,3 - High,2,No,No,5.0,34.0,1,4.0,Very High,2025-01-27
2759,31,Female,Engineering,ENG-02,Software Engineer,3,High School,6636,8254,39,311,0,0,0,4 - Very High,1,No,No,43.0,33.0,2,3.0,High,04/09/2025
2760,25,Female,Operations,OPS-06,Supply Chain Analyst,2,Master's,5523,6676,32,254,1,0,0,4 - Very High,4,No,No,12.0,23.0,0,4.0,Very High,2024-04-21
2761,33,Female,Engineering,ENG-02,Software Engineer,1,Bachelor's,6186,8388,36,290,2,1,0,1 - Low,2,No,Yes,9.0,22.0,1,3.0,Medium,07/30/2024
2762,25,Female,Finance,FIN-05,Financial Analyst,1,Bachelor's,4437,6014,25,197,0,0,0,3 - High,3,No,Yes ,8.0,20.0,1,4.0,High,12/15/2024
2763,46,Male,Marketing,MKT-04,Marketing Manager,1,Bachelor's,4902,6189,29,236,15,14,6,4 - Very High,1,No,Yes,6.0,17.0,0,5.0,Very High,2018-07-04
2764,49,Female,Human Resources,HR-01,HR Director,3,Bachelor's,7884,8902,45,369,9,9,4,2 - Medium,4,No,Yes,4.0,35.0,2,4.0,High,2020-01-23
2765,26,Male,Operations,OPS-06,Operations Analyst,1,Master's,4435,6025,26,210,0,0,0,4 - Very High,3,Yes,No,9.0,11.0,0,2.0,High,02/20/2025
2766,30,Male,Finance,FIN-05,Controller,3,Bachelor's,8012,9769,47,381,5,2,1,4 - Very High,2,No,No,13.0,39.0,0,4.0,Very High,09/11/2023
2767,27,Female,Operations,OPS-06,Process Engineer,1,Bachelor's,4673,5639,27,219,7,3,0,3 - High,4,No,No,9.0,26.0,0,4.0,Very High,2024-02-16
2768,21,Male,Sales,SAL-03,Senior Sales Rep,3,High School,6221,7241,36,288,2,1,0,4 - Very High,3,No,No,7.0,31.0,0,2.0,High,2024-06-09
2769,24,Female,Finance,FIN-05,Financial Analyst,2,Bachelor's,6489,8706,36,286,5,2,0,4 - Very High,4,No,No,11.0,20.0,0,4.0,Very High,2024-12-03
2770,41,Female,Sales,SAL-03,Sales Rep,1,Master's,6058,7648,35,286,13,13,5,3 - High,3,No,No,15.0,22.0,0,1.0,High,12/21/2019
2771,33,Female,Finance,FIN-05,Financial Analyst,1,Bachelor's,4998,6238,29,238,8,0,0,3 - High,3,No,Yes,2.0,26.0,0,5.0,High,02/11/2024
2772,43,Male,Operations,OPS-06,Process Engineer,2,High School,6607,8556,38,309,12,8,6,3 - High,2,No,No,5.0,30.0,0,3.0,Medium,2018-12-04
2773,36,Male,Sales,SAL-03,Senior Sales Rep,1,High School,4717,5992,27,221,12,1,0,3 - High,4,No,No,1.0,13.0,1,4.0,Very High,11/01/2024
2774,31,Male,Marketing,MKT-04,Marketing Analyst,3,High School,5889,7985,33,266,3,3,0,2 - Medium,3,No,Yes,4.0,29.0,3,1.0,Medium,2024-07-02
2775,45,Male,Marketing,MKT-04,Brand Manager,1,Master's,6616,9133,38,305,16,15,0,1 - Low,2,No,No,8.0,19.0,0,2.0,High,2024-08-17
2776,42,Male,Engineering,ENG-02,ML Engineer,5,High School,16232,18044,92,739,10,8,2,4 - Very High,4,No,No,4.0,35.0,0,4.0,Very High,11/21/2022
2777,41,Male,Engineering,ENG-02,ML Engineer,5,High School,16058,18404,95,752,10,3,0,3 - High,4,No,No,6.0,31.0,4,2.0,Very High,2024-10-25
2778,40,Female,Operations,OPS-06,Supply Chain Analyst,3,Master's,7414,9475,43,341,2,1,1,4 - Very High,2,Yes,No,5.0,44.0,3,3.0,Medium,01/19/2023
2779,49,Male,Sales,SAL-03,Sales Director,3,Bachelor's,11093,13940,65,535,23,21,8,3 - High,3,No,Yes,9.0,48.0,2,4.0,Very High,2016-12-21
2780,40,Female,Operations,OPS-06,Operations Analyst,3,Master's,7958,10230,46,364,10,10,10,4 - Very High,3,No,No,6.0,28.0,0,,Very High,09/30/2014
2781,43,Male,Engineering,ENG-02,Software Engineer,1,Bachelor's,5313,7096,31,251,0,0,0,1 - Low,2,Yes,Yes,7.0,5.0,2,2.0,High,2024-07-18
2782,24,Male,Sales,SAL-03,Sales Manager,5,Master's,11088,14381,63,500,1,0,0,2 - Medium,3,No,No,2.0,1.0,0,3.0,High,2024-06-12
2783,40,Female,Finance,FIN-05,Finance Manager,5,High School,13726,16630,80,653,17,9,3,3 - High,2,No,No,6.0,35.0,2,5.0,Very High,2021-07-03
2784,39,Male,Human Resources,HR-01,HR Analyst,4,PhD,9502,12720,56,440,10,1,0,4 - Very High,4,No,No,4.0,36.0,0,4.0,Very High,2024-08-10
2785,54,Male,Sales,SAL-03,Sales Director,2,PhD,7822,9823,46,373,10,3,2,4 - Very High,4,No,Yes,7.0,25.0,0,3.0,Very High,09/30/2022
2786,31,Male,Engineering,ENG-02,Senior Engineer,5,Master's,16763,18434,98,794,2,0,0,4 - Very High,3,No,No,10.0,24.0,0,,Very High,2024-02-07
2787,39,Female,Marketing,MKT-04,SEO Specialist,2,Master's,6153,8141,36,292,10,5,2,4 - Very High,3,No,Yes,5.0,42.0,3,3.0,Medium,2022-02-07
2788,30,Non-Binary,Operations,OPS-06,Operations Manager,1,Bachelor's,4372,6080,26,214,0,0,0,3 - High,2,No,Yes,3.0,28.0,0,2.0,Low,2024-12-08
2789,45,Female,Operations,OPS-06,Supply Chain Analyst,1,Master's,5105,6597,29,232,14,5,1,4 - Very High,3,No,No,5.0,14.0,4,4.0,Very High,2023-09-09
2790,21,Female,Operations,OPS-06,Operations Manager,3,Master's,8056,10088,47,381,0,0,0,4 - Very High,3,No,No,10.0,38.0,2,4.0,High,2024-12-18
2791,21,Female,Marketing,MKT-04,SEO Specialist,1,Master's,4304,5080,25,205,1,0,0,3 - High,3,No,No,7.0,36.0,0,3.0,Very High,2024-12-22
2792,29,Female,Marketing,MKT-04,Marketing Manager,1,Master's,5346,6016,30,241,1,0,0,2 - Medium,3,No,Yes,9.0,21.0,2,2.0,High,2024-04-14
2793,30,Male,Finance,FIN-05,Senior Accountant,5,Master's,12701,17133,73,589,7,4,3,4 - Very High,4,No,No,8.0,27.0,0,3.0,Medium,2021-12-17
2794,28,Male,Engineering,ENG-02,Engineering Manager,1,Master's,6139,7972,35,277,4,4,1,4 - Very High,4,No,No,7.0,23.0,1,3.0,High,2023-10-18
2795,24,Male,Human Resources,HR-01,HR Director,4,Bachelor's,8293,10688,49,393,0,0,0,4 - Very High,2,Yes,No,11.0,23.0,2,3.0,Very High,2025-06-19
2796,26,Female,Engineering,ENG-02,Senior Engineer,3,Bachelor's,9158,11477,52,424,3,2,1,4 - Very High,3,No,No,4.0,22.0,0,3.0,High,
2797,35,Female,Engineering,ENG-02,Staff Engineer,2,Bachelor's,8445,11590,50,404,0,0,0,4 - Very High,3,No,No,4.0,40.0,5,3.0,Very High,09/06/2024
2798,35,Female,Finance,FIN-05,Controller,3,Bachelor's,7336,9181,44,359,4,1,1,4 - Very High,2,No,No,9.0,4.0,3,2.0,Medium,2023-03-22
2799,21,Male,Engineering,ENG-02,DevOps Engineer,2,Bachelor's,8537,10852,50,403,5,2,2,2 - Medium,2,No,No,15.0,19.0,2,5.0,Very High,2022-02-11
2800,33,Male,Operations,OPS-06,Logistics Coordinator,1,Master's,4822,6317,28,224,9,4,1,4 - Very High,4,No,No,10.0,16.0,0,4.0,Very High,01/05/2023
2801,33,Female,Engineering,ENG-02,Frontend Developer,2,High School,6946,9130,41,323,10,4,1,3 - High,2,No,Yes,9.0,21.0,0,5.0,Very High,2023-06-03
2802,26,Non-Binary,Engineering,ENG-02,Senior Engineer,2,Master's,8475,11036,49,401,0,0,0,4 - Very High,4,No,No,5.0,30.0,1,3.0,Very High,03/16/2025
2803,30,Female,Finance,FIN-05,Controller,2,High School,5981,7573,35,275,2,1,1,2 - Medium,3,Yes,Yes,6.0,33.0,3,3.0,Low,2023-10-07
2804,28,Female,Engineering,ENG-02,Staff Engineer,3,Bachelor's,9549,11911,54,436,0,0,0,4 - Very High,3,No,No,13.0,38.0,0,4.0,Very High,08/21/2024
2805,24,Male,Finance,FIN-05,Financial Analyst,3,Master's,9482,11722,53,430,8,0,0,4 - Very High,4,No,No,15.0,13.0,0,3.0,High,2024-03-11
2806,35,Female,Engineering,ENG-02,Software Engineer,1,Master's,5800,7333,33,259,0,0,0,4 - Very High,3,No,Yes,6.0,18.0,4,4.0,High,11/20/2024
2807,30,Female,Engineering,ENG-02,Backend Developer,1,Master's,6537,7439,39,317,1,0,0,3 - High,2,No,Yes,8.0,18.0,3,3.0,Medium,2024-09-30
2808,33,Male,Operations,OPS-06,Operations Analyst,4,Master's,8370,10121,47,371,0,0,0,2 - Medium,4,No,No,5.0,24.0,0,3.0,Very High,2024-12-27
2809,29,Male,Operations,OPS-06,Operations Analyst,2,Bachelor's,6201,8085,35,287,7,5,3,2 - Medium,2,No,Yes,3.0,20.0,1,5.0,High,2021-09-27
2810,31,Female,Engineering,ENG-02,Staff Engineer,2,High School,7695,9220,43,349,1,0,0,4 - Very High,3,No,No,10.0,18.0,3,4.0,Very High,05/04/2024
2811,27,Male,Finance,FIN-05,Financial Analyst,2,High School,5323,6597,30,242,0,0,0,4 - Very High,4,No,No,7.0,38.0,0,3.0,Medium,2024-10-14
2812,30,Female,Engineering,ENG-02,DevOps Engineer,2,High School,6626,8445,39,309,2,0,0,2 - Medium,2,No,No,20.0,32.0,3,3.0,High,2024-07-10
2813,25,Non-Binary,Sales,SAL-03,Sales Rep,1,Bachelor's,4160,5597,24,189,5,3,1,4 - Very High,3,No,No,5.0,23.0,1,3.0,High,2023-07-17
2814,37,Female,Engineering,ENG-02,ML Engineer,2,Master's,9475,12880,54,430,2,1,1,3 - High,4,No,No,8.0,33.0,3,2.0,High,12/31/2023
2815,29,Female,Engineering,ENG-02,ML Engineer,2,Bachelor's,8696,11092,51,419,4,1,0,2 - Medium,2,No,No,5.0,29.0,2,4.0,Very High,12/30/2024
2816,33,Female,Engineering,ENG-02,Engineering Manager,5,Bachelor's,14274,17453,81,651,3,0,0,4 - Very High,3,No,No,9.0,29.0,0,3.0,High,06/08/2024
2817,26,Male,Engineering,ENG-02,Frontend Developer,1,Bachelor's,5207,6397,30,236,3,0,0,4 - Very High,2,No,No,6.0,20.0,0,,Very High,2024-05-30
2818,24,Female,Engineering,ENG-02,Software Engineer,1,Bachelor's,5866,7773,34,273,1,0,0,4 - Very High,3,No,No,4.0,37.0,3,4.0,Very High,2024-05-04
2819,28,Female,Sales,SAL-03,Sales Manager,1,Bachelor's,5147,6951,30,242,0,0,0,3 - High,3,Yes,No,9.0,28.0,1,5.0,Very High,10/28/2024
2820,21,Female,Human Resources,HR-01,Recruiter,3,Master's,5896,7908,33,259,1,0,0,2 - Medium,2,No,No,20.0,20.0,0,,High,12/08/2024
2821,33,Male,Marketing,MKT-04,Brand Manager,3,Bachelor's,8979,10629,53,431,10,10,2,2 - Medium,4,No,No,8.0,48.0,0,3.0,Very High,10/23/2022
2822,39,Male,Finance,FIN-05,Controller,2,Bachelor's,6565,8119,37,304,11,11,11,3 - High,3,No,No,13.0,28.0,0,3.0,High,2013-10-28
2823,28,Male,Engineering,ENG-02,Senior Engineer,2,Bachelor's,6755,9038,38,306,7,2,2,3 - High,2,No,No,9.0,17.0,3,3.0,Very High,2022-09-06
2824,32,Male,Engineering,ENG-02,Senior Engineer,2,High School,6145,7393,35,285,2,0,0,4 - Very High,2,Yes,Yes,2.0,15.0,0,3.0,Medium,2024-03-08
2825,50,Male,Sales,SAL-03,Sales Director,4,Bachelor's,12172,15589,69,550,15,14,14,1 - Low,2,No,Yes,,7.0,1,1.0,Medium,2010-07-29
2826,28,Male,Engineering,ENG-02,QA Engineer,1,Master's,6193,7856,36,288,9,6,2,2 - Medium,2,No,No,7.0,20.0,2,2.0,Very High,2022-10-03
2827,34,Non-Binary,Marketing,MKT-04,Brand Manager,1,High School,4209,5044,24,189,3,1,1,4 - Very High,3,No,Yes,4.0,14.0,0,3.0,Very High,06/02/2023
2828,35,Female,Marketing,MKT-04,Digital Marketing Lead,1,Bachelor's,5465,6392,31,252,6,2,0,3 - High,4,Yes,No,23.0,18.0,1,,Very High,2024-08-21
2829,45,Female,Finance,FIN-05,Senior Accountant,3,Bachelor's,9458,12003,55,439,16,12,0,4 - Very High,3,No,No ,10.0,25.0,0,4.0,Very High,2024-09-21
2830,45,Female,Operations,OPS-06,Logistics Coordinator,4,Bachelor's,7356,9059,42,333,9,9,6,3 - High,3,No,No,3.0,40.0,0,2.0,Medium,2018-02-27
2831,35,Male,Marketing,MKT-04,SEO Specialist,3,Master's,6871,8034,39,319,7,5,2,3 - High,3,No,No,3.0,34.0,0,2.0,High,2022-11-01
2832,29,Male,Finance,FIN-05,Tax Specialist,2,Bachelor's,6087,6856,35,275,2,2,1,3 - High,3,Yes,No,3.0,24.0,0,,High,10/11/2023
2833,50,Female,Operations,OPS-06,Facilities Manager,1,Bachelor's,4875,6410,28,226,19,15,6,3 - High,4,No,No,8.0,41.0,4,4.0,High,2018-02-16
2834,37,Male,Engineering,ENG-02,DevOps Engineer,2,High School,6727,8528,38,301,3,0,0,3 - High,2,No,No,9.0,17.0,1,3.0,Very High,2024-08-27
2835,37,Female,Engineering,ENG-02,Frontend Developer,1,Master's,7365,9688,43,343,11,0,0,2 - Medium,2,No,Yes,4.0,16.0,0,4.0,High,2025-01-01
2836,37,Female,Marketing,MKT-04,Growth Analyst,2,Bachelor's,6073,8210,34,277,2,1,1,4 - Very High,4,No,No,6.0,29.0,1,4.0,Very High,08/25/2023
2837,36,Female,Finance,FIN-05,Tax Specialist,3,Master's,7383,10186,42,336,2,1,1,4 - Very High,4,No,No,5.0,,1,4.0,Very High,08/30/2023
2838,40,Male,Finance,FIN-05,Tax Specialist,1,Master's,5675,6921,33,267,7,6,4,1 - Low,3,Yes,Yes,14.0,18.0,3,2.0,High,05/24/2020
2839,29,Male,Engineering,ENG-02,Frontend Developer,1,Bachelor's,5904,7531,34,268,4,0,0,4 - Very High,4,No,Yes,7.0,29.0,2,4.0,High,2024-12-07
2840,30,Female,Engineering,ENG-02,Backend Developer,2,High School,5637,7589,32,252,1,1,1,2 - Medium,2,No,No,10.0,13.0,1,3.0,Very High,2023-10-29
2841,39,Female,Engineering,ENG-02,Software Engineer,1,Bachelor's,5495,7207,31,250,12,4,3,2 - Medium,2,No,Yes,9.0,38.0,2,3.0,High,01/17/2021
2842,27,Male,Operations,OPS-06,Supply Chain Analyst,2,Master's,5783,6768,34,275,6,0,0,3 - High,3,Yes,No,16.0,26.0,0,2.0,High,2024-07-07
2843,43,Male,Operations,OPS-06,Operations Analyst,1,Bachelor's,5058,6377,29,238,11,7,3,4 - Very High,2,No,No,8.0,23.0,0,4.0,Very High,2021-03-11
2844,33,Male,Marketing,MKT-04,Marketing Analyst,1,High School,3646,4553,21,167,3,1,1,3 - High,3,No,Yes,14.0,26.0,2,3.0,Low,09/19/2023
2845,38,Male,Sales,SAL-03,Business Development Rep,1,Bachelor's,5472,6560,31,253,5,3,2,3 - High,4,No,No,8.0,25.0,3,3.0,High,08/04/2022
2846,31,Female,Sales,SAL-03,Senior Sales Rep,2,Bachelor's,6445,7684,38,302,11,3,1,3 - High,2,No,No,6.0,13.0,0,3.0,Medium,07/16/2023
2847,41,Female,Sales,SAL-03,Regional Sales Lead,4,Bachelor's,9679,11825,55,440,6,1,1,4 - Very High,3,No,No,17.0,39.0,2,4.0,Very High,2023-09-11
2848,42,Female,Sales,SAL-03,Account Executive,2,Master's,8653,11086,49,395,16,0,0,4 - Very High,3,No,Yes,7.0,48.0,0,3.0,High,
2849,43,Male,Engineering,ENG-02,DevOps Engineer,3,Master's,10192,11671,57,451,18,6,3,2 - Medium,3,No,No,25.0,15.0,0,5.0,Very High,12/05/2021
2850,44,Female,Operations,OPS-06,Supply Chain Analyst,4,Bachelor's,8909,10876,51,413,6,6,1,3 - High,4,No,Yes,20.0,30.0,1,4.0,Medium,2023-08-03
2851,26,Non-Binary,Operations,OPS-06,Facilities Manager,5,Master's,10334,13247,59,472,7,7,5,3 - High,2,No,No,5.0,12.0,1,3.0,High,2019-08-06
2852,27,Male,Finance,FIN-05,Auditor,1,Bachelor's,5411,6591,30,240,3,1,0,3 - High,3,No,No,6.0,21.0,0,2.0,Very High,09/25/2024
2853,60,Female,Human Resources,HR-01,Benefits Specialist,1,Bachelor's,4736,6470,27,213,20,7,6,3 - High,4,No,No,5.0,12.0,0,2.0,High,03/31/2018
2854,36,Male,Sales,SAL-03,Sales Director,3,Bachelor's,9960,11261,59,474,7,4,2,3 - High,4,No,No,5.0,25.0,0,3.0,Medium,2022-11-20
2855,43,Female,Human Resources,HR-01,HR Director,1,Bachelor's,5227,6920,31,246,16,3,3,2 - Medium,2,No,No,4.0,11.0,0,,Very High,2021-10-21
2856,33,Female,Engineering,ENG-02,Software Engineer,1,Bachelor's,5643,7071,32,261,0,0,0,3 - High,3,No,No,3.0,10.0,2,2.0,Medium,2024-12-12
2857,37,Male,Engineering,ENG-02,Software Engineer,2,Bachelor's,7676,9680,43,353,4,3,2,2 - Medium,3,No,No,3.0,23.0,3,2.0,High,07/09/2022
2858,22,Female,Engineering,ENG-02,QA Engineer,3,PhD,8847,10374,51,404,0,0,0,4 - Very High,4,No,No,10.0,13.0,0,3.0,Very High,12/04/2024
2859,33,Male,Engineering,ENG-02,Engineering Manager,2,Bachelor's,8970,10514,53,432,6,3,2,3 - High,2,No,Yes,16.0,29.0,0,4.0,Very High,02/05/2022
2860,32,Male,Human Resources,HR-01,HR Manager,2,High School,4646,5761,26,206,5,4,1,4 - Very High,3,No,No,8.0,44.0,2,4.0,Very High,2023-01-11
2861,30,Male,Operations,OPS-06,Operations Manager,1,Master's,5279,6561,30,244,3,3,3,4 - Very High,4,No,No,9.0,21.0,0,4.0,Very High,10/17/2021
2862,39,Male,Marketing,MKT-04,Brand Manager,4,Bachelor's,8878,11412,51,405,11,10,7,4 - Very High,3,No,Yes,5.0,12.0,0,5.0,High,2017-04-23
2863,31,Male,Engineering,ENG-02,DevOps Engineer,1,Master's,7901,10157,46,375,11,10,4,4 - Very High,3,No,No,22.0,20.0,0,5.0,Very High,03/06/2020
2864,42,Female,Sales,SAL-03,Regional Sales Lead,4,Master's,11280,12822,64,502,4,4,2,4 - Very High,2,No,No,26.0,19.0,1,3.0,High,2022-07-26
2865,25,Female,Engineering,ENG-02,Engineering Manager,3,Master's,9129,10119,52,423,0,0,0,4 - Very High,1,No,No,4.0,16.0,0,4.0,Very High,07/17/2024
2866,32,Male,Finance,FIN-05,Finance Manager,3,Bachelor's,8034,9162,45,369,6,1,0,4 - Very High,3,No,No,20.0,19.0,0,,High,2024-07-11
2867,29,Male,Operations,OPS-06,Facilities Manager,4,Bachelor's,9015,10864,52,421,1,1,1,3 - High,4,No,No,7.0,22.0,2,2.0,Very High,01/16/2024
2868,31,Female,Sales,SAL-03,Sales Manager,1,Bachelor's,5811,7845,33,271,2,0,0,4 - Very High,2,No,No,12.0,16.0,1,4.0,High,2024-05-30
2869,38,Female,Sales,SAL-03,Regional Sales Lead,3,High School,7574,9272,43,352,10,9,4,4 - Very High,3,No,No,6.0,29.0,2,3.0,High,2020-08-13
2870,28,Female,Engineering,ENG-02,Frontend Developer,2,Bachelor's,7967,10417,46,372,7,2,0,4 - Very High,2,No,No,21.0,21.0,0,3.0,Very High,06/03/2024
2871,46,Non-Binary,Finance,FIN-05,Tax Specialist,1,Bachelor's,5850,6534,33,269,7,0,0,4 - Very High,3,No,Yes,5.0,25.0,3,4.0,Medium,2024-02-29
2872,39,Female,Sales,SAL-03,Business Development Rep,1,Bachelor's,4805,5569,27,220,11,1,0,3 - High,3,No,No,5.0,38.0,2,3.0,High,05/10/2024
2873,21,Male,Engineering,ENG-02,Backend Developer,4,High School,10900,14620,61,495,2,1,0,3 - High,2,No,Yes,5.0,25.0,0,4.0,High,2024-03-09
2874,25,Female,Operations,OPS-06,Supply Chain Analyst,3,Master's,6979,8999,41,331,0,0,0,4 - Very High,4,No,No,12.0,27.0,0,4.0,Very High,2025-02-01
2875,33,Male,Marketing,MKT-04,Digital Marketing Lead,4,High School,9735,10808,55,440,2,2,0,2 - Medium,3,No,No,9.0,22.0,1,2.0,High,2024-01-27
2876,21,Non-Binary,Engineering,ENG-02,QA Engineer,1,High School,5283,6841,30,239,1,1,1,3 - High,4,No,No,,9.0,0,5.0,Very High,12/20/2023
2877,41,Female,Finance,FIN-05,Auditor,2,Bachelor's,7941,9859,46,375,14,5,4,3 - High,3,No,no,21.0,22.0,0,3.0,High,2020-02-26
2878,46,Male,Operations,OPS-06,Supply Chain Analyst,2,Master's,7167,8417,41,322,12,0,0,3 - High,3,No,No,9.0,20.0,0,4.0,High,12/27/2024
2879,40,Male,Marketing,MKT-04,Digital Marketing Lead,5,High School,10465,13209,61,495,7,4,1,2 - Medium,4,No,No,,23.0,0,4.0,Very High,2023-01-17
2880,24,Female,Operations,OPS-06,Operations Analyst,1,Master's,4339,6074,25,205,0,0,0,4 - Very High,4,No,No,,32.0,1,,Very High,08/13/2024
2881,39,Female,Operations,OPS-06,Logistics Coordinator,4,High School,6943,9576,41,324,8,4,1,2 - Medium,4,No,No,31.0,26.0,0,4.0,Medium,2023-06-06
2882,42,Female,Operations,OPS-06,Process Engineer,4,Bachelor's,8373,10472,50,399,8,4,4,4 - Very High,4,No,No,7.0,26.0,0,5.0,Very High,2020-12-21
2883,35,Male,Engineering,ENG-02,ML Engineer,4,High School,12154,13583,71,557,2,0,0,2 - Medium,3,No,Yes,3.0,20.0,4,4.0,High,08/18/2024
2884,33,Female,Finance,FIN-05,Controller,2,PhD,8343,9267,48,395,6,3,2,4 - Very High,2,No,No,39.0,26.0,3,3.0,Very High,10/24/2022
2885,33,Male,Engineering,ENG-02,QA Engineer,3,Bachelor's,7515,8554,44,351,4,0,0,4 - Very High,3,No,No,1.0,,2,4.0,Very High,2024-11-02
2886,29,Male,Marketing,MKT-04,Content Strategist,2,Bachelor's,5191,5998,31,245,1,0,0,2 - Medium,2,No,Yes,11.0,35.0,3,2.0,Medium,2024-11-12
2887,57,Non-Binary,Sales,SAL-03,Business Development Rep,1,Bachelor's,5960,7862,35,285,19,2,0,2 - Medium,2,No,No,20.0,21.0,1,2.0,High,2024-01-17
2888,26,Male,Operations,OPS-06,Process Engineer,3,Master's,7974,9622,45,357,5,0,0,4 - Very High,4,No,No,16.0,31.0,0,2.0,Medium,08/14/2024
2889,36,Male,Finance,FIN-05,Finance Manager,3,High School,7380,8336,42,334,14,7,5,4 - Very High,3,No,No,2.0,31.0,3,,High,11/24/2019
2890,39,Male,Finance,FIN-05,Financial Analyst,1,Bachelor's,5982,8236,35,288,8,6,3,3 - High,2,No,No,9.0,12.0,0,2.0,Very High,09/07/2021
2891,39,Female,Engineering,ENG-02,ML Engineer,2,Bachelor's,9826,11854,56,444,14,14,14,3 - High,4,No,Yes,6.0,41.0,1,4.0,Very High,03/05/2011
2892,27,Male,Sales,SAL-03,Account Executive,1,High School,4272,4962,24,198,2,1,1,4 - Very High,3,No,No,4.0,4.0,1,4.0,Very High,2023-03-05
2893,36,Female,Engineering,ENG-02,Data Engineer,4,Master's,11539,14710,65,523,4,4,3,3 - High,3,No,No,4.0,40.0,2,4.0,High,11/10/2021
2894,52,Male,Operations,OPS-06,Supply Chain Analyst,3,PhD,8703,11048,50,410,14,3,1,3 - High,3,No,No,5.0,40.0,0,1.0,Medium,2023-10-06
2895,37,Male,Sales,SAL-03,Sales Director,2,Bachelor's,6877,9241,40,321,5,3,2,2 - Medium,4,No,No,24.0,33.0,0,2.0,High,04/30/2022
2896,36,Male,Sales,SAL-03,Regional Sales Lead,5,Bachelor's,12102,15248,68,547,4,0,0,3 - High,4,No,No,14.0,,0,,Very High,02/17/2024
2897,26,Non-Binary,Operations,OPS-06,Operations Analyst,1,High School,3629,5067,21,171,5,0,0,4 - Very High,3,No,No,9.0,41.0,0,3.0,Very High,09/24/2024
2898,34,Female,Marketing,MKT-04,Growth Analyst,3,High School,6004,7809,34,271,6,1,1,3 - High,3,No,No,22.0,39.0,1,1.0,Very High,2023-11-22
2899,25,Male,Operations,OPS-06,Logistics Coordinator,2,Master's,5026,6077,28,222,0,0,0,2 - Medium,4,Yes,Yes,14.0,16.0,2,,High,2024-10-31
2900,26,Female,Marketing,MKT-04,Brand Manager,1,High School,3878,5129,23,189,0,0,0,1 - Low,3,No,Yes,10.0,32.0,0,2.0,Medium,2025-01-07
2901,53,Male,Human Resources,HR-01,Benefits Specialist,2,PhD,6545,8868,39,310,22,13,6,2 - Medium,2,Yes,No,19.0,24.0,0,3.0,High,2018-11-26
2902,33,Female,Sales,SAL-03,Sales Director,2,Bachelor's,7842,10007,46,363,2,0,0,4 - Very High,3,No,No,5.0,26.0,3,5.0,High,04/18/2024
2903,28,Female,Operations,OPS-06,Supply Chain Analyst,1,Master's,5159,6809,29,228,2,1,1,3 - High,3,Yes,Yes,9.0,23.0,0,3.0,Medium,11/18/2023
2904,46,Male,Operations,OPS-06,Operations Manager,2,Bachelor's,6206,8361,35,288,17,0,0,1 - Low,3,No,Yes,15.0,28.0,0,3.0,Medium,12/01/2024
2905,21,Male,Marketing,MKT-04,SEO Specialist,1,Master's,4952,5953,29,233,8,8,6,4 - Very High,3,No,No,16.0,20.0,0,4.0,Very High,2018-11-22
2906,31,Male,Operations,OPS-06,Supply Chain Analyst,3,Master's,7005,8379,39,318,3,1,1,2 - Medium,2,Yes,Yes,10.0,41.0,2,1.0,Low,2023-09-28
2907,35,Male,Operations,OPS-06,Operations Manager,4,Bachelor's,8436,11249,50,408,1,1,0,4 - Very High,3,No,No,6.0,25.0,2,4.0,Very High,11/30/2024
2908,31,Male,Sales,SAL-03,Sales Rep,1,Bachelor's,4599,5990,27,217,0,0,0,4 - Very High,3,No,No,5.0,22.0,3,4.0,Very High,07/09/2024
2909,37,Male,Sales,SAL-03,Regional Sales Lead,3,Master's,8465,10769,50,399,0,0,0,3 - High,3,No,Yes,5.0,39.0,0,4.0,High,2024-05-12
2910,22,Male,Sales,SAL-03,Sales Rep,1,Master's,4917,5935,28,229,2,0,0,3 - High,2,No,No,7.0,25.0,1,5.0,High,05/31/2024
2911,31,Female,Operations,OPS-06,Process Engineer,2,High School,6142,8310,35,278,6,5,5,2 - Medium,2,No,No,3.0,32.0,0,4.0,Very High,2019-11-21
2912,30,Female,Engineering,ENG-02,Frontend Developer,2,Master's,7663,9295,45,369,2,0,0,4 - Very High,2,No,No,13.0,16.0,2,5.0,Very High,06/24/2024
2913,38,Male,Sales,SAL-03,Sales Manager,4,Bachelor's,11517,12591,65,511,5,3,0,3 - High,2,No,Yes,17.0,27.0,0,2.0,Medium,2024-11-18
2914,60,Female,Engineering,ENG-02,Senior Engineer,3,Master's,11383,13873,64,516,28,28,4,1 - Low,4,No,No,6.0,33.0,0,3.0,Very High,2020-04-02
2915,36,Male,Sales,SAL-03,Sales Manager,2,Bachelor's,6620,7405,39,316,0,0,0,4 - Very High,3,No,No,21.0,7.0,3,4.0,High,2024-09-12
2916,40,Female,Engineering,ENG-02,ML Engineer,2,Bachelor's,7397,8256,42,334,7,4,3,4 - Very High,3,No,No,10.0,19.0,5,2.0,High,2021-05-26
2917,45,Male,Engineering,ENG-02,Senior Engineer,2,PhD,8872,10485,52,409,15,5,2,3 - High,3,No,No,3.0,30.0,0,4.0,Very High,01/22/2022
2918,43,Female,Finance,FIN-05,Auditor,5,Bachelor's,12190,14013,69,563,8,7,5,4 - Very High,3,No,No,13.0,25.0,3,,Very High,2019-07-25
2919,47,Female,Finance,FIN-05,Finance Manager,3,Bachelor's,9203,11934,54,425,21,7,5,4 - Very High,2,No,No,8.0,47.0,0,4.0,Very High,2019-03-07
2920,25,Female,Engineering,ENG-02,DevOps Engineer,2,Bachelor's,7322,9765,42,337,2,0,0,3 - High,3,No,No,17.0,33.0,0,2.0,Medium,2024-10-02
2921,35,Female,Engineering,ENG-02,Senior Engineer,5,Bachelor's,14839,19260,84,685,14,12,2,4 - Very High,1,No,Yes,16.0,41.0,1,3.0,Medium,07/27/2022
2922,27,Female,Marketing,MKT-04,Content Strategist,2,Master's,5877,6868,34,275,0,0,0,3 - High,2,No,No,6.0,26.0,2,3.0,Very High,09/06/2024
2923,36,Female,Operations,OPS-06,Operations Analyst,2,Master's,6157,7266,36,289,5,2,2,2 - Medium,4,No,No,2.0,18.0,0,,Very High,2022-11-19
2924,22,Female,Operations,OPS-06,Supply Chain Analyst,1,Master's,5298,6312,30,243,2,2,1,4 - Very High,2,No,No,7.0,28.0,0,3.0,Very High,2023-12-09
2925,33,Female,Operations,OPS-06,Operations Manager,5,PhD,13460,16250,79,635,4,4,1,3 - High,1,No,Yes,6.0,31.0,1,2.0,Medium,2023-12-24
2926,27,Female,Sales,SAL-03,Sales Rep,3,PhD,6919,7880,41,330,2,1,0,3 - High,3,No,No,5.0,32.0,1,,Medium,2024-05-01
2927,34,Female,Finance,FIN-05,Financial Analyst,1,PhD,6238,8355,37,305,1,0,0,2 - Medium,3,No,No,10.0,29.0,0,4.0,High,08/08/2024
2928,31,Male,Finance,FIN-05,Senior Accountant,1,Bachelor's,4872,6110,28,228,2,1,0,4 - Very High,4,No,No,5.0,8.0,0,4.0,Very High,2024-01-21
2929,33,Male,Human Resources,HR-01,Recruiter,2,Master's,4715,5615,26,209,3,2,2,3 - High,3,No,No,6.0,27.0,0,4.0,Very High,2022-04-25
2930,54,Female,Operations,OPS-06,Supply Chain Analyst,4,Bachelor's,9641,11874,56,450,24,9,5,4 - Very High,3,Yes,Yes,4.0,31.0,1,3.0,Medium,2019-08-19
2931,27,Female,Engineering,ENG-02,Senior Engineer,4,Bachelor's,10663,13777,62,489,3,3,2,4 - Very High,4,No,No,19.0,32.0,2,4.0,Very High,2022-09-08
2932,22,Female,Sales,SAL-03,Sales Director,5,High School,11416,13806,66,540,0,0,0,3 - High,3,No,Yes,12.0,20.0,0,3.0,Low,2024-07-02
2933,37,Male,Finance,FIN-05,Senior Accountant,1,Bachelor's,4434,5364,26,209,1,0,0,4 - Very High,4,No,No,12.0,32.0,2,4.0,Very High,02/11/2024
2934,47,Female,Marketing,MKT-04,Brand Manager,3,Bachelor's,9185,10504,53,418,12,5,3,2 - Medium,2,No,No,19.0,20.0,1,4.0,Very High,2021-10-12
2935,38,Male,Operations,OPS-06,Facilities Manager,2,PhD,5370,6730,31,251,3,2,0,4 - Very High,2,No,No,7.0,34.0,3,,High,06/13/2024
2936,57,Male,Marketing,MKT-04,Marketing Manager,2,High School,6138,7137,35,286,17,9,8,4 - Very High,3,Yes,Yes,3.0,27.0,3,3.0,Medium,2016-12-28
2937,34,Male,Marketing,MKT-04,Growth Analyst,4,Bachelor's,9103,11189,53,432,6,1,1,4 - Very High,4,No,No,6.0,24.0,1,5.0,Very High,11/24/2023
2938,36,Male,Operations,OPS-06,Operations Analyst,2,Master's,5614,6593,32,258,12,6,3,3 - High,4,No,No,4.0,30.0,0,4.0,Very High,11/13/2021
2939,45,Female,Sales,SAL-03,Sales Director,4,Master's,12078,14065,68,545,13,9,6,3 - High,3,No,No,5.0,17.0,0,5.0,Very High,2018-12-05
2940,26,Male,Marketing,MKT-04,Digital Marketing Lead,3,Master's,7596,10282,45,357,3,3,3,4 - Very High,3,No,Yes,7.0,32.0,0,4.0,High,09/24/2021
2941,29,Male,Engineering,ENG-02,Engineering Manager,1,PhD,6974,8562,40,328,8,3,2,3 - High,4,No,No,24.0,,0,4.0,Very High,2022-12-30
2942,31,Female,Marketing,MKT-04,Growth Analyst,2,Master's,6798,7880,40,323,8,0,0,3 - High,2,No,no,2.0,29.0,0,1.0,Very High,09/10/2024
2943,33,Male,Human Resources,HR-01,HR Coordinator,3,Master's,6944,8067,39,308,0,0,0,3 - High,2,No,No,6.0,32.0,1,2.0,Very High,2025-02-28
2944,28,Male,Operations,OPS-06,Operations Manager,4,High School,7005,8488,41,336,1,1,1,3 - High,4,No,Yes,9.0,22.0,0,4.0,Very High,2024-02-19
2945,42,Male,Operations,OPS-06,Supply Chain Analyst,3,High School,6732,8883,38,298,14,2,2,3 - High,3,No,Yes,7.0,13.0,0,3.0,High,2022-03-22
2946,49,Male,Engineering,ENG-02,Backend Developer,1,High School,5252,6011,30,246,12,8,5,3 - High,2,No,No,4.0,15.0,2,5.0,High,2019-10-15
2947,31,Female,Finance,FIN-05,Finance Manager,1,Bachelor's,4838,6178,27,215,4,1,0,1 - Low,2,No,Yes,6.0,12.0,2,2.0,Medium,2024-01-15
2948,26,Female,Operations,OPS-06,Operations Manager,2,Bachelor's,6410,7783,37,300,4,4,0,3 - High,3,No,No,6.0,31.0,3,3.0,High,2024-11-11
2949,35,Female,Human Resources,HR-01,HR Analyst,2,Bachelor's,5030,6890,29,232,12,11,10,3 - High,1,No,Yes,4.0,43.0,0,5.0,Very high,2014-06-11
2950,27,Female,Engineering,ENG-02,Staff Engineer,4,Master's,11909,15575,70,568,0,0,0,3 - High,3,No,No,9.0,29.0,0,3.0,Very High,2024-07-03
2951,27,Male,Sales,SAL-03,Sales Rep,1,Master's,4819,5731,27,219,2,0,0,3 - High,4,No,No,6.0,24.0,0,4.0,Very High,2024-05-19
2952,27,Male,Sales,SAL-03,Sales Manager,1,Bachelor's,6139,7920,36,289,6,3,2,3 - High,3,No,No,9.0,31.0,0,,High,2022-03-24
2953,26,Female,Operations,OPS-06,Operations Analyst,1,Master's,4333,5625,25,202,1,1,1,3 - High,3,No,No,8.0,18.0,3,3.0,High,2023-12-08
2954,29,Female,Operations,OPS-06,Logistics Coordinator,2,Master's,5627,6268,32,257,1,0,0,2 - Medium,2,No,No,5.0,28.0,0,4.0,Very High,07/16/2024
2955,39,Female,Operations,OPS-06,Facilities Manager,2,Bachelor's,6263,8605,37,300,15,15,3,4 - Very High,4,No,Yes,13.0,31.0,1,3.0,Low,2021-04-28
2956,37,Male,Sales,SAL-03,Sales Rep,1,Master's,5206,7075,30,241,3,1,0,2 - Medium,3,No,Yes,17.0,27.0,0,2.0,High,2024-11-08
2957,43,Female,Operations,OPS-06,Operations Analyst,1,Master's,4634,5600,27,222,12,5,5,4 - Very High,2,No,No,8.0,40.0,1,2.0,High,2019-05-17
2958,29,Female,Sales,SAL-03,Regional Sales Lead,3,High School,6575,7622,38,298,6,0,0,3 - High,2,No,No,11.0,19.0,2,4.0,High,06/04/2024
2959,49,Female,Finance,FIN-05,Financial Analyst,4,Master's,9778,12147,56,450,10,5,2,4 - Very High,3,No,No,5.0,41.0,0,,High,2022-09-22
2960,38,Male,Sales,SAL-03,Sales Manager,2,Master's,7420,9379,44,361,1,1,1,4 - Very High,2,No,No,7.0,11.0,2,4.0,Very High,12/18/2023
2961,29,Female,Human Resources,HR-01,Recruiter,2,Bachelor's,4307,5739,25,197,0,0,0,2 - Medium,2,No,No,7.0,30.0,0,2.0,Very High,08/20/2024
2962,39,Male,Operations,OPS-06,Supply Chain Analyst,4,High School,7974,9077,47,370,14,4,0,3 - High,2,No,No,18.0,29.0,0,4.0,Very High,2024-03-27
2963,39,Male,Engineering,ENG-02,ML Engineer,3,Bachelor's,9669,12170,55,450,6,5,4,1 - Low,2,Yes,No,1.0,32.0,0,3.0,High,2020-06-23
2964,60,Female,Sales,SAL-03,Account Executive,1,Bachelor's,5354,6605,30,239,24,15,12,4 - Very High,4,No,No,4.0,16.0,1,5.0,Very High,2012-04-12
2965,34,Female,Human Resources,HR-01,HR Analyst,1,High School,4850,6160,27,213,15,5,2,3 - High,3,No,No,19.0,30.0,0,4.0,Very High,2022-09-28
2966,28,Male,Marketing,MKT-04,Marketing Manager,3,Bachelor's,7829,10368,44,346,2,2,1,2 - Medium,2,No,Yes,3.0,45.0,0,3.0,Medium,07/19/2023
2967,41,Female,Marketing,MKT-04,Digital Marketing Lead,2,Bachelor's,6224,7748,35,281,8,0,0,3 - High,4,No,No,24.0,31.0,4,2.0,High,2024-06-17
2968,30,Female,Engineering,ENG-02,Data Engineer,1,High School,6341,7253,37,305,5,2,1,4 - Very High,4,No,No,11.0,18.0,1,5.0,High,07/09/2023
2969,29,Male,Human Resources,HR-01,HR Manager,1,High School,3828,4811,22,178,0,0,0,3 - High,3,No,No,15.0,29.0,0,3.0,High,2024-10-05
2970,54,Female,Operations,OPS-06,Logistics Coordinator,3,Bachelor's,6350,7747,38,306,20,7,0,3 - High,3,No,No,5.0,22.0,0,5.0,Very High,01/02/2024
2971,53,Male,Engineering,ENG-02,Staff Engineer,4,High School,14707,16659,87,706,14,2,1,4 - Very High,3,No,No,7.0,16.0,2,4.0,High,2023-05-24
2972,23,Male,Marketing,MKT-04,Marketing Analyst,1,High School,4276,5524,25,196,3,3,1,4 - Very High,3,No,No,2.0,36.0,0,4.0,Very High,2023-12-21
2973,33,Male,Engineering,ENG-02,DevOps Engineer,4,Master's,12701,16894,72,592,5,2,2,2 - Medium,2,No,Yes,8.0,26.0,0,2.0,Low,2022-10-10
2974,37,Female,Human Resources,HR-01,HR Coordinator,1,Bachelor's,4487,5367,26,211,10,5,4,2 - Medium,2,No,Yes,1.0,7.0,2,,Medium,02/18/2020
2975,31,Female,Operations,OPS-06,Process Engineer,3,Bachelor's,8057,10437,47,374,6,1,1,1 - Low,2,No,Yes,8.0,22.0,1,1.0,High,2023-12-01
2976,46,Male,Sales,SAL-03,Regional Sales Lead,3,Master's,8828,11853,52,424,16,8,0,4 - Very High,4,No,No,13.0,37.0,0,3.0,Medium,2024-11-18
2977,60,Female,Finance,FIN-05,Finance Manager,1,High School,5277,6912,30,237,24,10,10,3 - High,2,No,Yes,10.0,24.0,0,5.0,High,2014-11-27
2978,22,Non-Binary,Marketing,MKT-04,Digital Marketing Lead,3,Master's,8587,9546,51,406,0,0,0,2 - Medium,3,No,No,4.0,23.0,0,,Very High,2024-11-21
2979,23,Male,Finance,FIN-05,Financial Analyst,3,High School,7270,9216,43,337,1,1,1,4 - Very High,4,No,No,5.0,37.0,3,4.0,Very High,2023-11-30
2980,37,Female,Marketing,MKT-04,Brand Manager,5,Bachelor's,11512,15186,67,545,13,5,3,2 - Medium,3,No,No,18.0,33.0,0,4.0,Very High,08/01/2021
2981,26,Female,Human Resources,HR-01,HR Director,1,Bachelor's,5276,6425,30,240,2,0,0,4 - Very High,4,No,No,4.0,25.0,2,3.0,High,10/05/2024
2982,29,Female,Human Resources,HR-01,HR Analyst,2,Master's,5997,7531,35,287,1,0,0,4 - Very High,4,No,No,3.0,34.0,3,4.0,Very High,2024-01-29
2983,30,Female,Sales,SAL-03,Business Development Rep,3,Bachelor's,7391,9346,43,345,12,1,0,2 - Medium,2,No,No,7.0,24.0,1,4.0,Very High,03/25/2024
2984,40,Female,Marketing,MKT-04,SEO Specialist,2,High School,5282,7139,30,246,3,2,2,4 - Very High,3,No,No,,21.0,3,5.0,Very High,2022-04-10
2985,27,Female,Operations,OPS-06,Logistics Coordinator,2,Bachelor's,6134,7045,36,287,10,4,1,1 - Low,2,Yes,Yes,18.0,27.0,0,4.0,High,2023-10-07
2986,44,Male,Finance,FIN-05,Controller,3,Master's,9372,11882,54,445,9,5,2,3 - High,4,No,Yes,21.0,14.0,1,2.0,Medium,2022-08-03
2987,36,Male,Engineering,ENG-02,Backend Developer,3,High School,9177,11467,54,437,10,8,8,3 - High,4,No,No,9.0,29.0,0,4.0,Very High,2016-07-16
2988,43,Male,Engineering,ENG-02,Engineering Manager,1,Master's,7507,9917,43,354,11,10,8,4 - Very High,2,Yes,Yes,17.0,26.0,0,4.0,Medium,2017-01-01
2989,42,Male,Engineering,ENG-02,Data Engineer,4,Bachelor's,12712,17198,71,575,11,6,3,2 - Medium,2,No,Yes,11.0,23.0,0,3.0,Medium,08/24/2021
2990,33,Male,Engineering,ENG-02,QA Engineer,3,Bachelor's,8256,10148,47,384,1,1,1,3 - High,3,No,No,8.0,28.0,1,2.0,High,2023-12-28
2991,30,Female,Human Resources,HR-01,HR Manager,1,Bachelor's,4403,6095,25,201,7,7,4,3 - High,3,No,No,4.0,26.0,0,3.0,Medium,2020-06-05
2992,25,Female,Human Resources,HR-01,HR Director,1,Bachelor's,4797,6645,28,220,1,1,0,4 - Very High,4,No,No,12.0,27.0,1,5.0,High,07/22/2024
2993,36,Female,Engineering,ENG-02,Frontend Developer,2,Bachelor's,6300,7776,36,283,2,0,0,2 - Medium,2,No,Yes,16.0,35.0,3,4.0,Very High,01/23/2024
2994,23,Male,Human Resources,HR-01,Recruiter,2,Bachelor's,5289,6267,30,242,1,1,0,3 - High,4,No,No,10.0,24.0,0,5.0,Very High,2024-08-06
2995,23,Male,Engineering,ENG-02,ML Engineer,3,Master's,10456,12174,61,495,0,0,0,2 - Medium,2,No,No,9.0,31.0,0,3.0,High,2024-12-17
2996,38,Female,Engineering,ENG-02,Software Engineer,3,PhD,8864,11664,52,419,2,1,0,4 - Very High,3,No,No,8.0,21.0,2,3.0,Very High,2024-01-26
2997,22,Female,Sales,SAL-03,Business Development Rep,4,High School,8954,10218,53,427,8,4,2,4 - Very High,3,No,No,10.0,40.0,1,2.0,Medium,05/08/2022
2998,41,Female,Engineering,ENG-02,QA Engineer,4,High School,8511,11060,50,404,9,5,5,2 - Medium,3,Yes,No,6.0,35.0,1,5.0,Very High,2019-08-30
2999,38,Male,Operations,OPS-06,Facilities Manager,3,Master's,8236,9552,47,383,8,4,1,4 - Very High,3,No,No,6.0,48.0,1,4.0,High,06/07/2023
3000,42,Female,Sales,SAL-03,Sales Rep,1,High School,4690,5465,27,214,5,1,0,3 - High,2,No,No,5.0,16.0,0,3.0,Medium,2024-03-09
3001,39,Female,Operations,OPS-06,Operations Manager,1,High School,4323,5578,25,199,7,7,6,3 - High,4,No,Yes,2.0,19.0,0,5.0,High,2018-06-14
3002,33,Female,Engineering,ENG-02,Staff Engineer,4,PhD,12709,14339,73,577,6,5,4,3 - High,3,No,No,6.0,26.0,0,5.0,High,03/05/2020
3003,27,Male,Marketing,MKT-04,Marketing Analyst,1,High School,3943,4814,23,187,0,0,0,4 - Very High,4,No,No,7.0,25.0,0,5.0,Very High,01/31/2025
3004,29,Male,Engineering,ENG-02,Staff Engineer,2,Master's,9713,12403,56,446,1,1,0,3 - High,4,No,Yes,5.0,26.0,0,4.0,High,11/01/2024
3005,22,Male,Sales,SAL-03,Business Development Rep,2,Master's,6119,7572,36,287,4,2,0,3 - High,2,No,Yes,6.0,15.0,0,5.0,High,2024-07-26
3006,42,Male,Sales,SAL-03,Sales Manager,1,Master's,6744,9001,39,313,10,3,0,3 - High,4,No,No,5.0,14.0,3,4.0,High,2024-04-09
3007,40,Male,Engineering,ENG-02,Data Engineer,2,Bachelor's,7811,10581,46,378,10,10,8,3 - High,2,No,No,12.0,26.0,1,4.0,High,2016-02-03
3008,30,Female,Engineering,ENG-02,QA Engineer,4,Bachelor's,9516,12017,54,430,3,2,2,3 - High,2,No,Yes,7.0,23.0,0,,High,2022-01-15
3009,37,Male,Marketing,MKT-04,Digital Marketing Lead,2,Master's,7271,8222,43,353,1,1,1,3 - High,2,No,No,5.0,21.0,4,3.0,High,05/03/2024
3010,31,Female,Engineering,ENG-02,Frontend Developer,2,Bachelor's,5978,6964,35,279,3,1,1,4 - Very High,3,No,No,3.0,41.0,3,3.0,High,2023-05-05
3011,31,Male,Finance,FIN-05,Auditor,4,Master's,10614,14330,59,463,3,1,1,3 - High,4,No,No,7.0,11.0,1,4.0,Very High,2023-08-18
3012,27,Female,Sales,SAL-03,Regional Sales Lead,3,Bachelor's,7952,10190,46,375,1,1,1,2 - Medium,4,No,Yes,4.0,24.0,0,3.0,Medium,06/20/2023
3013,30,Male,Engineering,ENG-02,Data Engineer,2,High School,7385,8633,43,344,8,3,3,4 - Very High,3,No,No,11.0,34.0,2,4.0,Very High,2021-02-27
3014,27,Female,Sales,SAL-03,Sales Rep,1,Bachelor's,4835,5694,29,238,1,1,0,3 - High,3,No,No,7.0,29.0,1,3.0,Medium,2024-04-21
3015,46,Female,Engineering,ENG-02,DevOps Engineer,2,Bachelor's,7611,9682,44,360,18,6,6,3 - High,2,No,Yes,13.0,8.0,1,2.0,Low,2018-07-09
3016,29,Male,Finance,FIN-05,Controller,3,High School,6802,9054,39,310,2,0,0,3 - High,4,No,No,6.0,22.0,0,4.0,Very High,2024-04-05
3017,25,Female,Sales,SAL-03,Senior Sales Rep,3,High School,6041,7150,34,277,1,0,0,2 - Medium,3,Yes,No,33.0,24.0,1,3.0,Medium,09/30/2024
3018,29,Female,Operations,OPS-06,Supply Chain Analyst,2,Master's,5578,7477,33,259,4,3,3,4 - Very High,3,No,No,10.0,37.0,2,3.0,High,2021-03-20
3019,21,Male,Marketing,MKT-04,Marketing Analyst,1,Bachelor's,4498,6230,26,207,3,2,2,3 - High,4,No,No,16.0,18.0,0,,Very High,2022-11-20
3020,23,Female,Engineering,ENG-02,Frontend Developer,3,Master's,8837,10913,52,414,0,0,0,4 - Very High,4,No,No,9.0,33.0,1,4.0,Very High,11/30/2024
3021,34,Non-Binary,Sales,SAL-03,Account Executive,2,Bachelor's,6728,7622,40,329,10,0,0,3 - High,4,No,Yes,7.0,15.0,0,,High,2024-05-11
3022,37,Male,Operations,OPS-06,Supply Chain Analyst,4,Master's,7571,10129,43,339,0,0,0,3 - High,2,No,No,6.0,25.0,0,4.0,High,04/17/2024
3023,35,Male,Marketing,MKT-04,Content Strategist,4,Master's,9714,12263,55,452,2,2,2,3 - High,2,No,Yes,2.0,27.0,1,4.0,Very High,2022-10-15
3024,32,Female,Sales,SAL-03,Senior Sales Rep,1,High School,5295,6703,31,246,7,3,3,4 - Very High,4,No,Yes,12.0,29.0,0,3.0,High,2021-02-18
3025,23,Female,Operations,OPS-06,Facilities Manager,2,High School,5710,7636,33,266,7,3,0,4 - Very High,4,No,No,11.0,25.0,2,3.0,Very High,2024-09-05
3026,36,Male,Operations,OPS-06,Supply Chain Analyst,3,High School,5308,7017,30,238,3,2,0,2 - Medium,2,No,No,20.0,31.0,4,,Medium,2024-07-21
3027,33,Male,Operations,OPS-06,Logistics Coordinator,1,Bachelor's,3535,4788,20,163,0,0,0,2 - Medium,2,No,No,3.0,26.0,5,1.0,High,2024-05-27
3028,44,Male,Engineering,ENG-02,Staff Engineer,2,Master's,8134,9859,46,364,9,4,2,4 - Very High,4,Yes,No,11.0,5.0,2,4.0,High,2022-12-29
3029,40,Non-Binary,Engineering,ENG-02,QA Engineer,3,Master's,9100,11357,53,421,7,3,1,2 - Medium,3,No,No,10.0,3.0,1,2.0,High,2023-04-29
3030,49,Female,Operations,OPS-06,Process Engineer,4,Bachelor's,10637,12469,60,489,26,4,4,4 - Very High,3,No,Yes,22.0,33.0,0,4.0,High,2020-03-08
3031,22,Male,Sales,SAL-03,Business Development Rep,2,Bachelor's,5237,6700,30,244,0,0,0,2 - Medium,3,No,Yes,6.0,21.0,0,2.0,High,09/08/2024
3032,41,Female,Engineering,ENG-02,Senior Engineer,4,Bachelor's,13178,17018,74,593,10,4,2,4 - Very High,2,Yes,Yes,5.0,32.0,1,3.0,Medium,11/07/2022
3033,27,Non-Binary,Human Resources,HR-01,HR Director,4,Master's,8704,11203,50,405,6,5,3,3 - High,2,No,No,10.0,27.0,0,3.0,High,2021-12-11
3034,39,Female,Marketing,MKT-04,Content Strategist,4,Bachelor's,7830,8995,44,360,5,1,0,4 - Very High,4,No,No,16.0,24.0,1,3.0,Medium,07/11/2024
3035,38,Female,Operations,OPS-06,Operations Analyst,1,Bachelor's,4222,5084,24,197,4,4,4,4 - Very High,3,No,No,11.0,14.0,2,3.0,High,05/31/2020
3036,33,Female,Sales,SAL-03,Regional Sales Lead,2,Master's,7388,8220,42,330,20,1,1,2 - Medium,1,No,Yes,9.0,20.0,0,3.0,High,08/02/2023
3037,42,Female,Engineering,ENG-02,Staff Engineer,5,Bachelor's,14922,19901,85,676,5,1,1,4 - Very High,3,No,No,10.0,28.0,4,3.0,High,2023-04-16
3038,24,Female,Human Resources,HR-01,HR Manager,1,PhD,5439,7266,31,248,0,0,0,4 - Very High,2,No,No,4.0,27.0,0,4.0,Very High,2024-11-10
3039,42,Female,Sales,SAL-03,Sales Manager,1,Bachelor's,5102,6745,30,235,11,6,4,4 - Very High,4,No,No,11.0,18.0,0,3.0,Medium,2020-11-12
3040,41,Male,Engineering,ENG-02,Frontend Developer,1,PhD,6761,8094,39,314,15,7,1,2 - Medium,2,No,No,4.0,25.0,1,,Very High,11/02/2023
3041,40,Female,Sales,SAL-03,Sales Manager,1,High School,5001,6254,29,232,8,1,0,3 - High,3,No,No,3.0,22.0,2,3.0,Medium,2024-08-24
3042,29,Female,Engineering,ENG-02,Staff Engineer,3,Master's,9173,10473,53,425,0,0,0,4 - Very High,4,No,No,5.0,18.0,1,4.0,Very High,2024-12-22
3043,31,Male,Engineering,ENG-02,Software Engineer,2,High School,6696,7659,39,313,2,0,0,3 - High,4,No,No,8.0,22.0,2,,Very High,06/28/2024
3044,27,Female,Operations,OPS-06,Process Engineer,2,Master's,5660,7212,32,253,1,0,0,4 - Very High,4,No,No,6.0,28.0,1,3.0,High,2024-02-19
3045,33,Male,Sales,SAL-03,Sales Rep,4,Master's,9726,12084,58,468,8,6,1,2 - Medium,3,No,No,38.0,26.0,2,,Low,03/27/2023
3046,35,Non-Binary,Finance,FIN-05,Senior Accountant,1,High School,4014,4753,23,183,2,2,0,3 - High,2,No,No,12.0,9.0,3,4.0,Very High,2024-11-28
3047,34,Female,Sales,SAL-03,Regional Sales Lead,2,Bachelor's,5484,6686,32,253,1,0,0,2 - Medium,4,No,No,8.0,24.0,4,3.0,High,2024-05-05
3048,38,Male,Finance,FIN-05,Financial Analyst,1,High School,4456,5810,26,208,10,8,4,4 - Very High,3,No,No,28.0,16.0,0,4.0,High,2020-12-11
3049,26,Male,Operations,OPS-06,Operations Manager,3,Bachelor's,6615,8547,39,319,4,3,0,1 - Low,2,No,Yes,,25.0,0,3.0,High,2024-05-14
3050,37,Female,Human Resources,HR-01,Benefits Specialist,3,Bachelor's,6910,7996,40,320,6,2,1,4 - Very High,2,No,No,10.0,32.0,1,4.0,Very High,2023-09-30
3051,26,Female,Marketing,MKT-04,Content Strategist,2,Bachelor's,6472,8034,38,313,4,2,2,1 - Low,2,No,Yes,4.0,29.0,0,3.0,Medium,2022-12-09
3052,40,Female,Marketing,MKT-04,Growth Analyst,5,High School,9593,12351,57,468,7,7,5,2 - Medium,3,No,Yes,7.0,17.0,0,2.0,Low,05/18/2019
3053,28,Female,Finance,FIN-05,Controller,4,High School,8724,10748,52,416,0,0,0,3 - High,2,No,No,16.0,21.0,2,3.0,High,2024-09-23
3054,45,Male,Engineering,ENG-02,Software Engineer,2,Master's,7402,8494,42,342,22,18,1,3 - High,4,No,No,6.0,22.0,2,4.0,Very High,2023-03-21
3055,39,Female,Engineering,ENG-02,ML Engineer,2,Bachelor's,8839,10153,51,410,7,0,0,3 - High,3,No,No,13.0,42.0,4,3.0,High,2024-07-09
3056,52,Female,Sales,SAL-03,Sales Director,2,High School,6775,7676,39,315,24,21,7,4 - Very High,2,No,No,7.0,16.0,0,4.0,High,06/15/2017
3057,34,Female,Sales,SAL-03,Sales Manager,1,Bachelor's,5139,6150,30,236,2,0,0,2 - Medium,1,No,Yes,10.0,31.0,4,1.0,High,2024-07-17
3058,43,Male,Sales,SAL-03,Regional Sales Lead,4,Master's,11903,14248,68,541,15,4,3,4 - Very High,3,No,Yes,12.0,18.0,1,3.0,High,01/29/2021
3059,24,Female,Sales,SAL-03,Account Executive,5,High School,9842,12854,58,461,5,0,0,3 - High,3,No,Yes,17.0,33.0,0,3.0,High,2024-01-26
3060,41,Male,Operations,OPS-06,Supply Chain Analyst,2,Master's,6544,8198,39,321,2,2,0,1 - Low,3,No,No,8.0,26.0,2,4.0,Very High,08/29/2024
3061,36,Female,Engineering,ENG-02,Engineering Manager,2,Bachelor's,8300,11178,48,378,18,7,2,3 - High,3,No,No,12.0,26.0,2,5.0,Very High,07/09/2022
3062,44,Female,Finance,FIN-05,Financial Analyst,2,Bachelor's,6271,8499,37,293,13,3,3,4 - Very High,4,No,No,9.0,26.0,3,,Medium,2021-05-21
3063,27,Male,Engineering,ENG-02,Data Engineer,3,Master's,10487,12112,59,464,4,0,0,1 - Low,2,No,No,4.0,43.0,0,3.0,Very High,2024-10-12
3064,36,Female,Sales,SAL-03,Sales Manager,1,High School,5125,7170,29,229,19,4,4,3 - High,4,No,No,14.0,22.0,1,3.0,Medium,2020-01-17
3065,21,Male,Engineering,ENG-02,QA Engineer,1,Bachelor's,4551,6407,26,208,0,0,0,1 - Low,4,Yes,Yes,5.0,33.0,1,,Medium,09/23/2024
3066,25,Female,Sales,SAL-03,Sales Manager,1,Master's,7057,8386,40,322,9,0,0,3 - High,1,No,Yes,3.0,18.0,1,4.0,Medium,10/10/2024
3067,45,Non-Binary,Engineering,ENG-02,Engineering Manager,4,Bachelor's,12849,15771,73,589,16,5,1,4 - Very High,3,Yes,No,7.0,23.0,0,3.0,Medium,04/06/2023
3068,40,Male,Engineering,ENG-02,Software Engineer,1,Bachelor's,5977,7538,34,278,9,8,0,3 - High,4,No,No,10.0,30.0,3,,High,03/07/2024
3069,29,Male,Engineering,ENG-02,Software Engineer,1,High School,4797,6134,28,223,6,3,1,4 - Very High,4,No,Yes,8.0,31.0,4,4.0,High,2023-05-23
3070,28,Female,Engineering,ENG-02,QA Engineer,2,Bachelor's,5882,7080,35,284,0,0,0,4 - Very High,4,No,No,21.0,28.0,1,5.0,High,2024-02-16
3071,27,Male,Sales,SAL-03,Business Development Rep,2,PhD,6124,8012,35,280,3,1,1,2 - Medium,2,Yes,No,4.0,31.0,1,,Very High,2023-02-09
3072,25,Female,Engineering,ENG-02,Staff Engineer,2,Bachelor's,8905,11259,52,418,0,0,0,2 - Medium,3,No,No,4.0,31.0,1,3.0,High,2024-04-03
3073,28,Female,Operations,OPS-06,Logistics Coordinator,1,High School,4475,6114,26,206,4,0,0,2 - Medium,2,No,No,12.0,38.0,0,2.0,High,
3074,29,Male,Sales,SAL-03,Sales Manager,2,Bachelor's,6025,7367,36,286,0,0,0,2 - Medium,1,No,Yes,13.0,35.0,3,5.0,High,2025-04-13
3075,32,Female,Engineering,ENG-02,Backend Developer,2,Bachelor's,6344,8328,36,296,4,0,0,4 - Very High,3,No,No,5.0,16.0,2,4.0,Very High,2024-02-11
3076,34,Male,Marketing,MKT-04,Growth Analyst,4,Master's,8834,12124,52,409,2,2,2,4 - Very High,4,No,No,8.0,40.0,2,4.0,Very High,2022-07-31
3077,54,Male,Engineering,ENG-02,ML Engineer,2,Bachelor's,8964,10942,53,418,19,13,13,1 - Low,2,No,No,38.0,43.0,3,2.0,Medium,07/27/2011
3078,32,Male,Marketing,MKT-04,Digital Marketing Lead,1,Bachelor's,4717,6462,27,219,6,0,0,4 - Very High,2,No,No,9.0,22.0,0,4.0,Very High,2024-10-31
3079,32,Female,Human Resources,HR-01,Benefits Specialist,1,Bachelor's,4318,5319,25,205,1,1,0,3 - High,4,No,No,9.0,33.0,1,3.0,Very High,2024-04-23
3080,37,Female,Engineering,ENG-02,Staff Engineer,3,Bachelor's,11099,12396,65,526,13,12,6,3 - High,2,No,No,5.0,44.0,0,2.0,Medium,2018-09-04
3081,59,Non-Binary,Finance,FIN-05,Finance Manager,4,Master's,11757,14246,68,554,25,9,7,3 - High,4,No,No,4.0,46.0,0,3.0,High,2017-03-19
3082,31,Male,Engineering,ENG-02,QA Engineer,3,Bachelor's,8762,11670,51,419,6,6,5,4 - Very High,4,No,No,15.0,30.0,1,4.0,Very High,2019-04-15
3083,26,Male,Engineering,ENG-02,Software Engineer,1,Master's,6250,7387,37,292,2,0,0,3 - High,3,No,No,6.0,21.0,4,,Very High,2024-02-26
3084,38,Female,Operations,OPS-06,Operations Manager,2,Master's,7017,8820,41,322,9,4,1,3 - High,2,No,No,7.0,26.0,2,2.0,High,10/08/2023
3085,60,Female,Sales,SAL-03,Sales Rep,3,Bachelor's,8361,10670,49,401,26,23,7,2 - Medium,2,No,Yes,8.0,21.0,0,,Medium,2017-05-17
3086,50,Non-Binary,Marketing,MKT-04,Marketing Manager,4,Bachelor's,9184,11204,52,419,25,10,5,4 - Very High,3,No,Yes,7.0,45.0,0,5.0,Very High,2019-05-22
3087,35,Male,Sales,SAL-03,Sales Rep,1,Bachelor's,5475,6959,32,254,8,8,6,2 - Medium,4,No,No,1.0,33.0,0,,High,2018-08-24
3088,30,Female,Human Resources,HR-01,Recruiter,4,High School,6730,8669,40,319,4,4,2,4 - Very High,4,No,No ,10.0,22.0,1,3.0,Medium,2022-10-26
3089,22,Female,Operations,OPS-06,Operations Manager,1,Bachelor's,4071,5524,23,181,1,1,0,4 - Very High,3,No,Yes,6.0,26.0,0,2.0,Medium,12/25/2024
3090,21,Female,Finance,FIN-05,Finance Manager,3,Bachelor's,6933,8119,40,321,2,0,0,4 - Very High,4,No,No,7.0,37.0,0,4.0,High,2024-05-05
3091,28,Female,Sales,SAL-03,Sales Rep,3,Bachelor's,7744,9193,45,357,4,2,2,1 - Low,3,No,Yes,6.0,42.0,4,3.0,High,08/29/2022
3092,34,Non-Binary,Operations,OPS-06,Logistics Coordinator,1,High School,4285,5843,24,196,15,8,6,3 - High,2,No,No,9.0,,1,4.0,Very High,2018-10-17
3093,48,Male,Human Resources,HR-01,HR Director,1,High School,5148,6423,30,245,19,6,2,3 - High,3,No,No,11.0,19.0,2,2.0,Very High,07/23/2022
3094,32,Female,Operations,OPS-06,Operations Analyst,3,High School,5045,5945,28,223,3,2,0,4 - Very High,2,No,No,2.0,33.0,0,4.0,Very High,2024-10-27
3095,36,Male,Engineering,ENG-02,Frontend Developer,2,Bachelor's,6849,9343,40,316,10,2,2,4 - Very High,4,No,No,8.0,16.0,0,,Very High,2022-06-13
3096,37,Female,Human Resources,HR-01,HR Coordinator,2,Bachelor's,4447,5402,26,210,0,0,0,3 - High,3,No,Yes,14.0,4.0,0,4.0,High,2025-01-10
3097,32,Non-Binary,Finance,FIN-05,Tax Specialist,3,High School,7497,8571,44,349,10,10,4,2 - Medium,2,No,Yes,3.0,27.0,1,,Medium,2020-08-18
3098,46,Female,Sales,SAL-03,Business Development Rep,1,High School,4553,5539,26,214,6,5,2,2 - Medium,3,No,No,10.0,9.0,5,3.0,High,12/04/2022
3099,29,Female,Sales,SAL-03,Senior Sales Rep,1,High School,4972,6020,28,230,5,0,0,4 - Very High,3,No,No,3.0,29.0,0,4.0,Very High,2024-03-01
3100,33,Female,Sales,SAL-03,Regional Sales Lead,2,Bachelor's,6053,7525,35,278,5,3,2,2 - Medium,4,No,No,8.0,30.0,1,3.0,High,04/24/2022
3101,31,Non-Binary,Human Resources,HR-01,HR Analyst,4,High School,7429,9403,42,333,1,1,1,3 - High,2,No,Yes,7.0,36.0,0,3.0,High,2023-03-29
3102,26,Male,Sales,SAL-03,Account Executive,5,Bachelor's,13130,16505,74,594,3,3,0,3 - High,2,No,No,12.0,32.0,2,2.0,High,04/09/2024
3103,40,Male,Finance,FIN-05,Financial Analyst,1,High School,5464,6869,31,245,7,6,3,4 - Very High,3,No,No,7.0,10.0,1,3.0,High,2021-09-27
3104,56,Female,Operations,OPS-06,Logistics Coordinator,1,Bachelor's,4292,5433,25,201,19,19,1,2 - Medium,2,No,No,22.0,32.0,0,2.0,Very High,2023-03-11
3105,37,Male,Engineering,ENG-02,QA Engineer,1,Bachelor's,6384,7879,36,296,9,6,6,4 - Very High,4,No,No,3.0,31.0,2,,Medium,12/22/2018
3106,49,Female,Marketing,MKT-04,Growth Analyst,1,Bachelor's,4998,6406,30,238,17,1,1,3 - High,4,Yes,No,4.0,10.0,2,1.0,High,2023-06-08
3107,39,Female,Operations,OPS-06,Facilities Manager,1,Bachelor's,4623,6435,27,215,7,4,4,4 - Very High,4,No,No,,15.0,0,2.0,Very High,2020-08-09
3108,36,Female,Human Resources,HR-01,HR Analyst,2,Bachelor's,5808,6887,33,266,4,3,3,2 - Medium,4,No,No,17.0,37.0,1,1.0,High,2021-07-05
3109,39,Male,Sales,SAL-03,Sales Rep,4,Master's,9986,11744,58,459,14,3,1,2 - Medium,2,No,No,13.0,35.0,1,5.0,Very High,2023-07-02
3110,37,Female,Engineering,ENG-02,Frontend Developer,2,High School,5625,7028,32,263,4,4,1,3 - High,3,No,No,6.0,6.0,1,2.0,Medium,2023-04-27
3111,29,Female,Operations,OPS-06,Supply Chain Analyst,1,PhD,5272,6396,31,249,9,0,0,3 - High,2,No,No,10.0,,0,3.0,Very High,2024-09-18
3112,41,Non-Binary,Marketing,MKT-04,Brand Manager,3,High School,5841,7841,33,267,1,0,0,3 - High,1,No,No,7.0,17.0,1,3.0,Very High,05/13/2024
3113,21,Female,Engineering,ENG-02,Software Engineer,1,Bachelor's,5328,7097,30,239,1,1,1,3 - High,4,No,No,11.0,16.0,3,3.0,Medium,07/18/2023
3114,29,Female,Marketing,MKT-04,Content Strategist,2,Master's,6057,7630,35,281,1,0,0,3 - High,4,No,No,7.0,12.0,0,4.0,Very High,07/02/2024
3115,39,Female,Sales,SAL-03,Sales Rep,4,Master's,8713,10837,49,402,9,2,2,3 - High,3,No,No,4.0,27.0,1,4.0,Very High,2022-09-21
3116,22,Male,Engineering,ENG-02,DevOps Engineer,2,Bachelor's,7836,8986,45,369,1,0,0,4 - Very High,4,No,No,14.0,14.0,0,5.0,Very High,05/16/2024
3117,21,Male,Operations,OPS-06,Operations Analyst,2,Bachelor's,4570,6074,27,214,2,2,0,2 - Medium,3,No,No,6.0,33.0,1,3.0,Very High,2024-06-17
3118,53,Male,Sales,SAL-03,Sales Director,2,Bachelor's,7236,8834,41,329,30,19,16,4 - Very High,2,No,No,4.0,16.0,0,3.0,High,2008-12-06
3119,34,Male,Finance,FIN-05,Auditor,4,Master's,10227,12968,60,475,10,2,1,3 - High,3,No,No,6.0,13.0,2,3.0,Very High,2023-03-14
3120,39,Female,Human Resources,HR-01,HR Director,5,Master's,12286,14695,70,550,3,2,1,1 - Low,3,No,Yes,22.0,22.0,2,3.0,Low,2023-01-14
3121,33,Female,Engineering,ENG-02,DevOps Engineer,2,Master's,8463,10560,50,406,12,6,3,3 - High,2,No,No,22.0,31.0,3,5.0,Very High,05/03/2021
3122,28,Male,Engineering,ENG-02,Backend Developer,3,Master's,8563,11541,51,419,0,0,0,2 - Medium,2,No,No,7.0,15.0,1,3.0,High,2024-12-10
3123,45,Female,Human Resources,HR-01,HR Analyst,2,Master's,6127,8095,35,280,3,0,0,3 - High,4,No,No,8.0,47.0,4,1.0,High,07/19/2024
3124,34,Male,Engineering,ENG-02,Backend Developer,1,Master's,5764,6693,34,275,12,11,2,4 - Very High,3,No,No,4.0,17.0,1,5.0,Very High,2022-08-11
3125,29,Male,Sales,SAL-03,Sales Director,2,Master's,7197,9618,42,343,0,0,0,3 - High,3,Yes,No,9.0,14.0,0,3.0,High,2024-10-10
3126,44,Male,Marketing,MKT-04,Content Strategist,1,Bachelor's,5236,7153,31,244,7,7,5,4 - Very High,3,No,No,8.0,38.0,1,2.0,Very High,12/16/2019
3127,41,Male,Sales,SAL-03,Senior Sales Rep,1,High School,5137,6274,29,228,10,0,0,1 - Low,2,No,Yes,5.0,29.0,0,1.0,High,01/08/2024
3128,30,Female,Operations,OPS-06,Facilities Manager,3,Bachelor's,7542,8949,43,342,3,2,2,4 - Very High,3,No,No,,33.0,1,3.0,Very High,2022-09-16
3129,33,Female,Sales,SAL-03,Sales Manager,2,Master's,7502,10204,43,348,5,4,0,3 - High,2,No,Yes,8.0,22.0,2,4.0,Medium,2024-12-17
3130,23,Female,Engineering,ENG-02,Software Engineer,1,Bachelor's,4924,6648,29,227,0,0,0,4 - Very High,4,No,No,12.0,21.0,1,3.0,Very High,2024-05-21
3131,28,Male,Human Resources,HR-01,Benefits Specialist,2,High School,4824,6227,28,221,4,4,4,2 - Medium,3,No,No,4.0,31.0,1,3.0,Medium,2021-01-19
3132,33,Male,Engineering,ENG-02,Data Engineer,1,High School,5073,6441,29,229,2,2,0,4 - Very High,4,No,No,9.0,30.0,0,4.0,High,2024-02-14
3133,39,Non-Binary,Engineering,ENG-02,Data Engineer,1,Bachelor's,5126,6667,29,233,0,0,0,1 - Low,2,Yes,Yes,13.0,16.0,1,4.0,Very high,2024-10-16
3134,24,Male,Engineering,ENG-02,QA Engineer,1,Master's,5882,7136,33,271,2,0,0,3 - High,1,No,No,6.0,21.0,2,4.0,Very High,2024-12-21
3135,29,Non-Binary,Finance,FIN-05,Senior Accountant,3,Master's,8030,11110,47,379,2,1,0,4 - Very High,3,No,No,8.0,28.0,1,3.0,Medium,2024-12-11
3136,34,Male,Sales,SAL-03,Account Executive,1,Bachelor's,5716,6569,33,267,2,0,0,4 - Very High,3,No,No,9.0,12.0,4,3.0,High,06/07/2024
3137,60,Male,Marketing,MKT-04,Digital Marketing Lead,4,Master's,13134,14709,77,632,24,3,1,3 - High,4,No,No,22.0,22.0,1,4.0,High,2023-06-15
3138,28,Female,Operations,OPS-06,Operations Manager,1,Master's,5116,6073,29,231,0,0,0,1 - Low,3,No,Yes,12.0,16.0,1,3.0,High,2024-12-26
3139,35,Female,Engineering,ENG-02,Software Engineer,1,Bachelor's,5637,7798,32,258,0,0,0,2 - Medium,4,No,No,10.0,28.0,0,,Very High,2024-02-12
3140,21,Male,Engineering,ENG-02,Software Engineer,1,Master's,6643,7871,37,295,2,0,0,3 - High,4,No,No,6.0,20.0,2,4.0,Very High,2024-09-15
3141,29,Male,Engineering,ENG-02,Backend Developer,3,PhD,9731,12955,56,446,1,0,0,3 - High,3,No,No,14.0,13.0,1,3.0,High,2024-08-24
3142,25,Male,Engineering,ENG-02,Data Engineer,4,Master's,13190,16057,74,588,2,0,0,3 - High,3,No,No,6.0,18.0,0,,Very high,05/16/2024
3143,35,Female,Engineering,ENG-02,QA Engineer,3,Bachelor's,8427,10087,47,371,7,5,0,2 - Medium,3,Yes,No,7.0,33.0,2,2.0,High,2024-08-31
3144,25,Female,Human Resources,HR-01,HR Manager,5,Bachelor's,10151,12242,57,462,1,1,1,3 - High,3,No,No,19.0,,0,4.0,Very High,2023-06-21
3145,24,Female,Finance,FIN-05,Financial Analyst,4,PhD,9234,11036,53,432,0,0,0,4 - Very High,4,No,No,9.0,45.0,0,,Very High,07/28/2024
3146,29,Male,Engineering,ENG-02,Engineering Manager,3,Master's,11704,15928,67,527,9,9,2,3 - High,3,Yes,No,9.0,26.0,2,3.0,High,04/07/2022
3147,48,Female,Sales,SAL-03,Sales Rep,2,Master's,5796,6922,34,278,8,0,0,2 - Medium,2,No,Yes,12.0,16.0,3,3.0,Low,2024-03-15
3148,32,Male,Sales,SAL-03,Account Executive,2,Master's,6801,7675,40,321,13,12,11,3 - High,3,No,No,5.0,31.0,1,4.0,High,10/07/2013
3149,32,Female,Engineering,ENG-02,Software Engineer,1,PhD,5605,6731,32,260,5,3,1,2 - Medium,4,No,No,4.0,29.0,0,3.0,High,06/24/2023
3150,21,Female,Human Resources,HR-01,Benefits Specialist,2,Master's,5118,6265,29,231,2,1,1,4 - Very High,3,No,No,11.0,28.0,0,3.0,High,2023-03-19
3151,21,Female,Operations,OPS-06,Operations Manager,2,High School,6263,7703,37,297,4,1,0,3 - High,2,No,Yes,7.0,34.0,0,3.0,Medium,2024-08-06
3152,24,Male,Engineering,ENG-02,Software Engineer,3,Bachelor's,8492,9327,49,402,1,1,0,3 - High,4,No,No,11.0,33.0,2,4.0,Very High,09/18/2024
3153,21,Male,Engineering,ENG-02,DevOps Engineer,3,Bachelor's,8439,10183,50,397,6,6,2,4 - Very High,3,No,No,17.0,23.0,0,3.0,Very High,2022-02-02
3154,36,Female,Sales,SAL-03,Sales Manager,3,Bachelor's,9486,11289,54,429,10,5,5,4 - Very High,3,No,No,11.0,26.0,0,3.0,High,2019-10-02
3155,29,Male,Engineering,ENG-02,Software Engineer,3,Master's,9271,12277,54,424,6,0,0,3 - High,3,No,No,3.0,31.0,0,4.0,Very High,01/02/2024
3156,33,Female,Human Resources,HR-01,Recruiter,4,Bachelor's,7039,8603,41,326,4,3,3,3 - High,3,No,No,3.0,6.0,4,3.0,Very High,2021-08-21
3157,33,Female,Finance,FIN-05,Controller,1,PhD,5807,7171,33,270,1,1,1,4 - Very High,3,No,No,3.0,24.0,2,3.0,Very High,2023-12-21
3158,33,Male,Engineering,ENG-02,DevOps Engineer,2,PhD,8321,9598,49,400,2,0,0,3 - High,2,No,No,7.0,18.0,1,5.0,Very High,2024-04-05
3159,36,Male,Human Resources,HR-01,Recruiter,2,Bachelor's,5702,6575,33,260,5,2,2,3 - High,4,No,Yes,5.0,21.0,0,3.0,High,2022-03-04
3160,36,Male,Engineering,ENG-02,Engineering Manager,2,Bachelor's,7754,9094,44,351,5,2,2,3 - High,2,No,No,3.0,14.0,0,2.0,Medium,2022-11-19
3161,21,Female,Sales,SAL-03,Business Development Rep,1,Bachelor's,4745,6382,28,228,1,1,0,4 - Very High,4,No,No,4.0,39.0,0,,Very High,01/06/2024
3162,42,Non-Binary,Finance,FIN-05,Auditor,5,Bachelor's,14221,15808,80,639,12,9,7,1 - Low,2,Yes,Yes,6.0,36.0,0,4.0,Medium,11/02/2017
3163,28,Female,Engineering,ENG-02,Senior Engineer,3,PhD,11511,15563,67,532,5,5,3,3 - High,4,No,No,11.0,20.0,0,4.0,Very High,2021-07-08
3164,36,Male,Marketing,MKT-04,Content Strategist,2,Bachelor's,6415,7797,37,302,3,3,0,4 - Very High,4,No,No,8.0,22.0,1,,High,2024-12-02
3165,21,Male,Engineering,ENG-02,Data Engineer,1,Bachelor's,6325,8597,35,281,3,3,2,3 - High,2,No,Yes,3.0,26.0,0,3.0,High,2022-11-24
3166,44,Female,Engineering,ENG-02,QA Engineer,1,High School,4934,6263,29,234,5,2,1,4 - Very High,4,No,No,23.0,24.0,1,4.0,High,2023-07-01
3167,36,Male,Operations,OPS-06,Supply Chain Analyst,3,Bachelor's,6456,7350,37,297,2,2,1,4 - Very High,4,Yes,Yes,16.0,22.0,4,,High,2023-06-02
3168,30,Female,Engineering,ENG-02,Senior Engineer,2,PhD,8702,10491,50,405,5,4,4,3 - High,2,No,No,5.0,23.0,1,,Very High,04/23/2020
3169,39,Male,Finance,FIN-05,Financial Analyst,2,Bachelor's,6134,7944,36,285,4,1,0,4 - Very High,3,No,Yes,6.0,28.0,1,1.0,Low,01/10/2024
3170,33,Male,Engineering,ENG-02,Staff Engineer,4,Bachelor's,13311,17071,78,623,0,0,0,2 - Medium,2,No,Yes,7.0,27.0,0,,Medium,04/25/2024
3171,50,Male,Sales,SAL-03,Account Executive,1,Master's,5985,7286,35,282,28,4,4,3 - High,3,Yes,Yes,14.0,29.0,1,3.0,Medium,2020-11-11
3172,44,Female,Finance,FIN-05,Tax Specialist,1,Master's,6782,8442,38,304,17,15,11,4 - Very High,3,No,Yes,17.0,48.0,0,4.0,Medium,2013-03-04
3173,31,Male,Operations,OPS-06,Logistics Coordinator,3,Bachelor's,6328,8569,36,283,7,5,0,4 - Very High,4,No,No,17.0,28.0,0,4.0,Very High,12/01/2024
3174,28,Non-Binary,Operations,OPS-06,Process Engineer,3,High School,5545,7779,31,250,2,1,0,4 - Very High,4,No,No,3.0,26.0,2,4.0,Very High,10/18/2024
3175,34,Male,Engineering,ENG-02,Data Engineer,1,Bachelor's,7436,8927,43,353,12,12,11,4 - Very High,4,No,No,5.0,22.0,0,3.0,High,11/14/2013
3176,34,Male,Finance,FIN-05,Finance Manager,3,Master's,9191,12328,52,419,4,2,1,3 - High,3,No,Yes,6.0,34.0,1,3.0,High,2023-09-15
3177,24,Female,Engineering,ENG-02,Staff Engineer,2,Bachelor's,9198,10453,52,414,9,6,3,2 - Medium,4,No,No,15.0,30.0,0,4.0,Very High,12/14/2021
3178,25,Female,Engineering,ENG-02,Backend Developer,4,Bachelor's,11109,14662,62,505,0,0,0,3 - High,3,No,Yes,4.0,40.0,0,2.0,High,12/25/2024
3179,37,Male,Sales,SAL-03,Sales Rep,1,Bachelor's,5506,6400,32,259,8,5,3,3 - High,2,No,No,19.0,30.0,3,5.0,Very High,2021-03-02
3180,25,Female,Sales,SAL-03,Regional Sales Lead,2,High School,6055,7886,35,288,1,0,0,2 - Medium,3,No,Yes,11.0,36.0,0,4.0,High,01/06/2024
3181,25,Female,Operations,OPS-06,Operations Manager,1,Bachelor's,5174,6231,29,231,4,4,1,3 - High,3,No,No,3.0,18.0,0,,High,2023-05-11
3182,34,Female,Finance,FIN-05,Auditor,3,Bachelor's,8690,11184,51,418,9,5,3,3 - High,4,No,No,,27.0,3,4.0,Very High,2021-09-24
3183,42,Male,Sales,SAL-03,Senior Sales Rep,1,Bachelor's,5299,7496,30,240,8,7,3,3 - High,3,No,No,6.0,18.0,2,3.0,High,2021-06-08
3184,39,Female,Sales,SAL-03,Sales Manager,1,Bachelor's,6325,7604,35,281,12,6,1,4 - Very High,1,No,No,5.0,10.0,0,3.0,Medium,2023-11-26
3185,26,Male,Engineering,ENG-02,ML Engineer,2,Bachelor's,7266,8910,42,332,0,0,0,4 - Very High,4,No,No,8.0,22.0,0,3.0,Very High,2025-03-08
3186,22,Female,Sales,SAL-03,Business Development Rep,2,Bachelor's,6013,7958,34,277,2,2,1,3 - High,3,No,Yes,7.0,,0,2.0,Low,2023-05-31
3187,39,Female,Engineering,ENG-02,Staff Engineer,2,Bachelor's,10135,13034,57,450,13,3,1,4 - Very High,2,Yes,Yes,4.0,30.0,0,4.0,Very High,2023-06-25
3188,36,Male,Engineering,ENG-02,QA Engineer,3,Bachelor's,9874,13135,57,458,15,9,0,4 - Very High,4,No,No,10.0,26.0,0,4.0,High,2024-11-20
3189,27,Female,Finance,FIN-05,Financial Analyst,3,Bachelor's,6704,8221,40,329,1,0,0,4 - Very High,3,No,No,18.0,23.0,1,3.0,High,05/14/2024
3190,57,Female,Marketing,MKT-04,Marketing Analyst,3,Bachelor's,7939,8828,47,379,24,13,11,3 - High,2,No,No,11.0,31.0,0,3.0,Very High,10/25/2013
3191,43,Male,Sales,SAL-03,Sales Rep,2,Bachelor's,6354,8302,36,283,6,2,1,4 - Very High,2,No,Yes,14.0,30.0,3,2.0,Low,05/04/2023
3192,41,Male,Sales,SAL-03,Regional Sales Lead,3,Bachelor's,8708,11880,49,403,6,2,2,3 - High,4,No,No,8.0,22.0,0,3.0,High,2022-02-19
3193,33,Male,Engineering,ENG-02,Engineering Manager,2,Master's,9467,11565,54,445,10,9,2,3 - High,4,No,No,8.0,31.0,2,3.0,High,2022-10-26
3194,31,Female,Sales,SAL-03,Account Executive,1,High School,5366,6434,32,258,1,0,0,3 - High,4,No,No,19.0,36.0,3,3.0,High,2024-02-26
3195,27,Male,Human Resources,HR-01,HR Analyst,2,Bachelor's,5688,7769,32,260,8,0,0,3 - High,3,No,No,7.0,18.0,3,3.0,High,2024-12-28
3196,39,Male,Finance,FIN-05,Finance Manager,2,Master's,7264,9572,43,344,14,10,6,3 - High,1,No,Yes,20.0,38.0,0,3.0,Low,12/27/2018
3197,23,Female,Operations,OPS-06,Logistics Coordinator,2,Master's,5892,7922,34,270,0,0,0,2 - Medium,2,No,Yes,5.0,28.0,3,3.0,low,07/18/2024
3198,33,Female,Sales,SAL-03,Business Development Rep,2,Master's,6619,8799,38,306,0,0,0,2 - Medium,2,Yes,Yes,4.0,22.0,4,3.0,Low,2025-01-13
3199,48,Female,Engineering,ENG-02,Backend Developer,1,PhD,8129,10687,48,385,22,12,5,3 - High,3,No,No,7.0,27.0,0,3.0,Very High,2019-06-01
3200,31,Female,Engineering,ENG-02,Senior Engineer,3,Bachelor's,8810,10374,51,418,5,2,1,3 - High,4,No,No,5.0,43.0,0,4.0,High,2023-09-28
3201,28,Female,Marketing,MKT-04,Growth Analyst,1,Bachelor's,4396,5311,25,200,7,5,3,2 - Medium,3,No,No,12.0,26.0,0,2.0,Very High,01/30/2021
3202,35,Non-Binary,Sales,SAL-03,Account Executive,3,Bachelor's,7429,8457,44,354,3,0,0,3 - High,2,No,No,11.0,19.0,2,3.0,High,2024-02-23
3203,28,Female,Sales,SAL-03,Sales Manager,1,Master's,6388,8893,37,293,2,1,1,4 - Very High,3,Yes,Yes,13.0,22.0,2,4.0,High,2023-05-31
3204,37,Female,Engineering,ENG-02,Frontend Developer,3,Bachelor's,8451,11210,49,385,3,2,0,3 - High,4,No,No,7.0,23.0,0,4.0,High,2024-05-06
3205,37,Female,Engineering,ENG-02,Data Engineer,3,High School,8674,9785,51,415,3,1,0,4 - Very High,3,No,No,9.0,24.0,1,4.0,Very High,2024-11-28
3206,35,Female,Finance,FIN-05,Controller,2,Bachelor's,7512,8953,42,335,8,7,6,4 - Very High,2,No,No,3.0,8.0,1,3.0,High,2018-08-31
3207,33,Non-Binary,Operations,OPS-06,Supply Chain Analyst,1,Bachelor's,4014,5120,23,183,1,1,0,4 - Very High,3,No,No,7.0,13.0,2,4.0,High,2024-10-09
3208,21,Female,Operations,OPS-06,Supply Chain Analyst,2,Bachelor's,5557,7544,33,268,0,0,0,4 - Very High,3,No,Yes,6.0,20.0,0,,Very High,2024-08-27
3209,34,Female,Operations,OPS-06,Operations Analyst,4,Bachelor's,7775,9272,45,361,2,1,0,3 - High,4,No,No,23.0,,3,3.0,Very High,12/16/2024
3210,32,Female,Engineering,ENG-02,DevOps Engineer,2,Bachelor's,8596,10634,48,386,6,1,0,4 - Very High,3,No,No,10.0,17.0,0,4.0,High,07/02/2024
3211,34,Female,Finance,FIN-05,Financial Analyst,3,Bachelor's,6934,9117,41,325,9,1,0,3 - High,3,No,No,11.0,39.0,0,2.0,High,2024-10-15
3212,24,Male,Engineering,ENG-02,Staff Engineer,3,Bachelor's,11032,12630,62,487,2,1,0,4 - Very High,4,No,No,13.0,24.0,1,3.0,High,2024-01-28
3213,34,Female,Engineering,ENG-02,Staff Engineer,3,High School,9454,11345,55,441,2,1,1,4 - Very High,3,No,No,5.0,21.0,0,3.0,Medium,2023-08-28
3214,23,Female,Sales,SAL-03,Sales Rep,2,Master's,6479,8852,36,283,8,8,8,4 - Very High,3,No,No,8.0,21.0,0,4.0,High,2016-09-01
3215,30,Female,Engineering,ENG-02,Senior Engineer,3,Bachelor's,10145,13530,58,472,6,6,4,2 - Medium,4,No,No,21.0,21.0,0,3.0,Medium,2020-05-16
3216,39,Male,Engineering,ENG-02,DevOps Engineer,5,Master's,13606,17722,77,617,0,0,0,3 - High,3,No,No,14.0,29.0,2,3.0,High,2024-02-10
3217,23,Male,Human Resources,HR-01,HR Coordinator,1,Master's,4129,5065,24,195,2,0,0,3 - High,1,Yes,Yes,7.0,18.0,1,4.0,Medium,02/13/2024
3218,52,Male,Engineering,ENG-02,DevOps Engineer,1,Bachelor's,6621,8892,39,311,8,2,1,4 - Very High,3,No,No,6.0,16.0,0,4.0,High,2024-01-02
3219,33,Male,Engineering,ENG-02,Data Engineer,4,Master's,14503,17622,83,658,11,11,11,4 - Very High,2,No,No,4.0,41.0,0,3.0,Medium,2013-09-18
3220,22,Female,Engineering,ENG-02,Engineering Manager,3,Bachelor's,9813,12338,55,438,2,2,1,3 - High,2,No,No,9.0,31.0,0,4.0,Very High,2023-07-30
3221,21,Female,Finance,FIN-05,Controller,5,High School,12691,16385,72,593,2,0,0,3 - High,3,Yes,No,8.0,31.0,0,4.0,High,2024-09-14
3222,25,Female,Engineering,ENG-02,Senior Engineer,2,PhD,8130,9715,47,385,2,0,0,4 - Very High,3,No,No,6.0,24.0,0,4.0,Very High,2024-03-14
3223,30,Female,Sales,SAL-03,Business Development Rep,1,High School,4808,5987,28,224,2,2,2,4 - Very High,4,No,No,3.0,14.0,0,4.0,Very High,2023-02-25
3224,41,Female,Engineering,ENG-02,QA Engineer,4,Master's,12572,15712,71,575,10,1,0,4 - Very High,3,No,No,5.0,20.0,2,3.0,High,2024-02-12
3225,21,Non-Binary,Operations,OPS-06,Operations Manager,4,High School,8349,11453,49,397,0,0,0,3 - High,4,No,No,11.0,46.0,3,4.0,High,2024-07-19
3226,36,Female,Operations,OPS-06,Process Engineer,2,Bachelor's,5324,6852,31,250,6,6,0,3 - High,4,No,No,12.0,22.0,1,3.0,High,2024-02-09
3227,33,Female,Finance,FIN-05,Financial Analyst,4,Bachelor's,9271,12439,54,434,9,6,2,3 - High,4,No,No,9.0,34.0,0,,High,07/23/2022
3228,44,Female,Human Resources,HR-01,Recruiter,4,Bachelor's,8724,10506,50,397,9,5,4,3 - High,4,No,No,16.0,27.0,1,2.0,Medium,05/24/2020
3229,34,Female,Engineering,ENG-02,Senior Engineer,2,High School,7428,8753,44,353,3,0,0,3 - High,2,No,No,9.0,26.0,0,3.0,Very High,2024-01-18
3230,32,Female,Sales,SAL-03,Sales Director,5,PhD,17542,22584,100,785,7,5,2,4 - Very High,4,No,No,6.0,26.0,0,3.0,High,10/15/2022
3231,35,Female,Operations,OPS-06,Facilities Manager,1,Master's,4382,5375,26,205,5,4,3,4 - Very High,3,No,No,6.0,43.0,2,3.0,High,2021-11-11
3232,53,Male,Finance,FIN-05,Auditor,3,Bachelor's,8548,9660,50,397,29,8,6,4 - Very High,4,No,No,11.0,36.0,3,5.0,Very High,2018-01-11
3233,35,Male,Operations,OPS-06,Operations Analyst,1,Master's,5313,6226,32,252,8,2,2,3 - High,3,No,Yes,13.0,27.0,1,4.0,Medium,2022-03-16
3234,60,Female,Engineering,ENG-02,Staff Engineer,2,Master's,10862,14074,63,501,23,20,7,3 - High,2,No,No,,17.0,3,4.0,Very High,2017-07-26
3235,36,Female,Engineering,ENG-02,Senior Engineer,3,High School,8632,10397,49,397,10,7,2,1 - Low,4,No,Yes,5.0,23.0,1,2.0,Low,
3236,37,Female,Engineering,ENG-02,QA Engineer,2,Master's,7791,9944,44,346,6,0,0,2 - Medium,4,No,No,6.0,55.0,2,,Very High,2024-01-25
3237,49,Female,Engineering,ENG-02,QA Engineer,1,High School,6075,7593,35,276,13,12,11,4 - Very High,4,No,Yes,6.0,21.0,5,,Very High,2013-12-17
3238,21,Non-Binary,Engineering,ENG-02,Data Engineer,4,High School,9044,10670,52,410,3,1,0,2 - Medium,4,No,Yes,12.0,40.0,3,2.0,Medium,2024-08-25
3239,29,Male,Sales,SAL-03,Business Development Rep,1,Master's,4527,6159,26,210,0,0,0,3 - High,2,No,No,6.0,24.0,1,3.0,Very High,08/21/2024
3240,22,Female,Engineering,ENG-02,Data Engineer,3,Master's,8251,10438,47,374,3,1,1,3 - High,3,No,No,4.0,32.0,0,3.0,High,12/05/2023
3241,29,Non-Binary,Engineering,ENG-02,Engineering Manager,2,Master's,7069,8542,41,332,2,2,2,3 - High,3,No,No,5.0,22.0,2,,High,12/22/2022
3242,35,Male,Marketing,MKT-04,Marketing Analyst,2,Bachelor's,5504,7251,32,257,12,6,1,2 - Medium,1,No,No,12.0,33.0,0,3.0,High,2023-01-10
3243,41,Male,Engineering,ENG-02,Software Engineer,2,Master's,8945,9907,52,412,12,2,2,4 - Very High,1,No,Yes,6.0,31.0,0,5.0,High,04/02/2022
3244,44,Male,Human Resources,HR-01,HR Coordinator,2,Bachelor's,5756,7096,33,260,14,13,11,4 - Very High,4,No,No,10.0,32.0,3,5.0,Very High,03/07/2013
3245,33,Male,Engineering,ENG-02,Staff Engineer,4,Bachelor's,12515,16578,72,565,1,0,0,4 - Very High,4,No,No,4.0,25.0,3,5.0,Very High,05/01/2024
3246,40,Female,Operations,OPS-06,Process Engineer,2,Bachelor's,7166,9776,42,333,17,8,0,3 - High,1,No,No,5.0,32.0,3,3.0,Very High,2024-02-17
3247,33,Male,Sales,SAL-03,Regional Sales Lead,2,High School,6916,7735,40,323,10,4,3,4 - Very High,4,No,Yes,2.0,9.0,0,4.0,Medium,2021-05-05
3248,25,Male,Operations,OPS-06,Operations Manager,3,Bachelor's,5994,6772,35,279,0,0,0,2 - Medium,2,No,No,10.0,23.0,0,1.0,High,11/30/2024
3249,32,Female,Operations,OPS-06,Supply Chain Analyst,4,Master's,8275,9817,48,377,0,0,0,4 - Very High,4,No,No,4.0,28.0,3,5.0,Very High,2024-05-18
3250,30,Female,Engineering,ENG-02,ML Engineer,3,High School,8755,10332,50,396,4,0,0,2 - Medium,1,No,Yes,9.0,26.0,0,3.0,Medium,2024-03-08
3251,28,Female,Operations,OPS-06,Supply Chain Analyst,3,Master's,6288,7012,36,295,0,0,0,4 - Very High,4,No,No,1.0,20.0,1,3.0,High,2024-09-27
3252,43,Female,Sales,SAL-03,Sales Rep,3,Bachelor's,8199,9593,47,377,12,6,4,4 - Very High,3,No,No,17.0,16.0,2,4.0,Very High,2020-11-26
3253,23,Female,Engineering,ENG-02,Software Engineer,4,Bachelor's,9283,11372,54,432,0,0,0,2 - Medium,3,No,No,22.0,7.0,3,4.0,High,06/06/2024
3254,27,Female,Engineering,ENG-02,ML Engineer,3,High School,9478,10891,53,417,7,6,4,2 - Medium,3,Yes,Yes,6.0,37.0,1,1.0,Low,2020-03-30
3255,38,Female,Engineering,ENG-02,Backend Developer,2,High School,5934,8024,33,271,7,3,3,4 - Very High,2,No,No,7.0,34.0,5,4.0,High,2021-02-13
3256,21,Male,Operations,OPS-06,Supply Chain Analyst,1,Master's,4522,5679,27,219,0,0,0,2 - Medium,4,No,No,10.0,26.0,1,5.0,Very High,04/12/2025
3257,30,Male,Marketing,MKT-04,Content Strategist,2,Bachelor's,6265,7174,35,288,2,1,0,2 - Medium,2,No,Yes,39.0,24.0,3,3.0,Low,2024-12-23
3258,57,Male,Engineering,ENG-02,Engineering Manager,2,Bachelor's,8867,11791,51,417,17,16,1,3 - High,3,No,No,22.0,30.0,1,2.0,High,2023-07-14
3259,24,Female,Marketing,MKT-04,Marketing Manager,2,PhD,6786,7607,40,324,6,1,1,3 - High,3,No,No,19.0,21.0,0,3.0,High,2023-04-12
3260,48,Female,Operations,OPS-06,Facilities Manager,1,High School,4844,5594,29,231,18,7,1,3 - High,2,No,Yes,22.0,30.0,2,4.0,High,02/16/2023
3261,35,Male,Sales,SAL-03,Sales Manager,1,Bachelor's,5765,6881,34,272,1,0,0,1 - Low,2,No,Yes,11.0,16.0,1,2.0,Medium,2024-07-23
3262,25,Female,Operations,OPS-06,Facilities Manager,4,Master's,9788,13423,57,447,0,0,0,3 - High,2,No,No,2.0,31.0,0,2.0,Medium,08/23/2024
3263,31,Female,Engineering,ENG-02,Staff Engineer,2,Master's,8685,11212,51,417,3,0,0,4 - Very High,4,No,No,13.0,4.0,2,4.0,Very High,06/07/2024
3264,38,Male,Finance,FIN-05,Senior Accountant,4,High School,9295,12734,52,417,4,1,0,4 - Very High,4,No,No,8.0,19.0,2,4.0,High,02/23/2024
3265,26,Female,Sales,SAL-03,Regional Sales Lead,2,Bachelor's,6674,8408,39,321,3,2,2,3 - High,3,No,Yes,37.0,21.0,0,5.0,Low,2022-04-11
3266,23,Female,Marketing,MKT-04,Content Strategist,4,High School,7182,9281,41,335,1,1,0,4 - Very High,4,No,No,15.0,34.0,1,5.0,Very High,11/13/2024
3267,29,Male,Sales,SAL-03,Sales Manager,3,High School,8242,10720,47,387,2,2,1,4 - Very High,4,No,No,12.0,35.0,0,4.0,Very High,12/14/2023
3268,37,Female,Engineering,ENG-02,Software Engineer,1,Bachelor's,4903,6427,28,225,4,4,3,3 - High,3,No,No,10.0,31.0,0,3.0,Very High,2021-01-26
3269,21,Female,Operations,OPS-06,Logistics Coordinator,3,High School,5617,7073,33,267,5,4,4,4 - Very High,2,No,Yes,4.0,28.0,0,4.0,Very High,08/04/2020
3270,33,Male,Engineering,ENG-02,Senior Engineer,4,Master's,12723,14938,75,617,7,7,6,4 - Very High,4,No,No,10.0,29.0,1,3.0,High,2018-05-24
3271,33,Female,Finance,FIN-05,Finance Manager,1,Master's,5231,6136,29,235,6,4,3,2 - Medium,3,No,No,16.0,27.0,1,3.0,High,12/29/2021
3272,37,Male,Marketing,MKT-04,Digital Marketing Lead,1,Bachelor's,5532,7215,33,262,11,9,6,3 - High,3,No,No,4.0,22.0,3,3.0,High,2018-08-27
3273,28,Male,Sales,SAL-03,Account Executive,3,PhD,10057,13393,59,483,3,0,0,2 - Medium,3,No,Yes,10.0,31.0,0,2.0,Low,2024-04-03
3274,23,Female,Engineering,ENG-02,QA Engineer,1,Master's,5478,7341,31,252,5,4,1,4 - Very High,3,No,No,17.0,37.0,0,4.0,Very High,2023-07-07
3275,41,Male,Sales,SAL-03,Regional Sales Lead,4,High School,10071,12701,58,474,9,5,3,3 - High,4,Yes,Yes,20.0,19.0,4,3.0,High,2021-08-12
3276,35,Male,Finance,FIN-05,Finance Manager,5,Bachelor's,11302,12524,66,535,0,0,0,4 - Very High,3,No,No,8.0,24.0,1,,High,05/12/2025
3277,42,Male,Operations,OPS-06,Facilities Manager,4,Bachelor's,8814,10586,52,418,22,4,2,3 - High,3,No,No,7.0,35.0,1,4.0,Very High,2022-12-14
3278,46,Male,Operations,OPS-06,Operations Manager,2,Master's,7618,9736,43,353,16,14,6,3 - High,4,No,No,10.0,36.0,2,,High,2018-06-17
3279,41,Male,Finance,FIN-05,Senior Accountant,1,High School,5148,7126,29,236,11,1,0,2 - Medium,2,No,No,4.0,41.0,0,1.0,Very High,2024-09-26
3280,31,Male,Sales,SAL-03,Business Development Rep,2,Bachelor's,6285,8554,36,295,3,3,3,4 - Very High,4,No,No,11.0,25.0,0,3.0,Medium,2022-03-06
3281,25,Male,Marketing,MKT-04,Marketing Manager,4,High School,7666,9088,44,347,0,0,0,3 - High,3,No,No,3.0,33.0,1,4.0,Very High,01/15/2025
3282,21,Female,Sales,SAL-03,Regional Sales Lead,4,Bachelor's,9827,13249,57,450,0,0,0,4 - Very High,3,No,No,3.0,17.0,1,4.0,High,2024-09-12
3283,31,Female,Human Resources,HR-01,Recruiter,2,Bachelor's,5183,5953,29,228,6,6,1,4 - Very High,4,No,No,6.0,32.0,2,4.0,Very High,2023-03-31
3284,28,Male,Finance,FIN-05,Financial Analyst,4,Master's,8816,11701,51,401,1,1,0,4 - Very High,3,No,No,2.0,43.0,0,1.0,Very High,2024-04-28
3285,24,Male,Marketing,MKT-04,Marketing Manager,3,High School,6733,8422,40,323,8,0,0,4 - Very High,2,No,No,4.0,34.0,0,3.0,High,06/22/2024
3286,25,Female,Operations,OPS-06,Operations Analyst,2,High School,5729,7359,33,265,9,4,0,4 - Very High,4,No,No,23.0,32.0,0,3.0,High,2024-08-17
3287,23,Female,Sales,SAL-03,Sales Manager,2,High School,6889,8223,39,315,2,1,0,4 - Very High,3,No,No,9.0,33.0,0,3.0,Medium,10/02/2024
3288,35,Female,Marketing,MKT-04,Brand Manager,3,Bachelor's,7888,10677,45,366,7,3,2,4 - Very High,4,No,No,5.0,47.0,3,3.0,Very High,2022-07-25
3289,27,Female,Marketing,MKT-04,Marketing Analyst,1,PhD,4564,5572,26,208,2,0,0,3 - High,2,No,No,3.0,33.0,0,1.0,High,08/28/2024
3290,24,Female,Sales,SAL-03,Sales Rep,3,PhD,7991,9168,46,367,4,2,1,4 - Very High,3,No,No,4.0,37.0,0,4.0,Very High,2023-01-23
3291,35,Male,Operations,OPS-06,Supply Chain Analyst,2,Master's,6396,7573,38,302,1,1,1,2 - Medium,4,No,Yes,11.0,12.0,5,5.0,Very High,11/18/2023
3292,31,Female,Marketing,MKT-04,Marketing Manager,2,Master's,6981,8887,40,314,7,0,0,2 - Medium,3,No,Yes,11.0,28.0,1,3.0,Medium,2024-12-02
3293,27,Female,Marketing,MKT-04,Content Strategist,2,Master's,5475,6490,31,247,1,0,0,4 - Very High,4,No,No,6.0,29.0,1,4.0,Very High,2024-01-11
3294,27,Male,Operations,OPS-06,Process Engineer,2,Bachelor's,5347,7011,31,253,2,2,1,2 - Medium,1,No,Yes,4.0,17.0,0,4.0,Very High,2023-02-12
3295,31,Female,Finance,FIN-05,Senior Accountant,2,Bachelor's,5569,7304,32,252,0,0,0,2 - Medium,4,No,No,9.0,25.0,1,3.0,High,2024-06-24
3296,29,Male,Sales,SAL-03,Sales Director,5,Master's,14711,19532,87,707,1,1,0,4 - Very High,4,Yes,No,8.0,19.0,1,5.0,High,04/24/2024
3297,43,Female,Sales,SAL-03,Sales Rep,1,High School,4341,4994,25,201,13,11,2,3 - High,3,No,Yes,12.0,33.0,1,,Very High,07/22/2022
3298,21,Female,Marketing,MKT-04,Marketing Manager,1,Bachelor's,5587,7735,32,258,0,0,0,3 - High,2,No,No,6.0,27.0,0,5.0,High,02/06/2025
3299,24,Female,Finance,FIN-05,Finance Manager,4,Bachelor's,9164,11639,52,419,0,0,0,3 - High,3,No,Yes,9.0,20.0,0,5.0,High,2024-05-25
3300,38,Female,Human Resources,HR-01,Recruiter,4,Master's,9836,11052,56,451,22,2,0,2 - Medium,4,No,Yes,19.0,29.0,0,,Medium,2024-03-13
3301,31,Non-Binary,Engineering,ENG-02,Staff Engineer,3,Bachelor's,8901,12005,50,410,4,0,0,2 - Medium,2,No,No,5.0,30.0,1,3.0,High,07/05/2024
3302,31,Female,Operations,OPS-06,Logistics Coordinator,2,Bachelor's,5456,6632,31,249,2,2,1,3 - High,3,No,No,7.0,35.0,2,2.0,High,2023-09-17
3303,22,Male,Finance,FIN-05,Senior Accountant,4,Master's,8992,11442,50,398,2,0,0,3 - High,2,No,Yes,2.0,52.0,0,3.0,Medium,2024-03-28
3304,49,Male,Operations,OPS-06,Operations Analyst,2,High School,4739,5755,27,213,14,5,2,3 - High,3,No,No,7.0,14.0,1,,Very High,06/29/2022
3305,40,Male,Human Resources,HR-01,HR Director,2,Master's,7001,8865,41,322,7,3,1,4 - Very High,4,No,No,7.0,16.0,2,3.0,High,2023-08-01
3306,44,Female,Operations,OPS-06,Logistics Coordinator,3,Master's,6918,9400,41,328,12,0,0,4 - Very High,2,No,No,7.0,14.0,3,4.0,Very High,2024-08-20
3307,54,Male,Engineering,ENG-02,ML Engineer,5,Master's,20659,23089,120,970,18,18,7,3 - High,4,No,No,12.0,20.0,0,3.0,High,2017-07-31
3308,25,Male,Engineering,ENG-02,Engineering Manager,4,Master's,13405,15344,78,619,2,1,1,3 - High,2,No,Yes,12.0,18.0,1,4.0,High,2023-07-05
3309,32,Female,Engineering,ENG-02,Frontend Developer,3,PhD,8096,10046,48,381,0,0,0,2 - Medium,4,No,No,13.0,24.0,2,3.0,High,2024-12-26
3310,33,Female,Finance,FIN-05,Tax Specialist,2,Master's,6136,7453,35,277,11,10,6,3 - High,3,No,No,12.0,16.0,0,3.0,Medium,2018-05-26
3311,48,Female,Operations,OPS-06,Operations Analyst,3,PhD,8258,10500,48,377,24,24,0,2 - Medium,3,No,No,14.0,31.0,2,4.0,High,2024-01-04
3312,42,Female,Sales,SAL-03,Regional Sales Lead,4,Bachelor's,10106,12245,58,472,9,9,6,3 - High,2,No,No,2.0,29.0,0,4.0,Very High,2018-10-04
3313,36,Male,Operations,OPS-06,Operations Analyst,1,Bachelor's,4104,4967,24,194,3,0,0,3 - High,3,No,No,10.0,21.0,2,3.0,High,2024-08-27
3314,21,Male,Operations,OPS-06,Facilities Manager,2,Master's,6482,7949,38,303,1,0,0,4 - Very High,3,No,No,4.0,28.0,1,3.0,Very High,2024-02-20
3315,42,Male,Operations,OPS-06,Facilities Manager,4,High School,6900,8830,40,317,6,1,1,3 - High,1,Yes,Yes,6.0,14.0,3,,Medium,2023-03-03
3316,24,Male,Engineering,ENG-02,QA Engineer,2,Master's,6602,7615,39,310,5,1,0,3 - High,3,No,No,9.0,26.0,2,3.0,Very High,05/21/2024
3317,25,Male,Human Resources,HR-01,HR Manager,3,Master's,6946,8655,40,318,9,2,2,4 - Very High,4,No,No,7.0,34.0,3,4.0,High,04/23/2022
3318,24,Female,Operations,OPS-06,Facilities Manager,3,Bachelor's,6089,7243,35,281,3,0,0,2 - Medium,3,No,No,4.0,24.0,3,3.0,High,2024-10-17
3319,29,Male,Marketing,MKT-04,SEO Specialist,3,Bachelor's,7414,9269,42,336,12,9,9,3 - High,4,No,Yes,14.0,31.0,0,4.0,Very High,2015-08-19
3320,29,Non-Binary,Human Resources,HR-01,HR Coordinator,4,Bachelor's,6292,8592,36,283,0,0,0,4 - Very High,3,No,No,4.0,31.0,2,3.0,High,2025-02-10
3321,34,Male,Finance,FIN-05,Finance Manager,2,Bachelor's,6555,8454,38,309,3,1,1,4 - Very High,3,No,No,5.0,26.0,0,5.0,Very High,07/19/2023
3322,35,Male,Human Resources,HR-01,Benefits Specialist,1,Master's,5085,6514,29,237,3,1,0,4 - Very High,3,Yes,Yes,9.0,20.0,0,3.0,Medium,06/21/2024
3323,31,Male,Marketing,MKT-04,Digital Marketing Lead,1,Master's,6195,7158,35,275,7,5,5,2 - Medium,2,No,No,14.0,15.0,0,,High,05/18/2019
3324,34,Female,Engineering,ENG-02,Data Engineer,2,Master's,7786,9467,46,373,13,12,4,3 - High,4,No,No,6.0,31.0,0,5.0,Very High,2020-06-26
3325,21,Female,Operations,OPS-06,Operations Manager,1,Master's,5453,6827,32,252,4,0,0,2 - Medium,2,No,No,12.0,33.0,0,1.0,Very High,2024-05-13
3326,26,Female,Operations,OPS-06,Process Engineer,1,Bachelor's,4201,5445,25,198,0,0,0,4 - Very High,3,No,No,11.0,33.0,0,3.0,High,08/21/2024
3327,46,Male,Marketing,MKT-04,Brand Manager,1,Master's,6842,9503,39,308,17,10,4,2 - Medium,3,No,No,5.0,11.0,4,3.0,High,2020-10-22
3328,41,Female,Operations,OPS-06,Logistics Coordinator,3,Master's,8190,10530,48,381,12,4,2,4 - Very High,4,No,No,5.0,28.0,0,3.0,Very High,01/12/2022
3329,37,Non-Binary,Engineering,ENG-02,QA Engineer,3,PhD,8694,11483,49,397,0,0,0,3 - High,4,No,No,8.0,39.0,2,5.0,very high,08/11/2024
3330,27,Female,Finance,FIN-05,Tax Specialist,2,Bachelor's,5135,6131,29,237,1,1,1,3 - High,4,Yes,No,6.0,16.0,3,4.0,Very High,2023-05-02
3331,23,Male,Engineering,ENG-02,QA Engineer,3,Bachelor's,6941,8937,40,323,0,0,0,4 - Very High,2,No,No,7.0,34.0,1,4.0,Very High,2024-10-07
3332,53,Female,Engineering,ENG-02,ML Engineer,3,Bachelor's,12313,16721,71,576,26,24,17,3 - High,2,No,Yes,12.0,30.0,1,4.0,Very High,2007-05-24
3333,57,Female,Sales,SAL-03,Regional Sales Lead,3,High School,8650,9871,50,404,28,27,15,4 - Very High,4,No,No,9.0,37.0,0,3.0,Medium,12/05/2009
3334,28,Female,Operations,OPS-06,Process Engineer,3,Bachelor's,7186,8910,42,338,2,1,1,3 - High,3,No,No,17.0,13.0,1,1.0,High,06/14/2023
3335,31,Male,Human Resources,HR-01,Benefits Specialist,1,Master's,4372,5569,25,199,5,1,1,3 - High,2,No,No,14.0,37.0,2,3.0,Very High,09/11/2023
3336,47,Male,Engineering,ENG-02,Software Engineer,2,Bachelor's,7438,9155,44,360,19,14,2,4 - Very High,3,No,No,9.0,44.0,0,4.0,Very High,2022-09-06
3337,37,Female,Engineering,ENG-02,QA Engineer,2,Master's,6459,7655,37,298,7,6,5,4 - Very High,3,No,No,6.0,27.0,2,3.0,Very High,10/08/2019
3338,27,Female,Engineering,ENG-02,Software Engineer,2,Bachelor's,7479,9861,43,347,3,0,0,4 - Very High,3,No,No,4.0,29.0,1,3.0,High,02/08/2024
3339,26,Female,Sales,SAL-03,Sales Manager,1,Master's,5143,6614,30,247,2,2,2,3 - High,2,No,No,5.0,17.0,0,1.0,High,2022-04-02
3340,29,Male,Marketing,MKT-04,Content Strategist,2,Master's,5520,7466,32,255,3,1,1,2 - Medium,3,No,Yes,11.0,0.0,0,3.0,Medium,2023-05-11
3341,34,Female,Sales,SAL-03,Business Development Rep,2,Master's,6718,8770,39,306,7,1,1,3 - High,3,No,No,7.0,19.0,0,3.0,Very High,2023-05-11
3342,22,Male,Engineering,ENG-02,Frontend Developer,1,PhD,5937,7236,35,278,1,1,0,3 - High,2,No,No,8.0,9.0,0,3.0,Medium,12/18/2024
3343,42,Male,Engineering,ENG-02,Senior Engineer,2,Bachelor's,8140,10215,48,378,1,1,1,3 - High,3,No,No,11.0,22.0,5,3.0,Very High,2024-02-18
3344,26,Male,Human Resources,HR-01,HR Director,3,Bachelor's,7900,9143,46,375,3,1,1,2 - Medium,3,No,Yes,24.0,28.0,1,5.0,High,11/02/2023
3345,35,Male,Finance,FIN-05,Senior Accountant,1,Bachelor's,5084,5720,29,232,4,3,2,2 - Medium,3,No,Yes,23.0,17.0,2,5.0,Very High,2022-06-11
3346,29,Male,Finance,FIN-05,Tax Specialist,1,PhD,5249,6432,29,230,3,1,1,2 - Medium,3,No,No,12.0,38.0,1,1.0,High,01/30/2023
3347,45,Female,Sales,SAL-03,Regional Sales Lead,3,PhD,11101,14170,62,509,17,8,5,1 - Low,2,No,Yes,27.0,27.0,0,2.0,Low,2019-12-14
3348,22,Female,Engineering,ENG-02,Data Engineer,2,Bachelor's,7321,8818,43,347,1,0,0,4 - Very High,3,No,No,2.0,37.0,0,4.0,Very High,2024-04-04
3349,49,Male,Sales,SAL-03,Sales Rep,2,PhD,7620,10604,44,346,20,1,1,4 - Very High,4,No,Yes,6.0,,0,3.0,Medium,2023-11-15
3350,35,Male,Sales,SAL-03,Business Development Rep,1,Bachelor's,4355,4971,25,204,7,5,1,4 - Very High,4,Yes,No,18.0,34.0,2,3.0,High,2023-07-13
3351,31,Male,Engineering,ENG-02,ML Engineer,4,Bachelor's,11934,14883,67,549,5,4,2,4 - Very High,2,No,No,8.0,31.0,1,3.0,Very High,
3352,25,Female,Human Resources,HR-01,HR Director,2,High School,5712,6849,34,277,3,2,0,1 - Low,2,No,No,6.0,22.0,0,3.0,High,2024-06-12
3353,24,Female,Sales,SAL-03,Business Development Rep,1,High School,4733,6014,27,219,0,0,0,2 - Medium,3,No,No,27.0,34.0,0,2.0,High,2025-04-29
3354,45,Male,Finance,FIN-05,Senior Accountant,3,Master's,8674,11525,51,419,14,0,0,4 - Very High,3,No,No,5.0,24.0,3,5.0,Very High,2024-10-14
3355,39,Female,Engineering,ENG-02,Data Engineer,3,PhD,9436,12222,55,432,8,4,4,4 - Very High,3,No,No,5.0,9.0,2,2.0,Medium,2020-12-04
3356,38,Non-Binary,Engineering,ENG-02,Software Engineer,1,High School,5572,7372,32,262,5,3,0,2 - Medium,3,No,No,3.0,20.0,2,2.0,Medium,2024-10-16
3357,35,Male,Engineering,ENG-02,Backend Developer,1,High School,5962,7455,35,284,3,0,0,3 - High,2,No,No,12.0,32.0,4,4.0,Very High,2024-08-09
3358,39,Female,Marketing,MKT-04,Marketing Analyst,3,Bachelor's,7635,10014,43,343,4,4,1,2 - Medium,3,Yes,Yes,5.0,34.0,2,3.0,High,07/04/2023
3359,43,Male,Finance,FIN-05,Controller,2,Bachelor's,7803,9668,45,368,11,2,0,2 - Medium,2,No,No,7.0,25.0,5,1.0,High,08/26/2024
3360,34,Female,Engineering,ENG-02,Staff Engineer,2,High School,7229,9260,42,338,5,5,1,4 - Very High,3,No,No,,34.0,0,4.0,High,07/05/2023
3361,35,Female,Human Resources,HR-01,Recruiter,3,Bachelor's,6273,7909,35,279,6,0,0,3 - High,4,No,No,2.0,33.0,0,3.0,Very High,10/14/2024
3362,23,Male,Operations,OPS-06,Supply Chain Analyst,2,High School,5260,6595,30,243,2,0,0,3 - High,4,No,No,7.0,31.0,1,4.0,Very High,2024-07-24
3363,33,Male,Finance,FIN-05,Senior Accountant,2,Bachelor's,5366,7133,32,260,0,0,0,2 - Medium,3,No,Yes,2.0,28.0,3,3.0,High,08/01/2024
3364,27,Female,Sales,SAL-03,Sales Director,2,Bachelor's,7078,9328,40,328,0,0,0,1 - Low,2,No,Yes,10.0,5.0,0,2.0,Low,2024-06-19
3365,49,Female,Engineering,ENG-02,DevOps Engineer,1,Master's,7890,9504,46,378,18,12,7,3 - High,3,No,No,2.0,15.0,0,4.0,Very High,2017-12-05
3366,25,Male,Engineering,ENG-02,Software Engineer,3,High School,7468,8718,44,357,2,1,0,4 - Very High,3,No,No,26.0,20.0,2,,Medium,05/13/2024
3367,26,Female,Sales,SAL-03,Account Executive,4,High School,8303,9377,48,388,1,1,0,4 - Very High,3,No,No,29.0,31.0,0,3.0,Low,12/27/2024
3368,25,Male,Engineering,ENG-02,Data Engineer,1,Master's,5743,6704,33,271,4,0,0,3 - High,3,No,Yes,2.0,31.0,4,1.0,High,2024-01-06
3369,21,Female,Engineering,ENG-02,Software Engineer,4,Bachelor's,9965,12872,56,456,0,0,0,2 - Medium,1,Yes,Yes,4.0,39.0,0,3.0,Medium,2024-08-07
3370,21,Female,Engineering,ENG-02,ML Engineer,5,Master's,15747,18645,92,728,1,1,1,3 - High,3,No,Yes,7.0,23.0,0,3.0,Medium,2024-03-10
3371,27,Male,Sales,SAL-03,Sales Rep,2,Master's,6392,7600,37,302,0,0,0,3 - High,1,No,No,7.0,27.0,3,2.0,Medium,2024-08-25
3372,29,Male,Engineering,ENG-02,Engineering Manager,2,Bachelor's,8010,8925,47,374,3,3,2,4 - Very High,3,No,No,1.0,22.0,3,3.0,Very High,2022-04-13
3373,36,Female,Operations,OPS-06,Operations Manager,2,Bachelor's,5091,6250,29,232,4,0,0,4 - Very High,4,No,No,13.0,29.0,1,3.0,Medium,2024-07-08
3374,38,Male,Human Resources,HR-01,Recruiter,1,Bachelor's,4140,5045,24,188,17,12,11,2 - Medium,2,No,No,5.0,18.0,0,2.0,High,08/07/2013
3375,50,Female,Human Resources,HR-01,HR Coordinator,1,Bachelor's,4861,6118,28,229,20,8,5,3 - High,4,No,No,5.0,15.0,0,4.0,Very High,2019-04-04
3376,31,Female,Sales,SAL-03,Business Development Rep,3,PhD,8264,9956,49,398,4,2,0,3 - High,3,No,No,7.0,27.0,0,1.0,Very High,06/09/2024
3377,27,Female,Sales,SAL-03,Sales Manager,1,High School,4518,5232,26,213,1,0,0,4 - Very High,4,No,No,9.0,21.0,2,5.0,Very High,2024-06-06
3378,33,Female,Sales,SAL-03,Regional Sales Lead,3,Bachelor's,7684,10219,44,361,3,2,0,2 - Medium,2,No,Yes,9.0,26.0,0,5.0,High,2024-11-23
3379,40,Male,Engineering,ENG-02,Senior Engineer,2,Master's,10114,13404,57,455,16,15,5,4 - Very High,3,No,No,8.0,28.0,3,4.0,Very High,2019-10-22
3380,32,Male,Human Resources,HR-01,Benefits Specialist,3,Master's,6053,7254,34,267,0,0,0,2 - Medium,2,No,Yes,8.0,11.0,3,1.0,Medium,2024-09-05
3381,21,Female,Engineering,ENG-02,DevOps Engineer,1,Bachelor's,6260,7864,36,290,2,2,0,3 - High,3,No,No,26.0,28.0,0,5.0,High,2024-04-07
3382,39,Male,Operations,OPS-06,Process Engineer,1,Master's,4986,6185,28,222,8,2,1,4 - Very High,4,No,No,4.0,27.0,2,4.0,High,05/14/2023
3383,36,Male,Sales,SAL-03,Account Executive,1,High School,4434,6003,26,211,3,1,0,3 - High,4,No,No,11.0,16.0,4,4.0,Very High,05/15/2024
3384,29,Female,Engineering,ENG-02,Senior Engineer,2,High School,6695,8857,38,307,4,3,3,3 - High,2,No,Yes,35.0,16.0,3,1.0,Low,07/23/2021
3385,49,Male,Sales,SAL-03,Senior Sales Rep,2,High School,7111,9867,40,322,22,11,7,4 - Very High,3,No,Yes,5.0,3.0,0,4.0,High,2017-09-02
3386,35,Male,Sales,SAL-03,Sales Manager,4,Bachelor's,9861,12404,58,472,2,0,0,4 - Very High,4,No,No,6.0,20.0,1,4.0,High,2024-08-17
3387,35,Female,Engineering,ENG-02,Senior Engineer,2,Bachelor's,8884,11142,50,404,18,4,2,2 - Medium,4,No,Yes,9.0,31.0,0,4.0,High,08/18/2022
3388,43,Male,Sales,SAL-03,Regional Sales Lead,3,Bachelor's,7835,9561,46,373,12,8,0,4 - Very High,3,No,No,3.0,38.0,0,4.0,Very High,2024-12-13
3389,35,Male,Finance,FIN-05,Senior Accountant,2,Bachelor's,6451,7376,37,293,4,1,0,2 - Medium,3,No,No,7.0,33.0,1,3.0,Very High,2024-05-03
3390,34,Male,Finance,FIN-05,Controller,3,Bachelor's,8543,10562,51,406,1,1,1,4 - Very High,3,No,No,7.0,41.0,3,3.0,High,2023-03-27
3391,36,Male,Operations,OPS-06,Process Engineer,1,Master's,4710,6249,27,218,10,0,0,2 - Medium,3,No,No,8.0,23.0,4,3.0,Medium,11/21/2024
3392,55,Male,Finance,FIN-05,Senior Accountant,2,High School,5518,6168,33,263,12,8,7,2 - Medium,4,No,No,7.0,24.0,3,3.0,Very High,04/20/2017
3393,34,Female,Marketing,MKT-04,Marketing Analyst,3,Bachelor's,8255,10798,46,367,10,1,1,2 - Medium,2,No,Yes,6.0,36.0,3,3.0,Very High,03/03/2023
3394,50,Female,Marketing,MKT-04,Content Strategist,1,Master's,5879,7962,34,278,13,1,1,4 - Very High,3,No,No,4.0,32.0,3,4.0,Very High,2023-02-16
3395,40,Female,Operations,OPS-06,Supply Chain Analyst,1,Bachelor's,4405,5051,25,204,7,6,2,4 - Very High,3,No,No,2.0,47.0,2,4.0,Very High,2022-03-08
3396,27,Male,Engineering,ENG-02,Staff Engineer,2,Master's,9563,10847,55,434,0,0,0,3 - High,4,Yes,No,4.0,13.0,1,3.0,Very High,05/12/2025
3397,40,Female,Sales,SAL-03,Sales Rep,1,High School,4689,5310,28,220,18,8,7,3 - High,2,No,Yes,3.0,24.0,0,4.0,Very High,2017-09-20
3398,23,Male,Sales,SAL-03,Sales Manager,3,High School,6666,7759,38,305,4,4,1,3 - High,1,No,No,1.0,24.0,0,4.0,Very High,2023-06-08
3399,21,Male,Marketing,MKT-04,Digital Marketing Lead,1,Bachelor's,5134,6471,30,236,2,2,2,2 - Medium,3,Yes,No,8.0,29.0,0,2.0,Medium,04/28/2023
3400,35,Male,Engineering,ENG-02,Backend Developer,1,Bachelor's,5585,6276,31,250,1,0,0,3 - High,4,No,No,11.0,23.0,1,2.0,High,2024-07-18
3401,39,Male,Marketing,MKT-04,Growth Analyst,1,Bachelor's,5246,6946,30,243,3,0,0,2 - Medium,4,No,No,17.0,14.0,0,3.0,High,07/26/2024
3402,34,Male,Sales,SAL-03,Sales Rep,1,Master's,4914,6376,28,228,4,3,2,3 - High,3,No,No,18.0,28.0,0,4.0,Very High,12/04/2022
3403,35,Male,Human Resources,HR-01,Recruiter,1,Bachelor's,4383,5429,26,205,20,20,13,4 - Very High,3,No,No,9.0,20.0,0,3.0,High,10/03/2011
3404,32,Female,Engineering,ENG-02,Software Engineer,4,Master's,10307,12907,58,465,8,4,4,4 - Very High,1,No,No,3.0,30.0,0,3.0,High,2020-02-03
3405,30,Female,Sales,SAL-03,Senior Sales Rep,5,High School,10583,12630,60,482,0,0,0,4 - Very High,4,No,No,8.0,12.0,0,3.0,High,08/29/2024
3406,25,Female,Sales,SAL-03,Senior Sales Rep,5,Bachelor's,11874,14115,69,551,1,1,1,2 - Medium,2,Yes,Yes,8.0,37.0,0,4.0,Very High,05/02/2023
3407,55,Female,Sales,SAL-03,Sales Rep,1,Bachelor's,5150,6514,30,240,18,1,0,4 - Very High,2,No,No,3.0,24.0,1,3.0,High,2024-01-02
3408,39,Male,Engineering,ENG-02,ML Engineer,3,Master's,12209,15516,71,557,6,5,3,2 - Medium,2,No,Yes,9.0,29.0,2,4.0,Medium,03/16/2021
3409,29,Female,Sales,SAL-03,Sales Manager,1,Master's,4868,5466,29,239,0,0,0,2 - Medium,3,No,Yes,4.0,11.0,2,,High,2024-05-18
3410,29,Male,Marketing,MKT-04,Content Strategist,2,Bachelor's,5426,6698,32,262,3,3,3,4 - Very High,4,No,No,9.0,14.0,0,3.0,Very High,04/15/2021
3411,42,Female,Human Resources,HR-01,HR Analyst,4,High School,8282,9785,46,362,8,5,5,3 - High,3,No,No,11.0,26.0,1,2.0,Medium,07/14/2019
3412,29,Male,Human Resources,HR-01,HR Director,1,Bachelor's,4523,5906,27,222,2,0,0,3 - High,4,No,Yes,8.0,28.0,0,3.0,High,2024-09-14
3413,34,Male,Marketing,MKT-04,Brand Manager,2,Bachelor's,6075,8178,36,287,2,1,0,3 - High,3,No,No,4.0,23.0,4,4.0,Very High,2024-01-23
3414,39,Female,Engineering,ENG-02,Backend Developer,3,High School,7440,9817,43,342,3,3,3,4 - Very High,4,No,No,4.0,10.0,4,3.0,High,05/22/2021
3415,25,Female,Sales,SAL-03,Sales Director,2,Bachelor's,7304,9986,42,335,5,0,0,4 - Very High,4,No,No,15.0,33.0,0,,Very High,2024-03-27
3416,33,Male,Finance,FIN-05,Finance Manager,1,Master's,6453,8039,37,300,4,4,1,2 - Medium,4,No,No,22.0,41.0,3,2.0,Very High,2023-07-06
3417,29,Male,Sales,SAL-03,Senior Sales Rep,2,Bachelor's,5911,7250,34,275,1,1,1,4 - Very High,3,No,No,2.0,21.0,2,4.0,High,2023-10-08
3418,25,Male,Human Resources,HR-01,HR Manager,4,Bachelor's,8472,11633,49,396,0,0,0,1 - Low,2,No,Yes,13.0,19.0,1,2.0,Medium,2024-12-01
3419,47,Male,Sales,SAL-03,Business Development Rep,2,Bachelor's,6956,8443,39,315,15,10,8,4 - Very High,3,No,No,11.0,21.0,2,5.0,Very High,2016-07-05
3420,29,Female,Engineering,ENG-02,DevOps Engineer,1,Bachelor's,6583,7515,38,298,1,1,0,3 - High,4,No,No,9.0,22.0,0,3.0,Medium,2024-01-07
3421,45,Female,Marketing,MKT-04,Marketing Manager,3,High School,8651,10447,49,388,11,4,0,3 - High,3,No,No,9.0,30.0,0,3.0,Very High,12/06/2024
3422,47,Female,Engineering,ENG-02,Staff Engineer,2,Bachelor's,9095,10720,54,426,17,11,0,3 - High,3,Yes,Yes,17.0,25.0,0,,High,2024-11-24
3423,24,Male,Operations,OPS-06,Logistics Coordinator,1,Bachelor's,4057,5033,24,192,5,2,2,2 - Medium,3,Yes,No,13.0,27.0,1,2.0,High,01/31/2022
3424,27,Male,Engineering,ENG-02,Backend Developer,1,Master's,6684,8323,38,304,0,0,0,3 - High,4,No,No,4.0,7.0,0,3.0,Very High,2024-06-06
3425,27,Male,Sales,SAL-03,Senior Sales Rep,3,Bachelor's,6857,9143,40,315,1,1,1,4 - Very High,4,No,No,11.0,35.0,1,4.0,High,06/23/2023
3426,34,Male,Engineering,ENG-02,DevOps Engineer,1,Master's,5973,8235,34,278,4,2,2,3 - High,2,No,No,,34.0,0,4.0,Very High,2022-12-03
3427,23,Male,Engineering,ENG-02,Engineering Manager,3,High School,7899,8946,47,376,1,1,1,4 - Very High,4,Yes,No,,38.0,2,2.0,Very High,11/11/2023
3428,34,Female,Marketing,MKT-04,Marketing Analyst,3,Bachelor's,6060,7947,35,281,0,0,0,3 - High,3,Yes,No,9.0,28.0,1,2.0,Very High,2024-08-05
3429,31,Male,Sales,SAL-03,Account Executive,3,High School,7855,10543,46,366,0,0,0,4 - Very High,4,No,No,5.0,20.0,0,3.0,High,2024-07-25
3430,55,Male,Finance,FIN-05,Finance Manager,2,Master's,7391,8514,42,345,26,25,8,3 - High,4,Yes,No,21.0,19.0,1,,High,2016-06-14
3431,29,Female,Engineering,ENG-02,Staff Engineer,4,Bachelor's,11975,13981,71,582,2,0,0,3 - High,3,No,No,17.0,25.0,2,3.0,Medium,08/12/2024
3432,43,Female,Operations,OPS-06,Facilities Manager,2,Bachelor's,5729,6704,32,263,11,4,3,3 - High,3,No,No,8.0,27.0,0,4.0,Very High,2021-10-09
3433,27,Female,Operations,OPS-06,Process Engineer,4,Master's,9568,12091,56,443,0,0,0,3 - High,3,No,No,3.0,29.0,0,3.0,Very High,2025-02-26
3434,31,Male,Finance,FIN-05,Financial Analyst,3,Master's,7689,9577,45,368,3,1,1,2 - Medium,2,No,Yes,9.0,17.0,0,5.0,High,2023-04-04
3435,21,Female,Operations,OPS-06,Logistics Coordinator,2,Master's,4715,6552,27,221,1,1,0,2 - Medium,2,Yes,No,3.0,32.0,0,1.0,Very High,2024-02-12
3436,27,Male,Engineering,ENG-02,QA Engineer,1,Master's,6092,8188,36,290,0,0,0,3 - High,2,No,No,12.0,31.0,0,4.0,Very High,2024-06-06
3437,34,Female,Marketing,MKT-04,Growth Analyst,1,Bachelor's,5491,7305,32,255,5,5,4,3 - High,4,No,No,2.0,21.0,0,3.0,Very high,2020-05-21
3438,40,Female,Marketing,MKT-04,Marketing Manager,2,High School,6981,9373,39,321,13,11,5,3 - High,2,No,Yes,7.0,21.0,0,2.0,Medium,2019-03-10
3439,32,Male,Operations,OPS-06,Facilities Manager,1,Master's,4603,5907,26,207,6,0,0,4 - Very High,4,No,No,8.0,23.0,0,3.0,High,04/15/2024
3440,22,Male,Marketing,MKT-04,Content Strategist,1,Master's,5769,7260,33,267,7,2,0,3 - High,3,No,Yes,8.0,28.0,0,4.0,High,2024-03-29
3441,32,Male,Sales,SAL-03,Account Executive,1,High School,5907,7160,34,278,12,0,0,4 - Very High,3,No,No,3.0,20.0,1,4.0,Very High,06/04/2024
3442,21,Female,Engineering,ENG-02,Frontend Developer,3,Bachelor's,7047,8207,40,321,1,1,1,3 - High,4,No,No,4.0,37.0,0,3.0,Medium,2023-08-25
3443,29,Male,Engineering,ENG-02,Engineering Manager,4,Master's,10809,12554,62,488,2,2,0,4 - Very High,4,No,Yes,10.0,18.0,3,4.0,High,05/07/2024
3444,25,Female,Finance,FIN-05,Controller,2,Bachelor's,6589,7824,38,302,5,1,1,4 - Very High,3,No,No,6.0,14.0,0,3.0,High,2023-06-10
3445,46,Female,Marketing,MKT-04,Marketing Manager,1,Bachelor's,6477,8164,37,303,14,7,0,3 - High,3,No,no,14.0,12.0,3,3.0,High,08/18/2024
3446,31,Male,Sales,SAL-03,Sales Manager,1,Bachelor's,5389,7253,32,255,2,2,1,4 - Very High,4,No,Yes,4.0,15.0,1,4.0,High,2023-09-28
3447,49,Male,Sales,SAL-03,Business Development Rep,2,Bachelor's,6977,9322,41,334,20,1,1,3 - High,2,Yes,Yes,4.0,27.0,0,3.0,Medium,10/06/2023
3448,44,Female,Operations,OPS-06,Process Engineer,4,Master's,8838,11347,50,402,13,0,0,4 - Very High,3,No,No,12.0,32.0,3,5.0,Very High,06/07/2024
3449,26,Female,Engineering,ENG-02,ML Engineer,5,Bachelor's,17038,19685,96,781,8,0,0,3 - High,2,No,No,3.0,41.0,0,4.0,Very High,2024-09-30
3450,48,Male,Finance,FIN-05,Controller,4,PhD,14179,18343,84,675,16,9,9,3 - High,3,Yes,No,11.0,20.0,2,4.0,Very High,2015-01-05
3451,42,Male,Sales,SAL-03,Business Development Rep,4,Master's,10774,12664,63,502,12,5,2,3 - High,2,No,No,4.0,21.0,1,4.0,Very High,2022-10-05
3452,23,Female,Marketing,MKT-04,Digital Marketing Lead,2,High School,6067,7232,35,282,3,0,0,2 - Medium,4,No,No,7.0,32.0,0,3.0,Very High,2024-04-02
3453,36,Non-Binary,Marketing,MKT-04,SEO Specialist,3,Bachelor's,6789,8421,39,311,0,0,0,4 - Very High,2,No,Yes,17.0,27.0,2,3.0,Medium,2024-08-15
3454,39,Female,Finance,FIN-05,Controller,1,Bachelor's,5528,7396,31,250,3,3,1,4 - Very High,3,No,Yes,1.0,19.0,2,2.0,Medium,2023-04-07
3455,32,Female,Operations,OPS-06,Supply Chain Analyst,2,PhD,6332,7767,35,282,8,2,1,3 - High,4,No,No,6.0,31.0,0,4.0,Very High,2023-01-29
3456,29,Male,Operations,OPS-06,Supply Chain Analyst,4,Bachelor's,7731,8818,44,351,1,0,0,2 - Medium,2,No,No,7.0,43.0,0,,Very High,2024-02-20
3457,35,Male,Marketing,MKT-04,Marketing Analyst,3,Master's,6674,7522,38,299,6,3,0,2 - Medium,2,No,Yes,12.0,27.0,0,3.0,Medium,03/28/2024
3458,58,Female,Sales,SAL-03,Sales Rep,2,Bachelor's,5940,7916,35,275,27,27,13,3 - High,4,No,No,5.0,51.0,1,4.0,Very High,2011-05-22
3459,21,Female,Engineering,ENG-02,Staff Engineer,4,Bachelor's,13375,17713,76,616,0,0,0,4 - Very High,3,No,No,11.0,32.0,2,,Medium,2025-04-01
3460,60,Male,Marketing,MKT-04,Brand Manager,1,Bachelor's,5334,7315,30,245,30,2,2,2 - Medium,4,No,No,6.0,30.0,0,3.0,Very High,09/09/2022
3461,43,Female,Sales,SAL-03,Sales Manager,1,High School,4861,5724,28,230,13,12,7,3 - High,3,No,No,7.0,27.0,1,1.0,Medium,2017-10-02
3462,43,Female,Engineering,ENG-02,ML Engineer,5,Master's,20054,26996,117,954,22,19,17,3 - High,4,No,No,7.0,42.0,0,4.0,Very High,2007-12-03
3463,41,Non-Binary,Finance,FIN-05,Financial Analyst,3,Master's,7340,9902,41,334,4,4,4,3 - High,3,No,Yes,3.0,39.0,3,4.0,Very High,2020-06-24
3464,21,Female,Sales,SAL-03,Sales Rep,3,Master's,6515,7474,37,290,1,1,0,3 - High,4,No,No,14.0,30.0,2,3.0,High,2024-06-17
3465,23,Male,Operations,OPS-06,Supply Chain Analyst,1,Master's,5507,6603,31,254,6,2,1,4 - Very High,4,No,No,13.0,26.0,0,4.0,Very High,2023-02-22
3466,38,Female,Sales,SAL-03,Business Development Rep,2,Bachelor's,6473,8737,38,307,9,5,5,3 - High,2,No,No,5.0,33.0,0,4.0,High,2019-12-16
3467,32,Male,Sales,SAL-03,Account Executive,5,Master's,15959,19409,93,744,12,11,9,2 - Medium,3,No,Yes,8.0,25.0,0,4.0,High,2015-10-06
3468,37,Male,Finance,FIN-05,Senior Accountant,1,Bachelor's,4720,6057,27,216,8,1,1,3 - High,3,No,No,17.0,23.0,2,,Medium,2023-11-11
3469,23,Female,Finance,FIN-05,Financial Analyst,2,High School,5667,6665,32,263,2,0,0,4 - Very High,4,No,No,12.0,15.0,0,3.0,Medium,03/07/2024
3470,29,Female,Engineering,ENG-02,Senior Engineer,3,Bachelor's,9206,11100,53,417,1,1,1,4 - Very High,2,No,No,4.0,14.0,0,4.0,Very High,08/23/2023
3471,22,Female,Marketing,MKT-04,Marketing Analyst,2,Master's,5344,7066,32,261,2,1,1,2 - Medium,3,No,No,12.0,15.0,0,1.0,High,2023-12-24
3472,40,Male,Human Resources,HR-01,Benefits Specialist,1,Bachelor's,4381,4884,25,204,10,5,3,4 - Very High,3,No,No,13.0,28.0,0,4.0,Very high,07/30/2021
3473,33,Female,Operations,OPS-06,Supply Chain Analyst,2,High School,4887,5956,28,226,4,0,0,2 - Medium,4,Yes,No,16.0,33.0,0,2.0,High,2024-11-19
3474,37,Male,Operations,OPS-06,Logistics Coordinator,3,High School,5928,7674,34,279,12,0,0,2 - Medium,2,No,No,9.0,19.0,0,,Very High,2024-12-05
3475,33,Female,Sales,SAL-03,Senior Sales Rep,4,Bachelor's,10332,12939,60,486,6,1,0,4 - Very High,3,Yes,Yes,4.0,48.0,1,4.0,Medium,2024-01-20
3476,34,Female,Marketing,MKT-04,Marketing Manager,2,High School,5551,7607,32,252,2,2,1,2 - Medium,2,No,Yes,4.0,27.0,3,3.0,Medium,2023-08-10
3477,29,Male,Finance,FIN-05,Financial Analyst,3,Master's,8753,10298,51,411,5,3,1,4 - Very High,4,No,No,5.0,34.0,1,5.0,Very High,01/03/2023
3478,37,Female,Engineering,ENG-02,DevOps Engineer,1,High School,5843,8034,33,267,0,0,0,3 - High,2,No,No,8.0,26.0,1,,Very High,11/17/2024
3479,31,Female,Finance,FIN-05,Financial Analyst,3,Bachelor's,8904,11484,50,396,8,1,1,4 - Very High,4,No,No,13.0,32.0,0,4.0,Very High,2023-09-17
3480,31,Female,Engineering,ENG-02,Engineering Manager,3,Bachelor's,9827,12443,57,450,2,0,0,3 - High,4,No,No,12.0,29.0,0,3.0,Medium,2024-09-28
3481,31,Female,Sales,SAL-03,Regional Sales Lead,2,Master's,7340,9033,43,344,4,0,0,4 - Very High,3,No,No,6.0,22.0,0,1.0,High,05/26/2024
3482,21,Female,Marketing,MKT-04,Marketing Analyst,2,High School,5348,7023,30,239,6,6,6,4 - Very High,4,No,No,13.0,9.0,0,,Very High,02/25/2018
3483,32,Non-Binary,Operations,OPS-06,Operations Manager,2,Bachelor's,6509,8806,38,308,4,1,1,3 - High,2,No,No,25.0,30.0,0,3.0,High,09/03/2023
3484,21,Male,Sales,SAL-03,Sales Director,3,Bachelor's,8868,10673,50,411,0,0,0,3 - High,4,No,No,6.0,10.0,2,4.0,Very High,11/01/2024
3485,41,Male,Human Resources,HR-01,HR Director,3,High School,7312,9701,42,332,11,0,0,3 - High,3,No,No,6.0,41.0,2,2.0,High,2024-03-06
3486,40,Male,Sales,SAL-03,Regional Sales Lead,2,Bachelor's,7450,9077,42,342,16,5,5,2 - Medium,2,No,No,6.0,11.0,2,5.0,Very High,2019-06-24
3487,24,Male,Sales,SAL-03,Sales Rep,1,High School,4567,5369,27,212,2,1,0,3 - High,4,No,No,6.0,20.0,0,5.0,High,01/02/2024
3488,27,Male,Engineering,ENG-02,Frontend Developer,4,Master's,9919,11254,58,474,1,1,1,4 - Very High,4,No,No,15.0,21.0,0,,Very High,2023-07-24
3489,47,Male,Sales,SAL-03,Sales Manager,3,Master's,9715,12609,55,433,20,6,0,3 - High,2,No,No,12.0,16.0,0,2.0,High,2024-12-23
3490,34,Female,Human Resources,HR-01,Benefits Specialist,2,Master's,6340,7207,37,295,6,0,0,4 - Very High,4,No,No,8.0,4.0,2,4.0,Very High,2024-07-30
3491,25,Male,Sales,SAL-03,Regional Sales Lead,2,Master's,6173,8241,35,276,1,0,0,3 - High,4,No,No,6.0,26.0,2,1.0,High,2024-01-28
3492,42,Female,Finance,FIN-05,Controller,1,Master's,6111,7456,35,274,5,0,0,3 - High,3,No,No,7.0,52.0,2,3.0,Very High,2024-04-02
3493,32,Female,Operations,OPS-06,Facilities Manager,1,Bachelor's,4750,5780,28,226,5,2,1,3 - High,4,No,No,5.0,40.0,0,,Medium,2023-03-16
3494,46,Male,Operations,OPS-06,Facilities Manager,3,PhD,8867,10356,50,406,7,2,0,2 - Medium,3,No,No,7.0,32.0,3,3.0,Medium,03/19/2024
3495,26,Female,Sales,SAL-03,Sales Director,4,Bachelor's,9864,11672,57,454,5,1,0,2 - Medium,2,No,No,10.0,26.0,2,2.0,High,2024-11-19
3496,23,Female,Sales,SAL-03,Sales Manager,1,Master's,5792,7126,34,277,0,0,0,3 - High,1,No,No,10.0,30.0,0,3.0,Very High,11/16/2024
3497,40,Female,Engineering,ENG-02,Data Engineer,3,Bachelor's,9082,10243,52,408,7,6,4,3 - High,4,No,Yes,10.0,31.0,0,4.0,Medium,2020-02-15
3498,38,Male,Sales,SAL-03,Senior Sales Rep,2,Bachelor's,6198,7511,35,282,3,1,0,3 - High,3,No,No,18.0,14.0,1,3.0,Very High,2024-04-04
3499,45,Male,Finance,FIN-05,Finance Manager,3,Master's,10008,11267,57,464,16,5,1,3 - High,2,No,Yes,9.0,34.0,0,4.0,High,2023-03-14
3500,32,Female,Sales,SAL-03,Sales Director,4,Bachelor's,9744,12774,56,440,3,0,0,3 - High,3,Yes,No,7.0,25.0,5,3.0,Very High,2024-06-01
3501,35,Female,Human Resources,HR-01,HR Analyst,2,Master's,5898,6919,34,270,5,1,0,4 - Very High,3,No,No,4.0,29.0,0,4.0,Very High,2024-07-25
3502,34,Female,Sales,SAL-03,Sales Director,3,Master's,7912,10619,45,355,0,0,0,3 - High,3,No,No,4.0,39.0,1,1.0,Very High,2025-03-29
3503,28,Male,Engineering,ENG-02,Backend Developer,3,Bachelor's,8847,10123,51,413,1,1,0,4 - Very High,4,No,No,3.0,25.0,1,5.0,Very High,2024-06-01
3504,37,Male,Finance,FIN-05,Controller,1,Bachelor's,6503,8155,38,300,8,2,2,3 - High,4,No,No,14.0,30.0,0,3.0,Medium,04/11/2022
3505,27,Male,Operations,OPS-06,Operations Analyst,1,Bachelor's,4891,6548,28,226,5,0,0,4 - Very High,4,Yes,No,15.0,33.0,2,4.0,High,2024-02-21
3506,27,Male,Finance,FIN-05,Financial Analyst,1,Bachelor's,5683,7545,33,265,9,1,0,3 - High,1,No,No,28.0,36.0,0,2.0,Low,2024-06-05
3507,32,Female,Sales,SAL-03,Senior Sales Rep,1,Master's,5084,6394,30,245,0,0,0,4 - Very High,4,No,No,6.0,25.0,3,3.0,Very High,2024-11-27
3508,38,Male,Marketing,MKT-04,Content Strategist,2,Master's,6148,7595,36,285,4,4,0,2 - Medium,3,No,No,21.0,34.0,1,1.0,High,2024-11-20
3509,58,Male,Sales,SAL-03,Sales Rep,3,High School,7025,8504,40,329,26,14,2,3 - High,2,No,No,18.0,25.0,1,3.0,Medium,2022-09-26
3510,32,Non-Binary,Sales,SAL-03,Sales Rep,1,High School,4306,5431,25,198,3,2,1,4 - Very High,3,No,No,10.0,26.0,1,4.0,High,2023-02-20
3511,36,Male,Marketing,MKT-04,Content Strategist,4,Bachelor's,8491,11601,50,409,7,2,0,3 - High,4,No,No,18.0,44.0,0,,Very High,2024-02-24
3512,31,Female,Marketing,MKT-04,Digital Marketing Lead,1,Bachelor's,5714,7847,32,261,10,0,0,4 - Very High,4,Yes,No,5.0,29.0,0,4.0,Very High,2024-05-08
3513,40,Female,Finance,FIN-05,Controller,5,Master's,12542,15914,74,582,7,5,1,4 - Very High,3,No,No,10.0,41.0,0,4.0,Very High,2023-03-11
3514,40,Male,Engineering,ENG-02,QA Engineer,3,Bachelor's,7166,9468,42,338,4,2,1,3 - High,3,Yes,Yes,5.0,20.0,4,3.0,Medium,11/16/2023
3515,29,Female,Finance,FIN-05,Financial Analyst,3,Bachelor's,6683,8797,38,300,5,1,1,4 - Very High,3,No,Yes,5.0,19.0,1,3.0,High,10/20/2023
3516,28,Male,Marketing,MKT-04,Growth Analyst,3,Master's,6954,9561,40,315,1,1,0,4 - Very High,3,No,No,5.0,29.0,1,5.0,Very High,10/20/2024
3517,45,Male,Engineering,ENG-02,Backend Developer,2,Bachelor's,6954,9387,40,320,7,7,2,4 - Very High,3,No,No,2.0,7.0,8,3.0,High,2022-08-19
3518,33,Male,Operations,OPS-06,Facilities Manager,1,High School,4312,5437,25,204,1,1,1,3 - High,3,No,No,9.0,20.0,3,1.0,High,2024-02-13
3519,35,Female,Sales,SAL-03,Regional Sales Lead,3,Bachelor's,8057,9099,47,377,5,1,1,3 - High,2,No,No,15.0,32.0,0,2.0,High,02/08/2023
3520,33,Female,Operations,OPS-06,Logistics Coordinator,1,High School,3947,5231,22,181,3,3,2,4 - Very High,3,No,No,5.0,17.0,2,3.0,High,2022-12-18
3521,23,Male,Marketing,MKT-04,Brand Manager,1,Bachelor's,5117,6888,30,239,0,0,0,4 - Very High,3,No,No,13.0,29.0,2,4.0,Very High,2024-04-11
3522,23,Female,Finance,FIN-05,Financial Analyst,3,Bachelor's,8015,9899,46,373,0,0,0,2 - Medium,2,No,No,3.0,9.0,1,4.0,Very High,2024-10-31
3523,21,Female,Engineering,ENG-02,ML Engineer,3,Master's,11055,13914,65,519,4,3,0,4 - Very High,3,No,Yes,6.0,36.0,0,5.0,Medium,06/12/2024
3524,34,Non-Binary,Human Resources,HR-01,HR Manager,2,PhD,7737,10237,45,361,7,7,5,4 - Very High,3,No,Yes,6.0,24.0,0,4.0,Medium,2019-11-29
3525,29,Male,Operations,OPS-06,Logistics Coordinator,3,Bachelor's,5338,7416,31,247,0,0,0,3 - High,3,No,No,6.0,20.0,0,4.0,Very High,2024-04-18
3526,34,Male,Engineering,ENG-02,DevOps Engineer,2,High School,7521,9227,42,334,3,0,0,4 - Very High,4,No,No,20.0,33.0,1,4.0,Very High,09/19/2024
3527,35,Female,Sales,SAL-03,Sales Director,3,Bachelor's,8023,10993,48,385,5,3,1,4 - Very High,3,No,No,6.0,27.0,2,4.0,Very High,2023-08-27
3528,26,Female,Marketing,MKT-04,Marketing Analyst,3,Bachelor's,5907,7361,33,267,2,0,0,4 - Very High,4,No,No,6.0,30.0,0,4.0,Very High,2024-08-13
3529,34,Male,Marketing,MKT-04,Digital Marketing Lead,1,High School,4684,6303,27,214,7,4,2,3 - High,3,No,No,19.0,38.0,1,2.0,Medium,11/28/2022
3530,37,Male,Engineering,ENG-02,Data Engineer,1,Bachelor's,6173,7498,36,283,3,3,3,2 - Medium,4,No,Yes,17.0,12.0,3,4.0,High,2021-11-23
3531,23,Male,Operations,OPS-06,Logistics Coordinator,1,High School,3748,4988,21,170,0,0,0,3 - High,2,No,No,6.0,28.0,0,4.0,Very High,07/07/2024
3532,27,Female,Marketing,MKT-04,Digital Marketing Lead,5,Bachelor's,11574,13552,65,531,0,0,0,4 - Very High,4,No,No,8.0,47.0,1,3.0,High,2024-12-01
3533,45,Male,Operations,OPS-06,Facilities Manager,3,Master's,8322,10677,48,391,9,5,4,4 - Very High,4,No,No,7.0,21.0,3,5.0,Very High,2020-05-30
3534,23,Male,Sales,SAL-03,Business Development Rep,2,PhD,7625,8512,44,350,4,4,2,3 - High,2,No,No,14.0,11.0,3,5.0,Very High,2022-10-26
3535,28,Female,Sales,SAL-03,Senior Sales Rep,3,Bachelor's,8430,10557,48,383,3,0,0,4 - Very High,4,No,No,3.0,15.0,1,3.0,Very High,2024-10-08
3536,34,Female,Finance,FIN-05,Controller,3,Master's,9029,11403,53,418,4,2,2,4 - Very High,3,No,Yes,11.0,14.0,0,4.0,Very High,09/16/2022
3537,36,Female,Finance,FIN-05,Senior Accountant,1,Bachelor's,5303,7292,31,248,4,3,1,4 - Very High,4,No,No,7.0,19.0,3,4.0,Very High,11/02/2023
3538,35,Male,Engineering,ENG-02,ML Engineer,2,Bachelor's,7185,9329,40,318,1,1,1,3 - High,4,No,No,13.0,30.0,3,4.0,Very High,2023-12-02
3539,51,Male,Operations,OPS-06,Logistics Coordinator,3,Master's,6564,8164,39,319,16,8,6,4 - Very High,4,No,No,10.0,19.0,3,3.0,Medium,09/28/2018
3540,36,Male,Sales,SAL-03,Sales Rep,1,Master's,5865,7654,34,271,8,3,2,4 - Very High,4,No,No,6.0,49.0,0,3.0,Very High,12/22/2022
3541,40,Female,Marketing,MKT-04,SEO Specialist,3,PhD,7599,9049,43,342,5,2,1,3 - High,4,No,No,7.0,28.0,2,2.0,High,01/12/2023
3542,39,Female,Sales,SAL-03,Sales Manager,2,Master's,8639,11717,51,411,15,6,2,3 - High,3,No,No,22.0,18.0,2,2.0,Medium,2022-01-08
3543,37,Male,Operations,OPS-06,Operations Manager,5,Bachelor's,14296,17807,81,654,15,1,1,2 - Medium,3,No,No,2.0,32.0,5,4.0,High,2023-01-06
3544,21,Male,Engineering,ENG-02,ML Engineer,4,Master's,13393,17412,77,616,4,1,1,4 - Very High,4,No,No,9.0,31.0,3,4.0,Very High,2023-03-15
3545,40,Male,Finance,FIN-05,Financial Analyst,1,Bachelor's,4935,6070,29,228,9,8,0,2 - Medium,1,No,Yes,6.0,20.0,1,3.0,High,2024-01-05
3546,45,Female,Marketing,MKT-04,Growth Analyst,4,High School,10240,12913,60,486,20,16,14,4 - Very High,4,No,No,7.0,28.0,1,2.0,Medium,2010-01-09
3547,35,Female,Finance,FIN-05,Controller,4,Bachelor's,10769,13536,61,482,5,1,1,3 - High,2,Yes,Yes,5.0,32.0,0,2.0,Very High,2023-03-01
3548,30,Male,Finance,FIN-05,Controller,3,Bachelor's,8315,9780,47,369,0,0,0,4 - Very High,3,No,No,6.0,10.0,2,3.0,Very High,2024-05-15
3549,40,Male,Sales,SAL-03,Business Development Rep,4,Bachelor's,10618,14349,60,480,9,6,2,4 - Very High,3,No,Yes,9.0,29.0,2,3.0,High,09/01/2022
3550,37,Male,Operations,OPS-06,Supply Chain Analyst,1,Bachelor's,5097,6343,30,247,6,6,1,3 - High,3,No,No,22.0,13.0,0,3.0,High,09/24/2023
3551,30,Male,Engineering,ENG-02,DevOps Engineer,5,Bachelor's,13584,15385,80,652,2,2,1,2 - Medium,3,Yes,No,8.0,24.0,1,,Very High,01/29/2023
3552,36,Female,Sales,SAL-03,Regional Sales Lead,5,Master's,13654,15399,77,621,0,0,0,4 - Very High,3,No,Yes,5.0,25.0,3,5.0,High,02/20/2025
3553,26,Male,Engineering,ENG-02,Backend Developer,1,Master's,6525,8828,37,292,0,0,0,4 - Very High,4,No,No,8.0,8.0,0,3.0,Very High,12/16/2024
3554,21,Female,Operations,OPS-06,Facilities Manager,1,Bachelor's,4016,5423,23,183,1,1,1,2 - Medium,3,No,No,20.0,34.0,0,3.0,Very High,01/21/2024
3555,33,Male,Engineering,ENG-02,Staff Engineer,2,Master's,7135,8894,42,339,0,0,0,2 - Medium,2,Yes,Yes,20.0,38.0,4,4.0,Very High,05/06/2024
3556,36,Male,Marketing,MKT-04,Marketing Analyst,3,Bachelor's,7706,9645,46,372,8,7,6,1 - Low,3,No,No,4.0,,1,1.0,High,10/25/2018
3557,56,Male,Engineering,ENG-02,ML Engineer,2,Bachelor's,7765,8827,46,373,22,9,9,4 - Very High,4,No,No,4.0,34.0,2,4.0,High,11/05/2015
3558,36,Female,Finance,FIN-05,Auditor,2,Bachelor's,7276,9933,41,324,13,3,1,3 - High,4,No,No,4.0,16.0,1,4.0,Very High,03/29/2023
3559,37,Female,Operations,OPS-06,Logistics Coordinator,3,Bachelor's,6683,8792,38,304,3,1,1,3 - High,4,No,No,13.0,31.0,2,4.0,High,09/07/2023
3560,24,Female,Engineering,ENG-02,Engineering Manager,1,High School,5341,7157,31,244,0,0,0,4 - Very High,1,No,No,8.0,22.0,0,3.0,Very High,2024-05-06
3561,43,Male,Engineering,ENG-02,Engineering Manager,3,PhD,11776,13103,68,543,16,10,10,4 - Very High,4,No,No,5.0,31.0,0,3.0,High,01/06/2014
3562,21,Female,Engineering,ENG-02,Data Engineer,1,Master's,5808,7670,34,272,0,0,0,3 - High,3,No,Yes,4.0,21.0,0,3.0,High,2025-02-19
3563,38,Female,Operations,OPS-06,Logistics Coordinator,3,Bachelor's,7179,8490,42,343,14,10,7,4 - Very High,2,No,No,4.0,20.0,0,4.0,Very High,2017-04-30
3564,46,Female,Operations,OPS-06,Operations Analyst,3,Master's,7273,8352,43,349,14,6,5,4 - Very High,4,No,No,13.0,39.0,0,4.0,Very High,02/11/2019
3565,37,Female,Operations,OPS-06,Process Engineer,3,Bachelor's,6399,8421,38,299,3,1,1,4 - Very High,3,No,No,7.0,29.0,2,4.0,Very High,2023-08-27
3566,42,Female,Marketing,MKT-04,Brand Manager,4,High School,10849,13388,62,500,13,4,3,4 - Very High,3,No,No,,29.0,2,4.0,Very High,02/09/2021
3567,33,Male,Operations,OPS-06,Operations Analyst,3,High School,5355,6583,32,261,1,1,1,2 - Medium,2,No,No,15.0,27.0,2,3.0,High,2023-11-24
3568,35,Male,Sales,SAL-03,Business Development Rep,3,High School,6604,8449,37,291,0,0,0,4 - Very High,4,No,No,9.0,18.0,2,3.0,High,2024-11-20
3569,39,Male,Operations,OPS-06,Supply Chain Analyst,3,Master's,8690,10202,49,402,18,11,10,2 - Medium,2,No,Yes,8.0,34.0,0,4.0,Medium,2014-08-28
3570,38,Male,Operations,OPS-06,Logistics Coordinator,2,Master's,5275,6732,30,235,1,1,1,3 - High,2,No,Yes,5.0,14.0,2,,Medium,2023-01-29
3571,33,Male,Marketing,MKT-04,Marketing Manager,4,Master's,11005,14425,63,508,10,9,4,3 - High,4,No,No,15.0,24.0,0,5.0,Very High,2020-07-12
3572,54,Female,Engineering,ENG-02,Staff Engineer,4,High School,12988,16093,73,594,29,23,18,2 - Medium,4,No,No,12.0,20.0,0,3.0,High,11/14/2006
3573,41,Male,Engineering,ENG-02,Software Engineer,1,Master's,7136,8444,42,331,11,1,0,3 - High,3,No,No,10.0,22.0,3,,Medium,09/03/2024
3574,29,Female,Sales,SAL-03,Sales Rep,4,Master's,8360,10828,48,390,2,2,1,2 - Medium,4,No,No,9.0,16.0,0,2.0,High,07/06/2023
3575,34,Male,Engineering,ENG-02,Data Engineer,2,Bachelor's,6864,7735,39,319,6,3,0,3 - High,3,Yes,Yes,13.0,33.0,0,3.0,Medium,01/03/2024
3576,24,Female,Finance,FIN-05,Senior Accountant,1,Bachelor's,4925,5740,29,231,5,0,0,2 - Medium,3,No,No,8.0,34.0,0,2.0,High,2024-08-21
3577,27,Female,Marketing,MKT-04,Growth Analyst,1,Bachelor's,4551,5245,27,218,2,1,0,4 - Very High,4,No,No,16.0,12.0,0,4.0,Very High,2024-05-06
3578,33,Male,Sales,SAL-03,Account Executive,1,Bachelor's,5483,6743,31,245,16,5,5,3 - High,4,Yes,Yes,12.0,27.0,0,4.0,Medium,2019-06-16
3579,44,Female,Sales,SAL-03,Sales Director,4,Master's,12187,13755,72,586,13,6,5,2 - Medium,3,Yes,No,10.0,22.0,2,3.0,High,05/01/2019
3580,22,Male,Operations,OPS-06,Facilities Manager,1,Master's,5167,6092,31,246,0,0,0,3 - High,3,No,No,14.0,20.0,2,4.0,Very High,07/24/2024
3581,46,Male,Finance,FIN-05,Finance Manager,3,Bachelor's,9007,11709,51,408,15,1,1,3 - High,3,No,No,5.0,24.0,0,2.0,High,2023-04-07
3582,25,Female,Engineering,ENG-02,QA Engineer,2,Bachelor's,5943,6926,35,285,4,0,0,4 - Very High,3,No,No,8.0,32.0,0,2.0,High,10/26/2024
3583,35,Female,Marketing,MKT-04,Marketing Manager,1,Bachelor's,5629,7054,32,263,7,4,0,2 - Medium,3,No,Yes,24.0,33.0,0,4.0,High,2024-01-18
3584,45,Female,Finance,FIN-05,Finance Manager,2,Bachelor's,7666,10368,44,360,7,2,0,3 - High,4,No,No,2.0,24.0,3,3.0,High,2024-07-14
3585,36,Female,Sales,SAL-03,Business Development Rep,3,High School,6896,8998,40,319,3,3,2,2 - Medium,3,No,Yes,5.0,19.0,0,2.0,Low,12/29/2022
3586,23,Male,Engineering,ENG-02,Engineering Manager,1,Bachelor's,6099,7616,35,282,0,0,0,3 - High,3,No,No,6.0,27.0,1,3.0,Very High,2025-04-03
3587,53,Male,Sales,SAL-03,Account Executive,3,PhD,11679,13320,68,549,21,3,3,4 - Very High,3,No,No,5.0,30.0,0,5.0,Very High,02/16/2021
3588,24,Male,Finance,FIN-05,Financial Analyst,1,Master's,5085,6917,28,223,1,0,0,4 - Very High,4,No,No,10.0,24.0,0,5.0,Very High,2024-02-01
3589,27,Female,Human Resources,HR-01,Recruiter,1,Master's,4145,5553,24,193,7,7,4,3 - High,3,No,No,8.0,24.0,0,2.0,Very High,2020-07-09
3590,24,Female,Sales,SAL-03,Business Development Rep,1,Master's,4899,6788,28,221,0,0,0,4 - Very High,4,No,No,10.0,28.0,0,3.0,Very High,2024-03-21
3591,44,Male,Operations,OPS-06,Process Engineer,1,Bachelor's,5853,7742,34,274,17,15,14,3 - High,2,No,No,10.0,32.0,0,4.0,Very High,08/19/2010
3592,37,Female,Operations,OPS-06,Logistics Coordinator,1,High School,3481,4789,20,158,8,7,0,4 - Very High,3,No,No,24.0,35.0,5,3.0,Medium,04/09/2024
3593,25,Male,Engineering,ENG-02,ML Engineer,4,Bachelor's,10183,11763,60,493,2,0,0,3 - High,3,No,No,5.0,41.0,1,3.0,High,01/29/2024
3594,25,Male,Sales,SAL-03,Regional Sales Lead,3,Master's,8871,10779,51,409,4,0,0,4 - Very High,4,No,No,8.0,20.0,2,,Very High,2024-01-22
3595,24,Male,Operations,OPS-06,Facilities Manager,5,Bachelor's,11710,13040,69,558,4,3,3,2 - Medium,4,Yes,Yes,6.0,20.0,0,5.0,High,2021-12-16
3596,33,Female,Operations,OPS-06,Operations Manager,2,Bachelor's,5334,7230,32,252,3,2,0,4 - Very High,3,No,No,3.0,23.0,0,4.0,Very High,2024-09-14
3597,39,Male,Operations,OPS-06,Logistics Coordinator,3,Master's,6280,8074,36,291,8,2,0,3 - High,4,No,No,5.0,16.0,3,4.0,Very High,2024-03-08
3598,60,Male,Engineering,ENG-02,Software Engineer,4,Bachelor's,10285,13775,61,479,29,5,5,4 - Very High,4,No,No,10.0,33.0,1,4.0,Very High,10/02/2019
3599,21,Female,Engineering,ENG-02,ML Engineer,2,Master's,7555,9852,43,349,0,0,0,3 - High,1,No,No,4.0,28.0,1,,Very High,2024-09-19
3600,45,Male,Engineering,ENG-02,Staff Engineer,2,Bachelor's,8198,9964,47,370,5,5,5,4 - Very High,4,No,No,12.0,24.0,4,5.0,Very High,2019-12-03
3601,35,Female,Engineering,ENG-02,Backend Developer,3,High School,8053,10519,45,369,8,5,4,3 - High,4,No,No,5.0,23.0,2,3.0,Medium,10/25/2020
3602,36,Male,Finance,FIN-05,Tax Specialist,2,Bachelor's,6617,8843,38,312,8,0,0,4 - Very High,2,No,Yes,3.0,10.0,0,3.0,Low,2024-04-11
3603,26,Male,Marketing,MKT-04,Content Strategist,3,Master's,6802,9255,39,318,7,3,0,4 - Very High,4,No,No,13.0,18.0,1,4.0,Very High,2024-01-28
3604,34,Male,Finance,FIN-05,Auditor,2,Bachelor's,5117,6524,29,230,0,0,0,3 - High,1,Yes,Yes,8.0,31.0,1,2.0,High,2025-03-11
3605,35,Male,Engineering,ENG-02,Backend Developer,3,High School,8147,9696,48,389,2,0,0,3 - High,4,No,No,22.0,24.0,0,4.0,High,2024-08-07
3606,43,Male,Sales,SAL-03,Regional Sales Lead,4,Bachelor's,10057,12133,57,452,7,5,3,3 - High,4,No,No,8.0,35.0,1,3.0,High,2021-08-14
3607,44,Female,Marketing,MKT-04,Marketing Analyst,1,High School,4716,6005,27,215,12,5,0,2 - Medium,4,No,No,10.0,28.0,0,,Very High,09/28/2024
3608,21,Female,Sales,SAL-03,Sales Director,2,Bachelor's,7660,9607,43,339,0,0,0,3 - High,3,No,Yes,12.0,24.0,2,3.0,High,12/20/2024
3609,49,Female,Operations,OPS-06,Facilities Manager,2,Bachelor's,6271,7745,35,279,11,3,0,4 - Very High,3,No,No,13.0,25.0,0,5.0,Very High,2024-01-30
3610,41,Male,Engineering,ENG-02,Software Engineer,2,Bachelor's,7565,9118,43,354,3,0,0,3 - High,4,No,Yes,5.0,36.0,6,5.0,Very High,2024-12-02
3611,34,Male,Marketing,MKT-04,SEO Specialist,2,Master's,6489,8371,38,305,2,2,2,3 - High,3,No,Yes,5.0,27.0,3,4.0,High,2023-04-15
3612,55,Male,Engineering,ENG-02,Engineering Manager,2,PhD,10356,12861,59,464,22,9,5,4 - Very High,4,Yes,No,5.0,33.0,3,,Very High,2019-11-13
3613,30,Male,Engineering,ENG-02,Staff Engineer,3,PhD,9535,12310,55,451,1,0,0,3 - High,3,No,No,5.0,7.0,1,,Very High,2024-03-12
3614,29,Female,Finance,FIN-05,Financial Analyst,1,Bachelor's,5509,7065,32,256,4,3,2,3 - High,3,No,No,9.0,20.0,1,4.0,Very High,06/23/2022
3615,34,Male,Operations,OPS-06,Process Engineer,1,High School,4640,5692,27,216,3,1,1,3 - High,4,No,No,4.0,25.0,2,4.0,Very High,2023-01-14
3616,26,Female,Engineering,ENG-02,Backend Developer,3,High School,9326,10834,54,436,9,3,1,4 - Very High,3,No,Yes,10.0,14.0,0,4.0,Medium,2023-05-01
3617,30,Male,Human Resources,HR-01,Recruiter,4,Master's,8710,11056,50,409,1,0,0,4 - Very High,3,No,no,7.0,37.0,0,,Medium,2024-07-03
3618,42,Male,Engineering,ENG-02,QA Engineer,1,Master's,4995,5626,29,232,6,0,0,3 - High,4,Yes,Yes,13.0,35.0,4,3.0,Medium,2024-01-11
3619,39,Female,Engineering,ENG-02,Data Engineer,4,Master's,11285,15248,65,521,12,0,0,3 - High,3,No,No,12.0,40.0,0,4.0,Very High,10/02/2024
3620,27,Female,Operations,OPS-06,Logistics Coordinator,1,Bachelor's,3969,5084,23,183,0,0,0,3 - High,3,No,No,6.0,20.0,0,3.0,Very High,2024-11-01
3621,34,Female,Operations,OPS-06,Logistics Coordinator,2,High School,4139,5561,23,186,3,3,0,3 - High,2,No,No,9.0,23.0,3,1.0,High,06/23/2024
3622,30,Female,Operations,OPS-06,Logistics Coordinator,2,Bachelor's,4699,6262,28,226,2,2,2,4 - Very High,3,No,No,19.0,20.0,0,3.0,High,2022-10-30
3623,21,Female,Engineering,ENG-02,Data Engineer,2,Bachelor's,8094,9729,45,360,1,0,0,2 - Medium,3,No,No,9.0,21.0,0,3.0,Very High,2024-12-01
3624,52,Female,Finance,FIN-05,Tax Specialist,5,Bachelor's,14181,15670,79,627,23,9,2,4 - Very High,2,No,No,4.0,29.0,0,4.0,Very High,2022-08-11
3625,24,Male,Operations,OPS-06,Logistics Coordinator,2,Master's,4994,5749,29,235,1,0,0,3 - High,3,No,No,11.0,35.0,0,2.0,High,05/30/2024
3626,38,Female,Sales,SAL-03,Sales Manager,1,Master's,6093,7390,36,290,8,3,3,1 - Low,2,No,Yes,5.0,19.0,0,3.0,Medium,2021-09-21
3627,51,Female,Operations,OPS-06,Facilities Manager,4,Bachelor's,9537,12277,55,443,14,11,1,4 - Very High,3,No,No,28.0,37.0,4,3.0,Medium,09/24/2023
3628,53,Female,Sales,SAL-03,Sales Director,5,Bachelor's,15689,20173,91,724,13,11,0,2 - Medium,3,No,Yes,11.0,33.0,2,3.0,High,2024-09-02
3629,33,Non-Binary,Engineering,ENG-02,Engineering Manager,1,Master's,7129,9036,41,334,3,2,1,2 - Medium,3,No,No,5.0,27.0,5,3.0,Medium,2023-09-09
3630,42,Female,Finance,FIN-05,Controller,1,Master's,5401,6493,31,249,8,8,4,4 - Very High,3,No,No,12.0,21.0,0,3.0,Very High,2020-12-24
3631,23,Male,Finance,FIN-05,Finance Manager,1,Bachelor's,5626,7237,33,270,1,0,0,2 - Medium,2,No,Yes,7.0,25.0,0,3.0,Medium,01/26/2024
3632,50,Male,Engineering,ENG-02,Senior Engineer,2,High School,8771,10623,49,403,18,10,5,4 - Very High,3,No,No,3.0,29.0,4,4.0,Very High,2019-07-04
3633,52,Male,Operations,OPS-06,Logistics Coordinator,3,Master's,6975,8172,40,317,11,1,1,3 - High,3,No,No,8.0,36.0,2,1.0,Very High,12/30/2023
3634,30,Non-Binary,Operations,OPS-06,Facilities Manager,2,Master's,5243,6556,30,245,3,3,3,3 - High,2,No,Yes,2.0,30.0,0,3.0,High,01/18/2022
3635,47,Male,Sales,SAL-03,Business Development Rep,1,Master's,5111,5972,29,233,2,1,0,2 - Medium,3,No,No,22.0,23.0,0,1.0,Medium,2024-10-06
3636,33,Male,Operations,OPS-06,Process Engineer,3,High School,7818,9222,44,359,14,2,2,3 - High,3,No,No,2.0,43.0,0,5.0,Very High,2022-09-13
3637,36,Female,Finance,FIN-05,Auditor,1,High School,4605,5922,26,206,3,3,3,3 - High,2,No,No,8.0,13.0,2,1.0,High,08/23/2021
3638,26,Male,Finance,FIN-05,Financial Analyst,1,Bachelor's,4558,5585,27,215,4,3,3,3 - High,2,No,No,7.0,20.0,0,5.0,Very High,10/13/2021
3639,57,Male,Human Resources,HR-01,Benefits Specialist,3,High School,7316,8868,42,342,26,5,2,4 - Very High,4,No,No,6.0,25.0,1,3.0,Very High,08/24/2022
3640,34,Male,Marketing,MKT-04,SEO Specialist,2,High School,4531,5313,26,212,3,1,0,2 - Medium,4,No,No,3.0,22.0,4,2.0,Very High,2024-09-01
3641,35,Female,Operations,OPS-06,Logistics Coordinator,3,Bachelor's,5633,7341,33,268,1,1,1,2 - Medium,2,Yes,Yes,4.0,17.0,2,3.0,Medium,2024-04-12
3642,33,Male,Marketing,MKT-04,Marketing Analyst,2,Bachelor's,5033,6533,29,231,5,4,3,4 - Very High,4,No,No,18.0,21.0,0,3.0,Medium,2021-08-07
3643,36,Male,Engineering,ENG-02,DevOps Engineer,1,Master's,6038,7402,35,286,10,4,0,4 - Very High,3,No,No,6.0,38.0,0,3.0,High,2024-12-26
3644,46,Male,Sales,SAL-03,Sales Rep,4,Bachelor's,10381,14130,61,481,9,2,2,3 - High,3,No,No,5.0,30.0,0,,Very High,2022-09-16
3645,31,Female,Engineering,ENG-02,Software Engineer,1,Master's,6887,7946,41,330,6,1,1,4 - Very High,3,No,No,6.0,29.0,0,4.0,Very High,2023-07-10
3646,25,Female,Human Resources,HR-01,HR Analyst,2,High School,5244,6818,31,252,3,0,0,2 - Medium,2,No,Yes,15.0,30.0,2,4.0,Very High,2024-10-25
3647,31,Male,Finance,FIN-05,Controller,1,Bachelor's,5080,5858,30,236,0,0,0,4 - Very High,3,No,No,4.0,22.0,2,,Very High,12/03/2024
3648,49,Male,Operations,OPS-06,Supply Chain Analyst,4,Bachelor's,10157,11552,60,478,21,8,7,2 - Medium,4,No,No,4.0,30.0,2,3.0,High,2017-09-07
3649,35,Male,Operations,OPS-06,Facilities Manager,1,Bachelor's,4841,5879,28,229,0,0,0,4 - Very High,3,No,No,15.0,30.0,2,1.0,High,2024-12-05
3650,49,Male,Engineering,ENG-02,Backend Developer,1,High School,6255,8527,36,294,11,6,0,1 - Low,2,No,Yes,2.0,34.0,1,2.0,Medium,01/05/2024
3651,33,Male,Engineering,ENG-02,ML Engineer,3,Bachelor's,9874,12239,58,459,1,0,0,3 - High,2,No,No,45.0,32.0,4,3.0,Low,2024-08-30
3652,25,Female,Marketing,MKT-04,Content Strategist,2,Bachelor's,5744,6497,34,278,4,3,0,3 - High,2,No,Yes,6.0,1.0,0,3.0,Very High,05/31/2024
3653,22,Female,Finance,FIN-05,Auditor,2,High School,5699,7020,32,258,1,1,0,3 - High,3,No,Yes,10.0,28.0,0,3.0,Medium,04/26/2024
3654,43,Male,Engineering,ENG-02,ML Engineer,4,Master's,13707,16217,81,652,4,0,0,3 - High,3,No,No,2.0,28.0,0,1.0,Very High,2024-04-22
3655,43,Male,Sales,SAL-03,Senior Sales Rep,2,PhD,8304,9826,49,390,7,6,0,2 - Medium,4,No,Yes,13.0,36.0,1,3.0,Medium,2024-09-18
3656,35,Male,Sales,SAL-03,Sales Director,3,Bachelor's,9105,12052,52,408,0,0,0,2 - Medium,4,No,No,4.0,23.0,2,3.0,High,09/05/2024
3657,33,Female,Operations,OPS-06,Process Engineer,3,Bachelor's,6489,8614,36,287,5,0,0,4 - Very High,3,No,No,18.0,21.0,0,4.0,Very High,2024-08-21
3658,21,Male,Marketing,MKT-04,Content Strategist,5,High School,10828,12386,64,519,1,1,0,3 - High,3,No,No,13.0,30.0,0,3.0,High,2024-03-09
3659,29,Male,Sales,SAL-03,Business Development Rep,1,Bachelor's,4221,4987,24,197,3,2,2,3 - High,1,No,Yes,14.0,22.0,2,4.0,Very High,2022-10-04
3660,42,Female,Sales,SAL-03,Sales Manager,2,Master's,7991,9847,45,364,10,7,3,3 - High,2,No,No,8.0,21.0,0,2.0,Very High,2021-04-06
3661,26,Female,Operations,OPS-06,Operations Analyst,1,Bachelor's,3734,4480,22,181,3,2,0,1 - Low,3,No,No,6.0,17.0,1,2.0,Very High,2024-01-16
3662,28,Male,Operations,OPS-06,Operations Manager,5,High School,9770,12641,56,450,6,6,2,3 - High,3,No,No,7.0,31.0,0,3.0,High,2022-03-15
3663,33,Male,Sales,SAL-03,Sales Director,2,Bachelor's,7186,9511,41,331,1,1,0,4 - Very High,3,No,No,9.0,26.0,0,3.0,High,12/23/2024
3664,22,Female,Sales,SAL-03,Account Executive,2,Master's,7410,8502,43,348,6,0,0,3 - High,4,Yes,No,14.0,25.0,0,4.0,Very High,2024-07-30
3665,31,Female,Finance,FIN-05,Tax Specialist,5,Bachelor's,11034,12585,62,494,2,2,1,4 - Very High,3,No,No,3.0,29.0,1,4.0,Very High,01/22/2023
3666,35,Male,Human Resources,HR-01,HR Manager,1,Bachelor's,4339,5266,25,205,6,0,0,4 - Very High,2,No,No,15.0,23.0,0,4.0,Very High,08/27/2024
3667,34,Female,Engineering,ENG-02,Software Engineer,1,Bachelor's,5313,7223,30,244,9,3,1,4 - Very High,3,No,No,16.0,33.0,2,5.0,Very High,2023-05-12
3668,21,Male,Engineering,ENG-02,DevOps Engineer,2,Master's,7654,9791,43,346,4,2,0,4 - Very High,4,No,No,9.0,24.0,0,4.0,Very High,07/16/2024
3669,29,Female,Sales,SAL-03,Sales Director,2,Master's,7872,9092,46,375,9,3,2,4 - Very High,3,No,No,5.0,23.0,0,5.0,High,03/21/2022
3670,42,Male,Operations,OPS-06,Process Engineer,3,High School,6600,8243,39,312,22,4,3,4 - Very High,3,No,No,7.0,29.0,0,3.0,High,2021-03-14
3671,30,Male,Marketing,MKT-04,Marketing Analyst,1,Bachelor's,4857,6297,28,228,3,1,1,4 - Very High,3,No,No,12.0,50.0,2,4.0,Very High,2023-08-01
3672,38,Male,Sales,SAL-03,Account Executive,3,Master's,8719,11188,50,411,8,3,0,4 - Very High,4,No,No,4.0,29.0,1,,Very High,01/05/2024
3673,21,Male,Engineering,ENG-02,QA Engineer,1,Bachelor's,5612,6364,32,251,1,1,1,4 - Very High,3,No,No,8.0,21.0,0,,Very High,2023-06-12
3674,43,Female,Sales,SAL-03,Senior Sales Rep,4,Bachelor's,8752,11876,50,393,10,2,1,3 - High,4,No,No,6.0,35.0,0,1.0,Very High,09/16/2023
3675,35,Male,Engineering,ENG-02,DevOps Engineer,2,Bachelor's,8040,10384,47,369,0,0,0,4 - Very High,3,No,No,9.0,25.0,5,5.0,High,2024-09-18
3676,29,Male,Operations,OPS-06,Supply Chain Analyst,1,High School,3464,4713,19,150,0,0,0,1 - Low,2,No,Yes,6.0,38.0,1,3.0,Low,2025-02-10
3677,28,Female,Engineering,ENG-02,QA Engineer,3,Bachelor's,7927,8904,45,358,5,2,2,2 - Medium,2,No,Yes,12.0,20.0,1,4.0,Medium,12/18/2022
3678,28,Male,Sales,SAL-03,Regional Sales Lead,5,Master's,12588,14312,72,580,0,0,0,2 - Medium,2,No,No,24.0,27.0,0,1.0,High,2024-06-25
3679,29,Female,Engineering,ENG-02,DevOps Engineer,2,Bachelor's,6706,7688,38,306,0,0,0,3 - High,2,No,No,11.0,28.0,4,5.0,High,2024-10-28
3680,32,Male,Finance,FIN-05,Tax Specialist,2,Bachelor's,5121,6308,30,236,1,1,0,3 - High,4,No,No,6.0,33.0,1,5.0,Very High,2024-11-27
3681,37,Male,Operations,OPS-06,Operations Analyst,4,Bachelor's,8348,9953,49,401,10,6,6,4 - Very High,3,No,No,17.0,28.0,0,4.0,High,2018-02-09
3682,35,Female,Finance,FIN-05,Financial Analyst,3,Bachelor's,8155,9355,46,376,10,8,4,4 - Very High,3,No,No,5.0,,4,4.0,Very High,2020-09-01
3683,37,Male,Operations,OPS-06,Logistics Coordinator,1,Bachelor's,4292,5827,24,191,1,0,0,3 - High,1,Yes,Yes,5.0,21.0,3,2.0,High,04/06/2024
3684,41,Male,Operations,OPS-06,Operations Analyst,1,Master's,4935,5768,29,237,10,3,0,3 - High,3,No,No,4.0,34.0,0,,High,2024-11-28
3685,37,Female,Sales,SAL-03,Account Executive,2,Master's,6993,9537,41,322,2,1,1,4 - Very High,3,No,No,9.0,32.0,3,4.0,Very High,01/05/2023
3686,36,Female,Sales,SAL-03,Sales Director,4,PhD,13458,15714,80,638,4,3,0,3 - High,4,No,No,7.0,24.0,2,1.0,Medium,2024-08-30
3687,22,Male,Operations,OPS-06,Supply Chain Analyst,4,Bachelor's,8050,9968,46,378,0,0,0,3 - High,3,No,No,9.0,19.0,0,3.0,Medium,02/01/2025
3688,28,Male,Operations,OPS-06,Logistics Coordinator,2,Bachelor's,5466,7458,32,255,0,0,0,3 - High,1,No,No,11.0,18.0,3,3.0,Very High,2024-11-28
3689,32,Male,Operations,OPS-06,Logistics Coordinator,3,Bachelor's,6519,8370,39,310,1,1,0,4 - Very High,3,No,No,6.0,26.0,0,4.0,Very High,2024-03-05
3690,37,Male,Human Resources,HR-01,HR Analyst,2,High School,4916,6328,29,232,7,7,3,4 - Very High,3,No,No,4.0,29.0,0,4.0,Very High,2021-12-27
3691,32,Female,Sales,SAL-03,Account Executive,2,High School,6213,7182,37,302,7,2,0,4 - Very High,3,No,No,5.0,28.0,0,3.0,High,2024-11-11
3692,36,Female,Marketing,MKT-04,Digital Marketing Lead,5,Bachelor's,10440,13161,61,485,5,3,2,3 - High,3,No,No,9.0,33.0,2,5.0,Very High,2022-09-20
3693,37,Female,Marketing,MKT-04,Marketing Manager,1,Bachelor's,4576,5966,27,221,7,7,6,4 - Very High,4,No,No,,31.0,0,4.0,Very High,06/28/2018
3694,32,Female,Finance,FIN-05,Tax Specialist,1,Bachelor's,4420,5013,25,204,6,2,0,4 - Very High,3,No,No,7.0,10.0,0,,Very High,2024-10-30
3695,39,Female,Engineering,ENG-02,Software Engineer,1,Bachelor's,5971,8272,34,270,5,0,0,3 - High,3,No,Yes ,2.0,36.0,1,3.0,Very High,2024-09-13
3696,26,Female,Finance,FIN-05,Financial Analyst,3,Master's,6734,8058,38,308,1,1,1,4 - Very High,4,No,No,12.0,14.0,0,3.0,Medium,08/25/2023
3697,29,Male,Engineering,ENG-02,ML Engineer,3,PhD,9813,12903,55,442,3,2,0,4 - Very High,3,No,No,4.0,29.0,3,4.0,Very High,2024-12-12
3698,21,Female,Engineering,ENG-02,Senior Engineer,3,Bachelor's,8950,11618,53,418,1,1,0,2 - Medium,3,No,Yes,6.0,22.0,3,3.0,High,06/05/2024
3699,29,Non-Binary,Engineering,ENG-02,Engineering Manager,1,Bachelor's,6481,8244,38,312,10,1,1,2 - Medium,4,No,No,9.0,20.0,1,3.0,Very High,2023-04-01
3700,50,Male,Marketing,MKT-04,Digital Marketing Lead,4,Bachelor's,9981,11502,56,439,16,5,3,3 - High,2,Yes,Yes,8.0,28.0,0,,Medium,2021-08-22
3701,37,Female,Marketing,MKT-04,SEO Specialist,1,Bachelor's,4430,5443,26,207,1,1,0,4 - Very High,4,No,No,,26.0,3,4.0,High,02/24/2024
3702,54,Male,Marketing,MKT-04,Marketing Manager,4,Master's,11115,14284,63,517,13,6,2,4 - Very High,4,No,No,14.0,19.0,6,4.0,Very High,05/28/2022
3703,41,Female,Sales,SAL-03,Business Development Rep,3,Master's,8186,10048,47,371,5,1,1,4 - Very High,2,No,No,3.0,22.0,3,3.0,High,12/14/2023
3704,31,Male,Operations,OPS-06,Operations Manager,2,Bachelor's,5029,6420,30,239,3,3,1,4 - Very High,4,No,No,10.0,13.0,0,3.0,Very High,2023-11-11
3705,28,Male,Engineering,ENG-02,Data Engineer,3,High School,7664,10142,43,340,0,0,0,3 - High,3,No,No,5.0,41.0,0,3.0,Medium,06/05/2024
3706,24,Female,Engineering,ENG-02,ML Engineer,4,High School,12264,14925,71,580,4,0,0,4 - Very High,4,No,no,7.0,25.0,1,,Very High,2024-03-01
3707,40,Male,Human Resources,HR-01,HR Coordinator,3,Bachelor's,6284,7448,36,286,8,7,0,2 - Medium,1,No,Yes,15.0,28.0,1,4.0,Very High,2024-04-01
3708,37,Female,Engineering,ENG-02,Staff Engineer,2,Master's,10964,12213,64,504,16,12,5,2 - Medium,3,No,No,13.0,26.0,0,3.0,High,01/03/2020
3709,33,Male,Sales,SAL-03,Business Development Rep,4,High School,7641,10045,45,361,5,2,0,4 - Very High,3,No,No,9.0,27.0,0,4.0,Very High,09/05/2024
3710,41,Female,Engineering,ENG-02,Backend Developer,3,Bachelor's,9706,12157,54,442,14,3,1,4 - Very High,3,No,No,5.0,15.0,1,4.0,Very High,2023-04-30
3711,24,Male,Engineering,ENG-02,QA Engineer,2,Master's,6123,7203,35,281,2,1,0,4 - Very High,3,No,No,7.0,17.0,1,3.0,High,07/14/2024
3712,31,Male,Finance,FIN-05,Tax Specialist,1,Bachelor's,4484,5347,26,205,3,2,0,3 - High,3,No,No,,18.0,2,3.0,Very High,2024-12-17
3713,39,Male,Finance,FIN-05,Controller,2,Master's,6510,8574,38,308,4,2,0,3 - High,3,No,No,5.0,42.0,1,1.0,Very High,2024-02-17
3714,21,Male,Engineering,ENG-02,ML Engineer,3,Bachelor's,10444,14098,60,492,0,0,0,2 - Medium,2,No,Yes,7.0,29.0,0,4.0,Very High,2024-08-18
3715,32,Female,Finance,FIN-05,Financial Analyst,4,PhD,9456,12538,56,440,0,0,0,3 - High,3,No,Yes,9.0,25.0,2,4.0,Very High,
3716,32,Male,Engineering,ENG-02,DevOps Engineer,4,Master's,10655,11871,60,480,0,0,0,2 - Medium,2,No,No,7.0,26.0,0,2.0,Very High,2025-04-19
3717,27,Male,Engineering,ENG-02,DevOps Engineer,1,Bachelor's,6919,8307,41,338,5,4,0,3 - High,1,No,No,7.0,22.0,1,3.0,Medium,2024-10-23
3718,43,Male,Finance,FIN-05,Tax Specialist,1,PhD,6134,7844,34,278,14,14,9,4 - Very High,4,No,No,4.0,22.0,0,3.0,High,2015-03-04
3719,32,Non-Binary,Sales,SAL-03,Senior Sales Rep,1,Bachelor's,5084,6946,29,233,5,4,1,2 - Medium,3,No,Yes,13.0,16.0,1,3.0,Low,2023-11-02
3720,22,Female,Engineering,ENG-02,Staff Engineer,5,PhD,15010,19285,87,690,2,0,0,4 - Very High,3,Yes,Yes,9.0,35.0,1,,High,2024-07-05
3721,38,Female,Engineering,ENG-02,QA Engineer,1,Bachelor's,5321,6183,30,243,5,1,1,3 - High,4,No,No,10.0,10.0,0,3.0,High,07/14/2023
3722,42,Male,Engineering,ENG-02,Data Engineer,2,Master's,9153,10637,53,434,7,0,0,4 - Very High,4,No,No,,37.0,6,4.0,Very High,2024-03-26
3723,36,Male,Engineering,ENG-02,Data Engineer,1,Master's,5696,7195,32,261,2,2,2,3 - High,2,No,No,3.0,22.0,5,4.0,Very High,2022-11-15
3724,23,Male,Operations,OPS-06,Process Engineer,2,Bachelor's,5963,7278,35,278,0,0,0,3 - High,4,No,No,2.0,16.0,0,4.0,Very High,12/29/2024
3725,29,Female,Sales,SAL-03,Account Executive,3,Master's,8444,10342,48,387,3,1,1,2 - Medium,2,No,No,13.0,30.0,3,3.0,High,2023-12-12
3726,28,Female,Engineering,ENG-02,Engineering Manager,4,Bachelor's,11951,13918,69,554,2,0,0,3 - High,4,No,Yes,13.0,35.0,2,4.0,Very High,08/06/2024
3727,40,Male,Operations,OPS-06,Operations Manager,1,Master's,5786,6840,33,271,4,2,2,3 - High,4,No,Yes,12.0,39.0,2,2.0,Low,2022-05-22
3728,25,Male,Finance,FIN-05,Finance Manager,3,Bachelor's,6952,8950,39,313,2,2,0,2 - Medium,3,No,No,4.0,23.0,1,5.0,Very High,07/22/2024
3729,32,Male,Sales,SAL-03,Senior Sales Rep,1,Master's,5128,6825,30,240,1,0,0,3 - High,4,No,Yes,4.0,24.0,0,3.0,Medium,2024-11-01
3730,30,Male,Engineering,ENG-02,DevOps Engineer,4,Bachelor's,12381,14658,71,563,5,5,3,3 - High,4,No,No,3.0,34.0,0,2.0,High,2021-05-29
3731,35,Male,Marketing,MKT-04,SEO Specialist,2,Bachelor's,6287,8107,37,298,6,1,1,4 - Very High,4,No,Yes,6.0,33.0,0,3.0,High,06/04/2023
3732,27,Male,Engineering,ENG-02,Backend Developer,3,High School,7881,10193,45,356,2,0,0,3 - High,3,No,No,37.0,25.0,1,,Medium,06/28/2024
3733,21,Female,Marketing,MKT-04,SEO Specialist,1,Master's,4452,5470,26,214,0,0,0,3 - High,4,No,No,22.0,16.0,0,3.0,Very High,2024-11-01
3734,31,Female,Operations,OPS-06,Operations Analyst,4,High School,8479,11207,50,407,9,7,6,4 - Very High,4,No,No,9.0,35.0,1,4.0,Very High,2018-06-06
3735,35,Male,Finance,FIN-05,Auditor,1,Bachelor's,5616,6970,33,268,5,4,1,3 - High,2,Yes,No,5.0,26.0,4,3.0,Very High,2023-05-31
3736,51,Female,Operations,OPS-06,Supply Chain Analyst,1,High School,4542,5474,26,208,11,10,0,3 - High,2,No,No,5.0,20.0,1,3.0,High,04/14/2024
3737,46,Male,Engineering,ENG-02,QA Engineer,2,Bachelor's,6276,7650,37,295,17,14,8,3 - High,2,No,No,19.0,30.0,0,4.0,High,2016-02-20
3738,25,Male,Engineering,ENG-02,ML Engineer,5,Bachelor's,12634,16246,72,574,1,0,0,3 - High,4,No,Yes,4.0,21.0,0,3.0,High,2024-05-05
3739,30,Female,Sales,SAL-03,Senior Sales Rep,2,Bachelor's,6664,7852,38,298,9,0,0,4 - Very High,4,No,No,19.0,24.0,0,4.0,Very High,05/12/2024
3740,25,Male,Engineering,ENG-02,Senior Engineer,5,Master's,13380,16149,75,597,4,1,0,2 - Medium,2,No,No,12.0,38.0,0,3.0,Very High,2024-04-16
3741,21,Female,Marketing,MKT-04,Brand Manager,5,High School,9802,11816,57,449,0,0,0,3 - High,4,No,No,11.0,37.0,2,4.0,Very High,2025-01-22
3742,37,Male,Sales,SAL-03,Sales Director,4,High School,9241,10556,53,433,6,6,6,4 - Very High,4,No,No,3.0,19.0,1,4.0,Very High,2018-05-04
3743,43,Male,Operations,OPS-06,Facilities Manager,1,Master's,4537,5968,25,205,7,5,4,3 - High,3,No,No,2.0,50.0,0,4.0,Very High,02/16/2020
3744,43,Female,Operations,OPS-06,Logistics Coordinator,1,Bachelor's,5259,5854,31,250,13,4,1,4 - Very High,4,Yes,Yes,6.0,22.0,1,,Medium,03/09/2023
3745,26,Male,Operations,OPS-06,Facilities Manager,2,Bachelor's,5798,7691,33,264,0,0,0,4 - Very High,1,No,No,5.0,30.0,2,,Very High,08/31/2024
3746,32,Male,Finance,FIN-05,Tax Specialist,1,High School,4842,6084,27,218,5,2,0,4 - Very High,4,No,No,11.0,29.0,2,4.0,High,
3747,38,Female,Finance,FIN-05,Controller,1,PhD,5840,6714,34,272,7,3,1,3 - High,4,No,No,5.0,26.0,0,3.0,High,2023-07-23
3748,32,Male,Operations,OPS-06,Process Engineer,3,High School,7621,8999,43,351,7,7,5,4 - Very High,4,No,No,6.0,25.0,0,4.0,Very High,03/10/2019
3749,25,Non-Binary,Operations,OPS-06,Operations Manager,3,High School,6881,8709,40,323,0,0,0,2 - Medium,2,No,Yes,19.0,25.0,0,4.0,High,2024-12-16
3750,37,Male,Operations,OPS-06,Operations Manager,1,Master's,4982,6189,29,237,2,1,0,3 - High,4,No,No,15.0,30.0,4,3.0,High,2024-09-18
3751,56,Male,Sales,SAL-03,Business Development Rep,4,High School,8346,9982,49,386,26,25,13,4 - Very High,3,No,No,3.0,37.0,1,4.0,Very High,2011-09-30
3752,40,Female,Marketing,MKT-04,Marketing Analyst,1,Bachelor's,4960,5552,28,225,6,5,4,4 - Very High,3,No,No,7.0,19.0,4,4.0,Very High,2020-08-08
3753,41,Male,Operations,OPS-06,Operations Analyst,3,Bachelor's,6868,8604,39,319,6,1,1,3 - High,3,No,Yes,4.0,8.0,2,5.0,Very High,03/13/2023
3754,22,Male,Operations,OPS-06,Operations Manager,3,Bachelor's,7024,8982,41,332,0,0,0,4 - Very High,4,No,No,15.0,29.0,0,4.0,High,2025-03-21
3755,28,Non-Binary,Finance,FIN-05,Controller,4,Master's,11629,14724,68,546,1,1,0,3 - High,3,No,No,10.0,30.0,0,3.0,High,2024-05-23
3756,27,Female,Operations,OPS-06,Process Engineer,5,Master's,13149,14575,76,605,4,3,1,3 - High,4,No,No,6.0,49.0,3,4.0,Very High,2023-01-09
3757,40,Male,Sales,SAL-03,Sales Manager,3,High School,7355,8536,42,341,10,9,9,4 - Very High,3,No,No,9.0,32.0,0,4.0,Very High,01/28/2015
3758,37,Female,Engineering,ENG-02,Staff Engineer,4,Bachelor's,14939,18128,86,696,10,6,5,4 - Very High,3,No,No,13.0,49.0,0,3.0,Very High,2019-01-04
3759,39,Male,Operations,OPS-06,Supply Chain Analyst,1,High School,4208,5184,24,189,1,0,0,4 - Very High,3,No,No,18.0,17.0,3,3.0,Very High,06/14/2024
3760,31,Female,Sales,SAL-03,Sales Rep,1,Master's,4673,6320,27,215,7,6,5,1 - Low,3,Yes,Yes,3.0,25.0,1,1.0,Low,2019-02-23
3761,25,Female,Sales,SAL-03,Account Executive,2,Master's,6913,9126,39,309,1,1,0,3 - High,4,No,Yes,15.0,35.0,3,4.0,High,06/25/2024
3762,32,Male,Sales,SAL-03,Sales Manager,4,High School,9196,12038,52,412,3,2,0,3 - High,3,Yes,Yes,3.0,22.0,1,4.0,High,03/03/2024
3763,37,Female,Engineering,ENG-02,Backend Developer,4,Bachelor's,10181,13597,60,487,3,0,0,4 - Very High,4,No,No,5.0,31.0,5,4.0,Very High,2024-05-17
3764,38,Female,Finance,FIN-05,Financial Analyst,1,Master's,5870,7280,34,271,6,2,0,3 - High,2,No,Yes,5.0,35.0,1,4.0,High,2024-03-14
3765,25,Male,Engineering,ENG-02,Senior Engineer,4,Bachelor's,11319,15326,65,534,1,1,1,4 - Very High,3,No,No,4.0,22.0,0,3.0,Very High,01/24/2024
3766,26,Male,Operations,OPS-06,Logistics Coordinator,2,Bachelor's,5298,6638,30,239,2,1,0,2 - Medium,3,No,No,7.0,13.0,0,2.0,Very High,2024-08-05
3767,31,Male,Human Resources,HR-01,HR Coordinator,3,Bachelor's,5827,7504,34,275,8,1,0,4 - Very High,4,No,No,17.0,39.0,0,2.0,Very High,07/28/2024
3768,28,Male,Sales,SAL-03,Sales Rep,2,Master's,6701,7862,38,303,4,0,0,3 - High,3,No,No,,34.0,0,,Medium,08/14/2024
3769,42,Female,Engineering,ENG-02,Frontend Developer,1,Bachelor's,7106,8202,41,338,14,6,4,2 - Medium,4,No,Yes,9.0,22.0,1,5.0,High,02/25/2020
3770,26,Female,Operations,OPS-06,Logistics Coordinator,2,Bachelor's,5545,6635,32,253,4,3,0,3 - High,4,No,No,13.0,21.0,0,3.0,Medium,2024-06-17
3771,22,Male,Marketing,MKT-04,Brand Manager,1,Master's,5520,6470,32,252,1,0,0,3 - High,3,No,Yes,20.0,19.0,0,4.0,Medium,11/18/2024
3772,60,Non-Binary,Marketing,MKT-04,Brand Manager,1,PhD,5824,6688,34,270,22,5,5,4 - Very High,2,No,No,16.0,13.0,1,1.0,Medium,2019-02-07
3773,32,Female,Engineering,ENG-02,Software Engineer,2,Master's,7993,9708,47,380,13,8,3,3 - High,3,No,Yes,4.0,40.0,1,4.0,Very High,2021-02-15
3774,28,Male,Finance,FIN-05,Senior Accountant,3,Master's,6757,8910,39,307,0,0,0,4 - Very High,4,No,No,5.0,32.0,0,,Very High,2024-09-04
3775,47,Male,Human Resources,HR-01,HR Analyst,1,High School,4455,5662,25,202,21,9,1,2 - Medium,1,No,No,8.0,15.0,1,3.0,Very High,2023-12-30
3776,33,Male,Human Resources,HR-01,HR Coordinator,3,Master's,6753,8653,39,312,2,1,0,3 - High,4,No,No,9.0,36.0,0,3.0,Medium,2024-01-07
3777,31,Male,Finance,FIN-05,Senior Accountant,4,High School,8957,11218,53,433,1,1,1,3 - High,4,Yes,Yes,20.0,19.0,1,3.0,High,2023-04-29
3778,28,Female,Engineering,ENG-02,Staff Engineer,5,Bachelor's,13484,15828,78,629,5,3,2,2 - Medium,4,No,Yes,7.0,14.0,1,5.0,High,2022-01-13
3779,39,Female,Marketing,MKT-04,Digital Marketing Lead,1,Bachelor's,4721,6420,28,221,7,0,0,3 - High,3,No,No,19.0,17.0,4,2.0,Very High,07/25/2024
3780,37,Male,Engineering,ENG-02,ML Engineer,5,High School,13380,15295,77,604,5,5,5,3 - High,4,No,No,6.0,41.0,0,5.0,High,11/19/2019
3781,34,Female,Operations,OPS-06,Logistics Coordinator,3,Bachelor's,5792,7873,34,280,5,4,2,3 - High,2,No,No,5.0,23.0,0,4.0,Very High,2022-10-20
3782,38,Non-Binary,Sales,SAL-03,Sales Director,4,Bachelor's,9989,11877,56,451,1,0,0,4 - Very High,3,No,No,4.0,29.0,3,5.0,High,02/20/2024
3783,25,Male,Marketing,MKT-04,SEO Specialist,2,High School,5126,6524,29,236,0,0,0,3 - High,3,No,Yes,6.0,20.0,0,4.0,Very High,2024-08-05
3784,36,Male,Human Resources,HR-01,HR Manager,2,Bachelor's,5823,6806,33,260,6,5,4,3 - High,4,No,No,8.0,17.0,1,3.0,High,2020-11-01
3785,60,Female,Sales,SAL-03,Regional Sales Lead,4,PhD,13999,17596,82,658,25,15,15,3 - High,3,No,No,7.0,42.0,5,4.0,Very High,2009-10-08
3786,36,Non-Binary,Human Resources,HR-01,HR Director,1,Bachelor's,4637,5861,26,214,11,10,4,3 - High,3,No,Yes,2.0,25.0,0,5.0,High,03/08/2020
3787,22,Female,Engineering,ENG-02,ML Engineer,3,Bachelor's,9291,11900,54,436,1,1,0,3 - High,3,No,No,13.0,23.0,0,3.0,Medium,10/02/2024
3788,42,Male,Finance,FIN-05,Financial Analyst,3,Bachelor's,8983,10818,52,412,10,2,1,4 - Very High,3,No,No,7.0,30.0,2,2.0,Medium,2023-09-12
3789,28,Female,Operations,OPS-06,Process Engineer,5,Bachelor's,9730,10890,56,444,2,1,1,3 - High,3,No,No,4.0,48.0,1,4.0,Very High,06/11/2023
3790,33,Female,Engineering,ENG-02,Software Engineer,2,Bachelor's,7394,9863,42,342,2,1,1,2 - Medium,4,No,Yes,13.0,,0,1.0,High,2023-08-21
3791,43,Male,Operations,OPS-06,Supply Chain Analyst,1,PhD,6536,7641,37,298,15,4,0,3 - High,3,No,Yes,16.0,19.0,0,,High,12/27/2024
3792,28,Male,Sales,SAL-03,Sales Rep,3,Master's,8154,9682,47,377,5,5,4,2 - Medium,2,No,No,6.0,16.0,1,2.0,Very High,2020-12-03
3793,42,Male,Engineering,ENG-02,Data Engineer,4,High School,13152,17280,74,593,14,11,0,3 - High,3,No,No,5.0,8.0,3,4.0,Very High,2024-09-03
3794,27,Female,Human Resources,HR-01,HR Manager,1,High School,3952,5594,23,182,3,1,1,4 - Very High,4,No,No,4.0,32.0,1,3.0,High,2023-06-03
3795,33,Male,Engineering,ENG-02,ML Engineer,2,Bachelor's,8812,11454,52,417,7,3,1,4 - Very High,4,No,Yes,15.0,27.0,0,3.0,Low,10/25/2023
3796,30,Male,Operations,OPS-06,Process Engineer,4,Master's,8416,9633,49,385,6,1,0,3 - High,4,No,No,3.0,28.0,0,5.0,Very High,01/16/2024
3797,27,Male,Finance,FIN-05,Financial Analyst,1,Bachelor's,5004,5962,29,231,2,0,0,3 - High,3,Yes,Yes,17.0,4.0,0,5.0,High,04/22/2024
3798,40,Male,Sales,SAL-03,Sales Rep,1,High School,5214,6149,30,240,9,4,0,3 - High,4,No,No,4.0,23.0,3,3.0,High,2024-10-23
3799,32,Female,Operations,OPS-06,Supply Chain Analyst,1,Master's,5777,7495,33,262,8,5,4,2 - Medium,2,No,Yes,4.0,22.0,2,3.0,Medium,06/18/2020
3800,35,Female,Sales,SAL-03,Sales Director,4,Bachelor's,10076,12564,57,450,8,7,3,3 - High,3,Yes,No,7.0,18.0,1,2.0,High,12/13/2021
3801,28,Male,Engineering,ENG-02,Staff Engineer,4,Master's,11214,13043,65,534,2,1,1,2 - Medium,4,No,No,3.0,27.0,1,,High,2023-04-18
3802,32,Male,Sales,SAL-03,Regional Sales Lead,3,Master's,7275,8995,42,337,3,3,0,4 - Very High,3,No,No,26.0,10.0,0,3.0,Medium,03/08/2024
3803,28,Male,Engineering,ENG-02,Engineering Manager,1,Bachelor's,5697,7044,33,268,1,0,0,4 - Very High,3,No,No,4.0,25.0,3,4.0,Very High,06/11/2024
3804,24,Female,Sales,SAL-03,Regional Sales Lead,2,High School,5694,6956,33,260,8,5,1,4 - Very High,4,No,No,7.0,19.0,0,5.0,Very High,2023-05-06
3805,27,Female,Marketing,MKT-04,Marketing Manager,4,High School,9811,12795,58,457,4,0,0,3 - High,3,No,No,9.0,4.0,3,4.0,Very High,03/31/2024
3806,27,Female,Engineering,ENG-02,Senior Engineer,5,PhD,16300,20139,94,774,5,0,0,3 - High,2,No,No,16.0,37.0,0,4.0,Very High,11/16/2024
3807,25,Non-Binary,Engineering,ENG-02,Frontend Developer,1,Master's,5461,7251,31,252,0,0,0,3 - High,3,Yes,No,11.0,20.0,0,3.0,Very High,2024-10-09
3808,36,Female,Engineering,ENG-02,Data Engineer,1,High School,4818,6532,27,215,4,2,1,3 - High,3,No,Yes,7.0,27.0,3,3.0,Medium,2023-12-15
3809,21,Female,Sales,SAL-03,Sales Manager,1,PhD,6779,7946,40,317,1,0,0,4 - Very High,4,No,No,13.0,25.0,0,4.0,Very High,01/20/2024
3810,60,Female,Marketing,MKT-04,Marketing Manager,4,Master's,9836,11404,56,453,28,2,0,3 - High,1,No,Yes,5.0,36.0,1,4.0,Very High,2024-04-11
3811,37,Male,Engineering,ENG-02,Staff Engineer,2,Bachelor's,6848,8822,39,307,0,0,0,2 - Medium,1,No,Yes,8.0,29.0,0,2.0,High,2024-12-04
3812,34,Male,Sales,SAL-03,Senior Sales Rep,1,High School,4987,6810,28,221,12,3,1,3 - High,3,No,No,12.0,23.0,2,,Very High,2023-03-01
3813,21,Female,Finance,FIN-05,Finance Manager,4,Bachelor's,10098,11550,59,480,1,1,0,3 - High,3,No,Yes,14.0,34.0,0,3.0,High,04/11/2024
3814,30,Male,Sales,SAL-03,Sales Manager,3,High School,8008,9614,46,366,2,0,0,3 - High,3,No,Yes,8.0,15.0,2,4.0,High,2024-10-11
3815,30,Female,Finance,FIN-05,Auditor,2,Bachelor's,5477,7179,31,255,1,0,0,3 - High,2,No,No,18.0,27.0,0,2.0,Very High,2024-06-20
3816,21,Male,Sales,SAL-03,Senior Sales Rep,1,Master's,5737,7359,33,263,0,0,0,2 - Medium,2,No,No,11.0,29.0,0,2.0,High,12/17/2024
3817,42,Male,Engineering,ENG-02,DevOps Engineer,3,PhD,9692,11523,57,456,8,3,3,3 - High,4,No,No,4.0,23.0,0,4.0,High,2021-04-08
3818,28,Male,Sales,SAL-03,Regional Sales Lead,3,PhD,10472,13592,61,499,3,1,1,4 - Very High,4,No,No,13.0,21.0,0,,High,01/02/2024
3819,28,Male,Engineering,ENG-02,QA Engineer,1,High School,5407,6598,32,256,2,2,2,2 - Medium,2,No,No,9.0,22.0,4,3.0,Very High,2022-10-24
3820,30,Non-Binary,Finance,FIN-05,Auditor,1,Bachelor's,4615,5451,26,211,3,0,0,4 - Very High,3,No,Yes,25.0,29.0,3,,Very High,2024-02-09
3821,49,Male,Operations,OPS-06,Facilities Manager,2,High School,5065,6386,29,232,14,1,0,3 - High,3,No,Yes,7.0,13.0,1,2.0,Low,08/05/2024
3822,34,Female,Engineering,ENG-02,Staff Engineer,3,Bachelor's,9673,11553,55,447,4,4,3,3 - High,4,No,No,4.0,34.0,0,4.0,Very High,2021-05-28
3823,54,Female,Operations,OPS-06,Operations Analyst,4,High School,7609,9765,43,345,16,8,1,2 - Medium,2,No,Yes,23.0,35.0,2,5.0,Very High,08/31/2023
3824,38,Male,Operations,OPS-06,Operations Manager,2,Bachelor's,6087,6976,34,270,10,9,4,4 - Very High,3,No,Yes,10.0,31.0,1,3.0,Medium,06/13/2020
3825,41,Female,Sales,SAL-03,Sales Director,5,Master's,16167,17702,95,774,10,0,0,2 - Medium,2,No,No,19.0,41.0,1,3.0,High,2024-04-07
3826,50,Non-Binary,Engineering,ENG-02,Engineering Manager,3,High School,11145,12816,63,496,14,4,4,4 - Very High,3,No,Yes,23.0,20.0,5,4.0,High,04/11/2020
3827,39,Female,Engineering,ENG-02,Staff Engineer,3,Bachelor's,10329,12608,60,482,3,2,0,4 - Very High,4,No,No,2.0,17.0,0,3.0,Medium,2024-09-08
3828,34,Non-Binary,Engineering,ENG-02,Engineering Manager,2,Bachelor's,6974,8843,40,316,5,4,0,4 - Very High,3,No,No,,34.0,3,,Very High,2024-07-16
3829,29,Male,Sales,SAL-03,Sales Rep,3,Master's,6295,7368,37,301,3,0,0,3 - High,3,No,Yes,7.0,27.0,0,5.0,High,2024-06-18
3830,32,Female,Operations,OPS-06,Operations Analyst,2,Master's,6256,7183,37,295,6,4,1,3 - High,4,No,No,7.0,34.0,0,,Medium,12/10/2023
3831,24,Male,Human Resources,HR-01,HR Director,2,Master's,6986,7839,40,318,2,1,1,4 - Very High,4,No,No,8.0,24.0,2,3.0,High,08/05/2023
3832,47,Male,Human Resources,HR-01,Recruiter,2,High School,4887,6108,29,229,21,9,6,3 - High,3,No,No,4.0,32.0,2,3.0,Medium,2018-05-15
3833,34,Female,Marketing,MKT-04,Brand Manager,3,High School,8936,11809,51,410,13,8,3,4 - Very High,3,No,No,16.0,,0,4.0,Very High,2021-10-29
3834,32,Female,Engineering,ENG-02,ML Engineer,4,Bachelor's,11290,12659,63,513,6,2,0,2 - Medium,4,No,No,44.0,17.0,2,1.0,Low,2024-06-10
3835,38,Female,Sales,SAL-03,Regional Sales Lead,2,Bachelor's,6930,9057,41,327,10,9,3,1 - Low,2,No,Yes,9.0,18.0,0,4.0,High,07/15/2021
3836,30,Male,Operations,OPS-06,Supply Chain Analyst,4,Master's,7930,10389,47,372,1,1,1,4 - Very High,4,No,No,4.0,28.0,2,5.0,Very High,09/03/2023
3837,34,Male,Operations,OPS-06,Facilities Manager,3,Bachelor's,6011,8364,34,274,2,0,0,4 - Very High,3,No,No,15.0,32.0,0,3.0,High,2024-01-26
3838,34,Female,Sales,SAL-03,Sales Director,4,Bachelor's,12465,14127,74,603,3,2,2,2 - Medium,2,No,Yes,10.0,36.0,0,5.0,Very High,2022-12-12
3839,27,Female,Operations,OPS-06,Process Engineer,4,Bachelor's,9179,10737,53,423,2,1,1,3 - High,1,No,No,2.0,25.0,1,2.0,High,01/01/2024
3840,36,Female,Engineering,ENG-02,Data Engineer,4,Master's,12180,14293,69,565,7,1,1,3 - High,3,No,No,5.0,30.0,1,5.0,Very High,2023-01-08
3841,29,Male,Engineering,ENG-02,Data Engineer,2,PhD,8916,12093,51,407,5,3,1,4 - Very High,3,No,No,6.0,17.0,0,4.0,Very High,2023-06-10
3842,34,Female,Sales,SAL-03,Sales Director,4,Bachelor's,10030,13004,58,477,7,4,1,4 - Very High,2,No,No,12.0,25.0,1,3.0,High,12/25/2023
3843,31,Female,Engineering,ENG-02,Software Engineer,1,PhD,7299,8440,41,322,4,3,2,3 - High,3,No,No,8.0,20.0,1,4.0,High,2022-11-26
3844,23,Female,Engineering,ENG-02,Engineering Manager,4,Bachelor's,12106,14270,71,578,2,2,2,4 - Very High,3,No,No,4.0,28.0,1,,Very High,04/08/2023
3845,59,Female,Sales,SAL-03,Account Executive,2,High School,7081,9227,41,324,30,3,3,3 - High,2,No,No,5.0,40.0,0,5.0,Very High,2021-05-06
3846,35,Male,Marketing,MKT-04,Marketing Analyst,2,Master's,5660,7771,32,260,3,2,0,3 - High,4,No,No,6.0,14.0,1,1.0,Medium,2024-11-06
3847,33,Male,Operations,OPS-06,Facilities Manager,4,Bachelor's,9495,10564,55,437,10,2,1,2 - Medium,1,No,No,50.0,41.0,0,2.0,Medium,2023-11-12
3848,36,Male,Operations,OPS-06,Facilities Manager,1,Bachelor's,4551,6285,27,215,0,0,0,4 - Very High,4,No,No,5.0,24.0,1,4.0,Very High,11/20/2024
3849,37,Female,Human Resources,HR-01,HR Director,2,Bachelor's,5070,6098,29,228,1,0,0,4 - Very High,4,No,No,13.0,17.0,1,4.0,Very High,05/10/2024
3850,37,Female,Sales,SAL-03,Sales Director,4,Master's,12073,13734,69,543,4,4,1,4 - Very High,2,No,No,4.0,29.0,1,5.0,Very High,12/29/2023
3851,35,Female,Sales,SAL-03,Regional Sales Lead,3,Master's,9594,12560,54,435,9,8,7,2 - Medium,2,No,No,8.0,32.0,1,1.0,High,03/08/2017
3852,35,Male,Engineering,ENG-02,DevOps Engineer,4,High School,10163,12134,57,456,1,0,0,4 - Very High,3,No,No,14.0,57.0,1,5.0,High,12/31/2024
3853,42,Female,Sales,SAL-03,Business Development Rep,1,Bachelor's,4693,6423,28,221,7,0,0,4 - Very High,4,No,No,7.0,32.0,0,,Very High,08/17/2024
3854,34,Female,Engineering,ENG-02,Staff Engineer,5,High School,14620,17741,86,705,19,5,0,4 - Very High,4,No,No,10.0,32.0,1,4.0,Very High,2024-01-30
3855,33,Male,Sales,SAL-03,Sales Rep,4,Bachelor's,9558,11827,56,447,3,2,1,2 - Medium,3,No,Yes,12.0,16.0,0,5.0,Medium,2023-07-18
3856,49,Male,Engineering,ENG-02,Data Engineer,2,Bachelor's,7658,10215,45,363,10,2,2,3 - High,4,No,No,16.0,33.0,2,3.0,Very High,2022-10-18
3857,28,Female,Human Resources,HR-01,HR Analyst,4,Bachelor's,7891,9980,44,360,2,0,0,1 - Low,2,Yes,Yes,5.0,32.0,1,1.0,Very High,07/01/2024
3858,35,Female,Human Resources,HR-01,HR Analyst,2,Bachelor's,5382,6311,30,236,8,5,5,3 - High,3,No,No,2.0,27.0,0,3.0,High,09/14/2019
3859,24,Male,Marketing,MKT-04,Content Strategist,2,Master's,6716,8396,38,312,4,0,0,3 - High,3,No,No,9.0,29.0,0,3.0,Very High,2024-02-25
3860,41,Non-Binary,Engineering,ENG-02,DevOps Engineer,1,Master's,7460,8357,42,330,5,0,0,4 - Very High,3,No,No,13.0,25.0,2,3.0,Very High,09/04/2024
3861,28,Male,Human Resources,HR-01,Recruiter,4,Bachelor's,6618,7791,38,305,1,0,0,2 - Medium,2,No,No,24.0,14.0,0,3.0,High,2024-10-21
3862,33,Male,Marketing,MKT-04,Digital Marketing Lead,2,High School,6744,8439,38,305,7,6,5,4 - Very High,3,No,No,10.0,48.0,1,3.0,Very High,2019-12-23
3863,53,Male,Engineering,ENG-02,Engineering Manager,2,Master's,9621,11370,56,448,24,12,9,2 - Medium,2,No,Yes,10.0,35.0,0,,High,2015-06-09
3864,30,Male,Human Resources,HR-01,HR Coordinator,1,Bachelor's,3630,4322,21,166,1,1,1,3 - High,4,No,No,12.0,31.0,0,4.0,Very High,03/08/2024
3865,40,Female,Engineering,ENG-02,Data Engineer,1,Master's,7982,9047,47,383,15,10,4,4 - Very High,3,No,No,9.0,18.0,2,,Very High,2020-07-09
3866,36,Non-Binary,Sales,SAL-03,Senior Sales Rep,3,Bachelor's,7528,9417,44,353,13,1,1,3 - High,2,No,No,13.0,25.0,0,3.0,High,2023-04-12
3867,41,Male,Operations,OPS-06,Operations Manager,1,Bachelor's,4933,6572,28,220,3,3,1,3 - High,2,No,Yes,7.0,14.0,0,3.0,Low,2023-09-28
3868,26,Male,Finance,FIN-05,Auditor,2,Bachelor's,6575,9007,37,294,2,0,0,3 - High,4,No,No,5.0,40.0,0,4.0,Very High,2024-07-26
3869,21,Male,Engineering,ENG-02,Staff Engineer,2,Bachelor's,8192,9715,47,376,0,0,0,4 - Very High,4,No,No,6.0,19.0,1,,High,2024-09-12
3870,30,Male,Operations,OPS-06,Logistics Coordinator,3,Bachelor's,6569,7945,38,312,7,7,1,4 - Very High,1,No,No,11.0,33.0,0,3.0,Medium,09/13/2023
3871,44,Non-Binary,Finance,FIN-05,Finance Manager,1,Bachelor's,5780,6847,32,257,13,6,4,3 - High,3,No,No,6.0,12.0,1,2.0,Very High,2020-12-08
3872,29,Male,Operations,OPS-06,Supply Chain Analyst,1,High School,3881,4612,22,173,1,1,0,4 - Very High,3,No,No,6.0,29.0,2,5.0,Very High,05/08/2024
3873,23,Male,Human Resources,HR-01,Recruiter,1,Master's,3783,5214,22,181,1,1,0,2 - Medium,2,No,Yes,5.0,37.0,0,5.0,High,2024-05-24
3874,29,Male,Engineering,ENG-02,DevOps Engineer,1,High School,4690,6308,27,216,0,0,0,3 - High,4,No,No,4.0,9.0,0,2.0,High,2024-09-15
3875,27,Male,Engineering,ENG-02,Frontend Developer,1,Bachelor's,5992,7402,34,267,1,1,0,4 - Very High,3,No,No,4.0,34.0,1,5.0,Very High,2024-09-25
3876,37,Male,Engineering,ENG-02,Frontend Developer,3,High School,7405,9773,43,342,10,1,0,4 - Very High,3,No,No,5.0,32.0,2,3.0,Very High,2024-05-12
3877,31,Female,Sales,SAL-03,Account Executive,3,High School,7808,9165,45,355,4,0,0,4 - Very High,3,No,No,4.0,34.0,1,,High,2024-01-13
3878,44,Female,Operations,OPS-06,Operations Analyst,1,Bachelor's,4289,5681,25,204,1,0,0,3 - High,2,No,No,7.0,31.0,4,5.0,Very High,01/02/2024
3879,48,Non-Binary,Sales,SAL-03,Sales Director,2,Bachelor's,7483,10044,42,333,2,1,0,3 - High,2,No,No,8.0,16.0,0,2.0,Very High,2024-01-02
3880,30,Female,Operations,OPS-06,Facilities Manager,5,Bachelor's,11034,14075,63,510,0,0,0,4 - Very High,4,No,No,,24.0,1,3.0,Very High,2025-03-22
3881,32,Male,Engineering,ENG-02,QA Engineer,1,PhD,6416,8396,36,284,3,2,2,4 - Very High,2,No,No,3.0,25.0,2,5.0,Very High,2022-03-26
3882,33,Male,Marketing,MKT-04,SEO Specialist,2,Bachelor's,6098,7379,35,278,0,0,0,3 - High,3,Yes,No,13.0,11.0,0,3.0,Very High,08/03/2024
3883,27,Male,Sales,SAL-03,Business Development Rep,2,Bachelor's,5602,6785,32,259,6,5,5,3 - High,3,No,No,6.0,33.0,0,3.0,Medium,2019-10-09
3884,44,Male,Engineering,ENG-02,Backend Developer,1,Master's,7614,10421,43,352,14,12,5,4 - Very High,4,Yes,Yes,8.0,46.0,1,4.0,High,08/15/2019
3885,39,Male,Engineering,ENG-02,QA Engineer,1,Bachelor's,4881,5771,28,221,1,1,0,3 - High,4,No,No,2.0,15.0,4,4.0,High,2024-02-24
3886,36,Female,Engineering,ENG-02,Frontend Developer,1,Master's,7433,8428,43,345,12,9,5,3 - High,3,No,No,12.0,13.0,0,3.0,Very High,2019-06-04
3887,60,Female,Engineering,ENG-02,Senior Engineer,4,Master's,12474,14778,73,585,24,22,2,3 - High,3,No,No,10.0,34.0,0,4.0,Very High,10/31/2022
3888,28,Male,Finance,FIN-05,Financial Analyst,1,Bachelor's,5344,6220,31,246,3,2,1,3 - High,4,Yes,No,6.0,23.0,0,3.0,Medium,2023-06-20
3889,37,Male,Engineering,ENG-02,Software Engineer,1,Bachelor's,5467,6629,31,252,3,1,1,3 - High,1,No,No,4.0,16.0,1,4.0,Very High,2023-01-07
3890,32,Male,Sales,SAL-03,Sales Manager,3,PhD,8940,12237,52,412,2,2,2,3 - High,4,No,No,4.0,23.0,1,5.0,Very High,06/06/2022
3891,43,Female,Sales,SAL-03,Sales Director,2,Bachelor's,6976,7902,40,321,2,1,1,3 - High,3,No,No,12.0,19.0,6,4.0,High,2023-06-26
3892,22,Male,Engineering,ENG-02,Engineering Manager,1,Bachelor's,6440,7475,36,294,3,2,0,4 - Very High,4,No,No,17.0,29.0,2,4.0,Very High,2024-01-23
3893,33,Non-Binary,Sales,SAL-03,Business Development Rep,3,High School,7119,8719,41,329,9,4,4,3 - High,3,No,No,7.0,33.0,0,,Very High,2020-09-20
3894,60,Female,Finance,FIN-05,Tax Specialist,2,Master's,7534,9007,44,356,19,1,0,2 - Medium,2,No,No,19.0,35.0,2,,High,2024-04-02
3895,58,Female,Sales,SAL-03,Sales Director,3,Bachelor's,9654,13032,56,446,16,1,1,4 - Very High,3,No,Yes,8.0,16.0,0,,Medium,2023-04-12
3896,54,Male,Finance,FIN-05,Controller,3,Master's,11291,14565,65,533,15,12,7,3 - High,4,No,No,6.0,21.0,3,3.0,High,2017-05-06
3897,35,Female,Engineering,ENG-02,Backend Developer,3,Master's,10810,14596,62,489,7,4,1,4 - Very High,4,No,No,2.0,24.0,0,4.0,Very High,2023-01-18
3898,35,Female,Human Resources,HR-01,Benefits Specialist,1,Master's,4120,5070,24,189,9,6,1,4 - Very High,4,No,No,9.0,23.0,1,,Very High,10/03/2023
3899,33,Female,Engineering,ENG-02,Data Engineer,3,PhD,9971,12784,59,475,6,2,1,4 - Very High,4,No,No,9.0,26.0,1,4.0,Very High,2023-09-09
3900,37,Male,Operations,OPS-06,Operations Manager,2,Bachelor's,6928,9177,39,316,14,13,11,4 - Very High,3,No,No,11.0,24.0,0,4.0,Very High,04/24/2013
3901,30,Non-Binary,Human Resources,HR-01,Recruiter,4,High School,7191,8936,41,332,5,5,4,2 - Medium,2,No,Yes,16.0,22.0,3,3.0,High,12/03/2020
3902,44,Male,Human Resources,HR-01,HR Analyst,1,Bachelor's,3803,4789,22,173,4,1,1,4 - Very High,3,No,No,15.0,29.0,2,5.0,Very High,06/05/2023
3903,21,Non-Binary,Operations,OPS-06,Operations Manager,3,Bachelor's,7377,9993,43,342,0,0,0,4 - Very High,3,No,No,5.0,21.0,1,4.0,High,2024-06-17
3904,35,Male,Engineering,ENG-02,Data Engineer,3,Bachelor's,8663,9969,50,392,4,1,0,2 - Medium,2,No,No,14.0,25.0,2,2.0,High,2024-03-27
3905,31,Male,Sales,SAL-03,Sales Rep,3,Master's,7532,9237,44,359,4,2,0,3 - High,3,No,No,16.0,24.0,0,5.0,High,2024-08-02
3906,23,Male,Engineering,ENG-02,Software Engineer,1,Bachelor's,5385,6503,31,246,1,1,1,4 - Very High,3,No,Yes,4.0,30.0,1,3.0,Medium,2023-09-22
3907,33,Non-Binary,Engineering,ENG-02,Frontend Developer,2,Master's,6606,8847,38,303,0,0,0,2 - Medium,3,No,No,18.0,20.0,0,3.0,Medium,2024-04-27
3908,21,Male,Engineering,ENG-02,DevOps Engineer,4,Bachelor's,10680,11799,61,485,0,0,0,4 - Very High,3,No,Yes,12.0,33.0,1,,High,2024-10-06
3909,31,Female,Engineering,ENG-02,Engineering Manager,1,Bachelor's,6963,7991,40,319,7,3,3,3 - High,2,Yes,No,4.0,19.0,1,5.0,High,2021-02-19
3910,38,Female,Sales,SAL-03,Senior Sales Rep,1,Master's,5449,6393,31,251,2,1,0,4 - Very High,3,No,No,12.0,8.0,4,5.0,Very High,2024-05-25
3911,51,Male,Finance,FIN-05,Finance Manager,2,PhD,9331,12634,55,432,20,4,3,3 - High,4,No,No,7.0,24.0,0,2.0,Medium,2021-07-26
3912,36,Female,Operations,OPS-06,Logistics Coordinator,3,Master's,7856,9223,45,355,10,6,6,2 - Medium,1,No,Yes,9.0,20.0,1,3.0,High,2018-02-21
3913,23,Female,Operations,OPS-06,Operations Manager,2,PhD,6221,7841,37,300,3,0,0,4 - Very High,4,No,No,5.0,31.0,0,,Very High,2024-11-18
3914,33,Male,Operations,OPS-06,Facilities Manager,4,Master's,9320,11971,55,432,3,2,1,4 - Very High,2,No,Yes,9.0,36.0,1,3.0,High,2023-04-26
3915,33,Female,Engineering,ENG-02,ML Engineer,2,PhD,10394,12501,58,465,2,1,1,4 - Very High,2,Yes,Yes,6.0,14.0,2,5.0,High,2023-03-16
3916,37,Male,Operations,OPS-06,Supply Chain Analyst,1,Master's,4464,5746,26,210,5,1,0,3 - High,3,No,No,7.0,34.0,0,3.0,High,2024-02-05
3917,47,Female,Marketing,MKT-04,Marketing Manager,2,Bachelor's,7182,9234,42,340,11,10,3,3 - High,2,No,Yes,6.0,18.0,0,3.0,Medium,11/06/2021
3918,34,Non-Binary,Sales,SAL-03,Sales Director,4,Bachelor's,10051,11530,58,463,6,0,0,2 - Medium,3,Yes,No,4.0,24.0,2,1.0,High,05/17/2024
3919,54,Male,Finance,FIN-05,Auditor,1,Bachelor's,5374,6459,31,245,20,5,0,3 - High,4,Yes,Yes,2.0,24.0,1,4.0,Very High,2024-11-09
3920,40,Male,Sales,SAL-03,Account Executive,1,Bachelor's,5327,7151,31,252,10,10,5,4 - Very High,4,No,No,5.0,27.0,2,3.0,Medium,2019-04-04
3921,27,Non-Binary,Sales,SAL-03,Sales Director,2,Master's,7333,9879,42,331,2,1,0,2 - Medium,2,No,Yes,12.0,42.0,0,2.0,Medium,08/24/2024
3922,28,Female,Sales,SAL-03,Sales Director,2,Bachelor's,7584,9952,43,349,3,3,0,3 - High,3,Yes,Yes,7.0,20.0,3,3.0,Low,06/10/2024
3923,48,Male,Sales,SAL-03,Senior Sales Rep,2,Master's,7581,9981,44,353,17,1,0,3 - High,2,No,Yes,2.0,31.0,0,3.0,Low,2024-04-13
3924,35,Male,Engineering,ENG-02,Backend Developer,4,Master's,10085,12448,58,471,6,3,3,3 - High,3,No,No,3.0,37.0,2,3.0,Medium,03/13/2021
3925,21,Male,Marketing,MKT-04,Marketing Manager,1,High School,4404,5217,26,207,0,0,0,3 - High,2,No,No,7.0,25.0,0,4.0,Very High,2024-11-25
3926,21,Male,Marketing,MKT-04,Marketing Manager,1,PhD,5676,7385,32,263,3,1,1,3 - High,4,No,No,4.0,9.0,0,4.0,Very High,01/06/2023
3927,46,Female,Engineering,ENG-02,Senior Engineer,5,Bachelor's,16835,20042,95,762,12,5,5,3 - High,4,No,Yes,5.0,32.0,0,2.0,Low,12/10/2019
3928,32,Female,Engineering,ENG-02,Software Engineer,3,High School,8304,9841,47,381,3,2,2,4 - Very High,2,No,Yes,3.0,20.0,0,5.0,High,2022-04-30
3929,47,Female,Sales,SAL-03,Sales Manager,3,PhD,10162,11492,59,471,11,4,0,4 - Very High,4,No,No,10.0,23.0,3,3.0,Very High,2024-08-31
3930,29,Male,Human Resources,HR-01,Recruiter,3,Bachelor's,5304,6969,31,250,1,0,0,3 - High,3,No,No,3.0,32.0,3,,High,2024-12-15
3931,29,Male,Human Resources,HR-01,HR Manager,3,High School,6195,8099,37,304,3,2,2,4 - Very High,2,No,No,6.0,27.0,0,,Very High,2022-01-09
3932,26,Female,Marketing,MKT-04,Brand Manager,3,Master's,7128,8587,40,324,0,0,0,1 - Low,4,No,No,20.0,28.0,0,3.0,High,08/19/2024
3933,46,Female,Sales,SAL-03,Regional Sales Lead,2,Master's,7909,9547,47,377,8,1,1,4 - Very High,4,No,No,5.0,24.0,1,3.0,High,2023-03-22
3934,31,Male,Human Resources,HR-01,Benefits Specialist,2,High School,5224,6024,29,234,3,1,1,3 - High,4,No,No,8.0,27.0,0,2.0,Very High,2023-09-07
3935,39,Female,Operations,OPS-06,Process Engineer,1,Bachelor's,4785,6182,27,214,10,4,1,3 - High,3,No,No,4.0,28.0,1,,High,2023-03-06
3936,46,Female,Marketing,MKT-04,Digital Marketing Lead,1,Bachelor's,5194,6974,30,236,16,9,4,4 - Very High,4,No,No,6.0,25.0,2,4.0,Very High,2020-03-08
3937,26,Male,Engineering,ENG-02,QA Engineer,4,Bachelor's,9312,12782,55,434,4,4,3,3 - High,4,No,No,6.0,39.0,0,,Very High,03/02/2021
3938,55,Male,Sales,SAL-03,Sales Director,2,High School,7882,8921,45,358,24,17,14,4 - Very High,4,No,No,8.0,25.0,2,5.0,High,2010-09-10
3939,29,Male,Operations,OPS-06,Process Engineer,3,Master's,6475,7823,37,301,2,1,0,4 - Very High,4,No,No,11.0,17.0,0,4.0,Very High,2024-04-01
3940,32,Female,Engineering,ENG-02,Software Engineer,1,Master's,6937,8369,41,327,7,0,0,4 - Very High,3,Yes,Yes,30.0,18.0,1,,Low,2024-02-08
3941,40,Female,Operations,OPS-06,Supply Chain Analyst,2,Bachelor's,6604,7708,38,311,20,11,9,3 - High,3,No,No,6.0,16.0,0,4.0,Very High,10/14/2015
3942,24,Male,Finance,FIN-05,Financial Analyst,1,Master's,4907,6550,28,221,2,2,1,3 - High,4,No,No,4.0,13.0,0,4.0,High,2023-03-16
3943,35,Male,Engineering,ENG-02,Data Engineer,2,High School,7407,8648,42,335,1,1,0,4 - Very High,3,No,No,12.0,27.0,4,3.0,Very High,2024-03-29
3944,39,Male,Sales,SAL-03,Sales Manager,1,Bachelor's,6060,7887,35,282,8,7,4,4 - Very High,2,No,No,30.0,20.0,0,4.0,Medium,01/07/2020
3945,39,Male,Engineering,ENG-02,Data Engineer,2,Bachelor's,8114,10001,46,374,3,3,1,3 - High,3,Yes,No,9.0,29.0,1,3.0,High,2023-02-23
3946,49,Male,Engineering,ENG-02,ML Engineer,3,Bachelor's,10203,12358,60,471,18,17,9,2 - Medium,3,No,Yes,4.0,35.0,0,4.0,High,2015-12-24
3947,49,Male,Sales,SAL-03,Sales Director,4,Bachelor's,12251,13844,71,580,7,6,3,4 - Very High,4,No,No,7.0,35.0,2,5.0,Very High,03/07/2021
3948,43,Female,Marketing,MKT-04,Content Strategist,1,Master's,5502,7214,31,246,10,5,3,4 - Very High,2,No,No,11.0,17.0,1,4.0,Very High,2021-09-14
3949,34,Female,Sales,SAL-03,Sales Director,2,Bachelor's,7649,10504,43,343,3,0,0,3 - High,4,No,No,4.0,45.0,2,3.0,High,10/23/2024
3950,21,Male,Sales,SAL-03,Senior Sales Rep,2,Bachelor's,5879,7799,35,286,0,0,0,3 - High,3,No,Yes,12.0,29.0,0,,Medium,2024-10-27
3951,26,Female,Marketing,MKT-04,Content Strategist,2,Master's,6375,8254,38,300,0,0,0,3 - High,3,No,No,10.0,18.0,0,2.0,High,09/22/2024
3952,56,Female,Sales,SAL-03,Senior Sales Rep,1,Bachelor's,5249,6703,31,249,19,6,1,4 - Very High,4,No,No,4.0,24.0,0,3.0,Very High,2023-05-03
3953,28,Non-Binary,Marketing,MKT-04,Growth Analyst,3,Bachelor's,7654,8645,43,346,0,0,0,2 - Medium,2,No,Yes,5.0,22.0,1,3.0,Medium,2024-11-11
3954,40,Male,Engineering,ENG-02,Data Engineer,1,Master's,7931,10482,47,375,11,8,1,3 - High,3,No,No,4.0,30.0,0,1.0,Very High,2023-11-05
3955,42,Male,Sales,SAL-03,Senior Sales Rep,2,Master's,8286,11443,47,373,16,8,2,3 - High,4,No,Yes,15.0,17.0,1,,High,06/26/2022
3956,33,Male,Sales,SAL-03,Sales Rep,4,Bachelor's,9338,11903,55,442,17,1,1,3 - High,4,No,Yes,3.0,18.0,3,3.0,High,2023-02-08
3957,40,Non-Binary,Human Resources,HR-01,Recruiter,1,High School,3578,4440,20,164,8,1,1,3 - High,4,No,No,3.0,26.0,4,3.0,Very High,03/01/2023
3958,24,Male,Operations,OPS-06,Operations Analyst,1,Master's,4978,6815,29,228,2,2,0,3 - High,2,No,No,3.0,29.0,0,2.0,High,2024-01-12
3959,38,Male,Operations,OPS-06,Operations Manager,4,Bachelor's,8271,9607,47,375,4,4,4,3 - High,2,No,No,3.0,41.0,0,3.0,High,2020-11-15
3960,30,Male,Operations,OPS-06,Operations Manager,2,PhD,7537,9180,43,340,2,1,0,3 - High,3,Yes,No,2.0,25.0,4,,High,2024-03-15
3961,42,Non-Binary,Human Resources,HR-01,HR Manager,1,Bachelor's,4308,5724,25,198,8,2,0,2 - Medium,2,No,No,9.0,26.0,3,,Very High,2024-06-01
3962,54,Male,Marketing,MKT-04,Content Strategist,1,Bachelor's,4817,5818,27,218,12,4,0,1 - Low,2,No,Yes,6.0,21.0,0,1.0,High,2024-10-30
3963,32,Female,Engineering,ENG-02,Software Engineer,1,Bachelor's,4610,6136,26,212,1,1,0,4 - Very High,4,No,No,5.0,22.0,2,4.0,High,2024-05-08
3964,35,Female,Sales,SAL-03,Sales Rep,3,Bachelor's,8281,11274,48,381,10,2,0,4 - Very High,3,No,Yes,11.0,31.0,2,4.0,High,2024-10-07
3965,32,Female,Sales,SAL-03,Regional Sales Lead,4,High School,9152,10845,51,406,1,0,0,4 - Very High,3,No,No,9.0,45.0,4,3.0,Very High,11/07/2024
3966,26,Female,Marketing,MKT-04,Brand Manager,4,Bachelor's,7710,9739,45,357,0,0,0,4 - Very High,2,No,No,13.0,33.0,1,4.0,Very High,2024-04-10
3967,38,Male,Marketing,MKT-04,Marketing Manager,3,PhD,8742,10256,50,403,7,3,0,3 - High,3,No,No,6.0,27.0,1,4.0,Very High,05/01/2024
3968,22,Female,Sales,SAL-03,Regional Sales Lead,3,High School,8312,10984,47,372,4,3,2,3 - High,2,Yes,Yes,12.0,43.0,0,4.0,High,2022-03-26
3969,40,Female,Marketing,MKT-04,Digital Marketing Lead,1,Bachelor's,5218,6912,29,231,3,2,0,4 - Very High,3,No,No,19.0,20.0,2,4.0,Very High,02/16/2024
3970,50,Male,Finance,FIN-05,Finance Manager,1,Bachelor's,5561,6619,32,261,25,15,1,3 - High,3,No,No,10.0,25.0,0,1.0,Medium,2023-05-25
3971,31,Male,Engineering,ENG-02,Frontend Developer,3,Bachelor's,9278,11707,52,419,4,4,2,4 - Very High,3,No,Yes,10.0,35.0,1,3.0,High,06/15/2022
3972,37,Male,Finance,FIN-05,Tax Specialist,1,High School,4190,5156,24,192,1,1,1,4 - Very High,1,Yes,Yes,11.0,15.0,2,2.0,Medium,2023-06-05
3973,32,Male,Sales,SAL-03,Account Executive,2,High School,7301,8320,41,335,10,0,0,3 - High,3,No,No,10.0,21.0,0,4.0,Very High,2024-07-30
3974,24,Female,Engineering,ENG-02,Staff Engineer,2,Master's,9077,10861,53,423,5,3,3,3 - High,2,No,Yes,17.0,29.0,1,4.0,Very High,06/22/2021
3975,41,Female,Engineering,ENG-02,Frontend Developer,2,Master's,7324,9674,42,334,7,7,3,4 - Very High,3,No,No,7.0,32.0,2,5.0,Very High,2021-03-25
3976,37,Female,Sales,SAL-03,Sales Manager,1,Bachelor's,6580,7535,38,309,14,9,1,3 - High,4,No,No,12.0,22.0,0,4.0,Very High,2023-09-24
3977,45,Male,Engineering,ENG-02,Frontend Developer,1,Master's,6439,8900,38,312,3,3,0,2 - Medium,2,No,Yes,6.0,30.0,3,3.0,High,09/08/2024
3978,34,Female,Marketing,MKT-04,Digital Marketing Lead,3,Master's,8645,10749,49,401,4,2,1,4 - Very High,4,No,No,6.0,30.0,0,5.0,Very High,2023-01-19
3979,60,Female,Sales,SAL-03,Account Executive,2,Master's,8782,11085,52,428,26,16,9,3 - High,3,No,No,7.0,10.0,0,3.0,High,2015-04-20
3980,30,Male,Operations,OPS-06,Supply Chain Analyst,2,Master's,5102,6930,29,237,2,1,1,3 - High,3,No,Yes,9.0,24.0,0,4.0,Very High,2023-12-02
3981,36,Male,Operations,OPS-06,Logistics Coordinator,3,Bachelor's,6652,8835,38,300,12,12,4,3 - High,3,No,No,11.0,31.0,0,3.0,Very High,2020-04-06
3982,26,Female,Engineering,ENG-02,Frontend Developer,2,Master's,7719,10017,44,355,0,0,0,3 - High,2,No,No,4.0,25.0,3,3.0,Very High,2025-03-12
3983,44,Female,Engineering,ENG-02,Staff Engineer,2,Bachelor's,10063,12675,58,468,16,14,10,4 - Very High,4,No,No,2.0,22.0,0,5.0,Very High,07/17/2014
3984,21,Female,Operations,OPS-06,Process Engineer,3,Bachelor's,6761,7661,40,325,0,0,0,3 - High,2,Yes,No,5.0,20.0,0,5.0,High,2024-10-19
3985,40,Non-Binary,Marketing,MKT-04,Marketing Analyst,4,Bachelor's,7954,10738,46,362,3,3,2,3 - High,3,No,No,11.0,34.0,0,4.0,High,05/23/2022
3986,35,Female,Human Resources,HR-01,HR Analyst,3,Bachelor's,5254,6258,31,244,0,0,0,4 - Very High,4,No,No,5.0,25.0,3,4.0,High,2024-09-03
3987,40,Male,Engineering,ENG-02,ML Engineer,5,Bachelor's,18214,24025,108,874,12,10,1,3 - High,4,No,No,7.0,33.0,0,5.0,Very High,2023-10-12
3988,48,Male,Operations,OPS-06,Supply Chain Analyst,1,PhD,5896,7235,34,270,11,6,5,3 - High,2,Yes,Yes,13.0,6.0,0,2.0,Low,2019-09-13
3989,29,Female,Operations,OPS-06,Facilities Manager,2,Bachelor's,4939,6490,28,223,0,0,0,3 - High,3,No,No,19.0,18.0,2,2.0,Very High,2025-04-11
3990,33,Female,Engineering,ENG-02,Software Engineer,1,Bachelor's,6212,8729,36,283,15,14,10,2 - Medium,4,No,Yes,6.0,17.0,0,,High,2014-12-09
3991,25,Male,Finance,FIN-05,Tax Specialist,1,Master's,4990,6237,28,226,0,0,0,4 - Very High,4,No,No,13.0,24.0,0,5.0,Very High,2025-01-26
3992,41,Female,Operations,OPS-06,Operations Manager,3,Master's,9035,11856,54,430,12,1,0,3 - High,2,Yes,Yes,13.0,33.0,2,3.0,High,2024-05-15
3993,34,Female,Sales,SAL-03,Regional Sales Lead,3,Bachelor's,7646,8748,44,349,0,0,0,2 - Medium,4,No,No,13.0,18.0,2,3.0,Very High,2024-10-08
3994,24,Female,Sales,SAL-03,Sales Manager,1,High School,5057,5816,29,237,5,0,0,4 - Very High,4,No,No,5.0,31.0,0,4.0,Very High,2024-06-08
3995,38,Male,Engineering,ENG-02,ML Engineer,3,Master's,9496,12559,56,459,3,1,0,1 - Low,1,No,Yes,4.0,20.0,3,2.0,Medium,11/14/2024
3996,33,Male,Marketing,MKT-04,Brand Manager,1,Master's,6314,8552,36,287,4,2,2,4 - Very High,4,No,No,5.0,25.0,0,4.0,Very High,2022-05-05
3997,37,Non-Binary,Engineering,ENG-02,ML Engineer,4,Bachelor's,10630,12375,61,501,3,1,1,4 - Very High,2,No,No,8.0,32.0,1,,Very High,11/02/2023
3998,45,Female,Engineering,ENG-02,QA Engineer,1,High School,4948,6144,29,239,11,5,3,4 - Very High,3,No,No,5.0,25.0,1,,High,07/19/2021
3999,45,Female,Sales,SAL-03,Business Development Rep,3,High School,8518,10940,51,402,24,17,4,4 - Very High,3,No,No,14.0,32.0,1,3.0,Medium,2020-01-20
4000,44,Female,Operations,OPS-06,Logistics Coordinator,3,Bachelor's,6109,7568,35,288,24,5,1,3 - High,4,No,No,8.0,12.0,2,3.0,Very High,02/25/2023
4001,40,Male,Engineering,ENG-02,Frontend Developer,4,Bachelor's,11322,13283,66,524,14,5,0,4 - Very High,2,No,No,7.0,31.0,1,4.0,Very High,2024-03-07
4002,36,Female,Operations,OPS-06,Operations Manager,1,Master's,4884,6910,28,225,10,2,2,1 - Low,2,No,No,15.0,26.0,0,4.0,Very High,2022-05-04
4003,32,Male,Engineering,ENG-02,ML Engineer,3,High School,9932,11527,56,446,6,1,1,4 - Very High,4,No,No,2.0,15.0,0,4.0,Very High,2023-08-19
4004,34,Female,Engineering,ENG-02,Staff Engineer,2,Bachelor's,9591,12188,57,463,11,6,3,3 - High,4,No,No,14.0,25.0,2,3.0,Medium,2021-12-03
4005,40,Male,Operations,OPS-06,Supply Chain Analyst,1,High School,4080,5494,24,191,12,0,0,4 - Very High,2,No,No,3.0,12.0,1,3.0,Very High,03/20/2024
4006,34,Male,Marketing,MKT-04,Growth Analyst,4,Master's,9739,13141,56,456,1,1,0,4 - Very High,3,No,No,11.0,47.0,1,4.0,Very High,08/20/2024
4007,40,Male,Finance,FIN-05,Tax Specialist,3,PhD,7184,9136,42,340,1,1,0,1 - Low,2,No,No,34.0,12.0,1,1.0,Medium,2024-07-24
4008,39,Female,Engineering,ENG-02,DevOps Engineer,3,Bachelor's,8529,10676,48,382,4,2,2,3 - High,2,No,No,4.0,34.0,3,,Medium,2022-05-11
4009,25,Male,Operations,OPS-06,Operations Analyst,4,High School,8031,10860,46,362,10,3,0,3 - High,2,No,No,6.0,31.0,0,2.0,Medium,2024-08-31
4010,42,Female,Engineering,ENG-02,ML Engineer,3,High School,10601,13447,61,490,12,6,3,4 - Very High,4,No,No,10.0,31.0,3,3.0,Very High,2021-06-22
4011,43,Female,Marketing,MKT-04,Content Strategist,1,High School,4345,5228,25,198,8,0,0,3 - High,4,No,No,3.0,24.0,1,5.0,High,2024-06-19
4012,50,Female,Sales,SAL-03,Senior Sales Rep,1,High School,4371,5653,25,202,8,8,4,3 - High,3,No,No,8.0,22.0,4,4.0,Very High,2020-05-12
4013,33,Male,Engineering,ENG-02,Engineering Manager,1,Master's,6006,7506,35,287,0,0,0,4 - Very High,4,No,No,11.0,19.0,0,3.0,Medium,02/10/2025
4014,33,Female,Engineering,ENG-02,Backend Developer,2,Bachelor's,7730,10267,46,371,4,4,3,4 - Very High,3,No,Yes,5.0,19.0,0,3.0,Very High,2021-10-12
4015,39,Male,Engineering,ENG-02,DevOps Engineer,1,Master's,8090,10987,46,379,10,3,2,3 - High,3,No,No,14.0,31.0,1,2.0,Very High,10/01/2022
4016,32,Female,Engineering,ENG-02,Backend Developer,1,Bachelor's,5240,6278,31,251,2,0,0,4 - Very High,4,No,No,10.0,23.0,0,4.0,Very High,03/10/2024
4017,31,Male,Sales,SAL-03,Sales Director,5,Master's,12625,14535,72,586,2,0,0,3 - High,3,No,No,10.0,44.0,2,3.0,High,06/16/2024
4018,33,Female,Operations,OPS-06,Logistics Coordinator,2,Bachelor's,6077,7220,36,290,9,7,4,2 - Medium,4,No,No,8.0,36.0,1,4.0,Very High,2020-06-03
4019,36,Male,Engineering,ENG-02,Senior Engineer,2,Master's,7925,10262,45,355,7,6,5,4 - Very High,3,No,No,17.0,29.0,2,4.0,Very High,10/20/2019
4020,35,Female,Engineering,ENG-02,DevOps Engineer,4,PhD,14108,17538,81,642,9,2,1,2 - Medium,3,No,Yes,9.0,45.0,1,,Medium,12/09/2023
4021,49,Male,Operations,OPS-06,Operations Analyst,2,Bachelor's,6542,8766,38,298,15,8,7,3 - High,3,No,No,3.0,20.0,3,4.0,Very High,2017-10-31
4022,31,Female,Engineering,ENG-02,Staff Engineer,5,Bachelor's,16441,21128,97,773,0,0,0,3 - High,1,No,No,6.0,13.0,0,3.0,Very High,12/07/2024
4023,40,Female,Operations,OPS-06,Supply Chain Analyst,4,Bachelor's,9216,11274,53,424,1,0,0,3 - High,4,No,No,10.0,20.0,1,3.0,High,2024-10-16
4024,43,Female,Engineering,ENG-02,Backend Developer,1,Bachelor's,5405,7222,31,245,7,2,0,3 - High,4,No,No,8.0,15.0,4,3.0,High,08/15/2024
4025,37,Male,Human Resources,HR-01,HR Manager,2,High School,5625,6688,32,260,1,1,1,3 - High,4,No,No,10.0,33.0,0,2.0,Very High,2023-08-30
4026,29,Male,Operations,OPS-06,Operations Manager,2,Master's,5339,7149,31,253,1,0,0,3 - High,3,No,No,5.0,22.0,2,2.0,Very High,2024-02-16
4027,36,Male,Operations,OPS-06,Process Engineer,3,High School,5825,6750,34,278,0,0,0,1 - Low,3,No,No,11.0,15.0,2,1.0,High,12/07/2024
4028,26,Male,Sales,SAL-03,Senior Sales Rep,2,High School,5162,6341,31,243,4,4,1,3 - High,3,No,Yes,5.0,20.0,1,3.0,High,01/10/2023
4029,37,Female,Engineering,ENG-02,Data Engineer,1,Bachelor's,6937,8199,40,327,14,0,0,4 - Very High,4,No,No,13.0,32.0,0,4.0,Very High,2024-05-13
4030,21,Male,Sales,SAL-03,Senior Sales Rep,5,Bachelor's,12685,14433,74,592,0,0,0,3 - High,4,Yes,Yes,3.0,40.0,2,4.0,Very High,10/09/2024
4031,29,Male,Sales,SAL-03,Regional Sales Lead,2,Bachelor's,7079,8130,41,337,2,1,0,3 - High,1,No,Yes,10.0,19.0,6,3.0,Medium,2024-11-20
4032,44,Male,Finance,FIN-05,Financial Analyst,1,Master's,6014,8470,36,288,23,23,12,3 - High,3,No,No,11.0,24.0,0,4.0,High,08/07/2012
4033,21,Female,Finance,FIN-05,Financial Analyst,1,Bachelor's,4785,6025,28,224,5,5,0,3 - High,3,No,Yes,7.0,27.0,1,2.0,High,01/18/2024
4034,33,Non-Binary,Marketing,MKT-04,Growth Analyst,3,High School,7206,9172,42,334,0,0,0,3 - High,3,No,No,5.0,23.0,0,,High,06/26/2024
4035,32,Male,Marketing,MKT-04,Marketing Analyst,2,Master's,6449,8036,37,300,1,1,0,3 - High,4,No,No,6.0,19.0,2,3.0,Very High,2024-11-27
4036,30,Female,Engineering,ENG-02,Engineering Manager,4,Bachelor's,10829,14446,63,511,3,1,1,1 - Low,2,No,No,8.0,17.0,0,2.0,Very High,2023-10-26
4037,40,Male,Operations,OPS-06,Logistics Coordinator,4,Bachelor's,8405,11090,49,390,11,3,2,4 - Very High,4,No,No,11.0,26.0,0,4.0,Very High,2022-07-29
4038,21,Female,Engineering,ENG-02,Frontend Developer,3,Master's,8248,11080,46,371,4,3,0,2 - Medium,2,No,No,4.0,25.0,0,2.0,Medium,2024-06-28
4039,28,Female,Finance,FIN-05,Tax Specialist,1,Bachelor's,4854,5978,28,227,8,3,0,3 - High,3,No,Yes,5.0,25.0,0,3.0,Medium,2024-11-16
4040,43,Male,Operations,OPS-06,Facilities Manager,2,High School,5780,7548,33,265,17,6,5,2 - Medium,2,No,No,6.0,17.0,0,,High,06/29/2019
4041,31,Female,Sales,SAL-03,Business Development Rep,2,Master's,6671,8692,39,318,2,2,0,4 - Very High,4,No,Yes,8.0,27.0,0,,Medium,2024-08-03
4042,27,Male,Operations,OPS-06,Logistics Coordinator,3,Master's,6750,8927,39,317,7,0,0,4 - Very High,3,No,No,11.0,22.0,0,4.0,Very High,02/17/2024
4043,30,Male,Finance,FIN-05,Financial Analyst,4,High School,8602,11120,51,419,4,0,0,2 - Medium,4,Yes,No,4.0,39.0,2,2.0,Very High,09/28/2024
4044,30,Male,Engineering,ENG-02,Software Engineer,4,High School,9024,10943,51,415,1,1,0,3 - High,3,No,No,13.0,31.0,0,2.0,Very High,2024-10-23
4045,21,Male,Operations,OPS-06,Operations Manager,3,Bachelor's,6808,8484,39,320,0,0,0,4 - Very High,4,No,No,11.0,19.0,0,5.0,High,2024-08-19
4046,30,Female,Operations,OPS-06,Logistics Coordinator,1,Bachelor's,4178,4951,23,184,1,0,0,3 - High,4,No,Yes,4.0,23.0,0,,Low,2024-06-06
4047,31,Male,Marketing,MKT-04,Marketing Analyst,1,Master's,5428,6944,32,253,6,5,5,3 - High,3,No,No,9.0,27.0,0,3.0,High,2019-01-17
4048,26,Male,Operations,OPS-06,Operations Analyst,1,Bachelor's,3822,5290,22,174,1,0,0,4 - Very High,3,No,No,11.0,25.0,1,4.0,Very High,2024-02-15
4049,48,Female,Sales,SAL-03,Sales Director,3,Bachelor's,10747,12285,63,516,13,2,1,3 - High,3,No,Yes,5.0,37.0,4,4.0,Very High,2023-10-02
4050,42,Female,Operations,OPS-06,Process Engineer,3,Bachelor's,6813,8126,39,311,19,11,1,2 - Medium,2,No,No,6.0,33.0,2,,Very High,2023-02-04
4051,27,Male,Sales,SAL-03,Regional Sales Lead,4,Bachelor's,10418,12443,60,482,2,0,0,3 - High,2,No,No,2.0,45.0,0,4.0,Very High,2024-06-16
4052,41,Male,Sales,SAL-03,Sales Rep,2,Bachelor's,5907,6929,34,273,11,3,3,2 - Medium,3,No,No,5.0,23.0,2,2.0,Medium,2021-10-03
4053,54,Male,Marketing,MKT-04,Content Strategist,1,High School,5027,6507,30,245,18,7,3,2 - Medium,2,No,No,13.0,36.0,1,3.0,High,2021-01-17
4054,29,Female,Operations,OPS-06,Operations Manager,3,Bachelor's,7442,9562,44,360,4,4,4,3 - High,2,No,No,10.0,13.0,3,4.0,Very High,2020-03-19
4055,27,Female,Engineering,ENG-02,Engineering Manager,2,High School,6899,8500,39,315,9,0,0,4 - Very High,3,No,No,17.0,24.0,0,3.0,High,2024-04-29
4056,41,Male,Human Resources,HR-01,HR Analyst,1,Bachelor's,4132,4655,24,195,12,10,9,3 - High,2,No,No,4.0,21.0,0,2.0,Very High,2015-07-18
4057,37,Female,Marketing,MKT-04,Digital Marketing Lead,2,Master's,7711,8621,45,362,11,6,0,4 - Very High,3,No,No,27.0,30.0,0,4.0,Very High,01/17/2024
4058,31,Non-Binary,Sales,SAL-03,Regional Sales Lead,2,High School,6487,7738,37,290,8,2,0,2 - Medium,3,No,No,5.0,33.0,1,1.0,Medium,2024-11-25
4059,36,Non-Binary,Engineering,ENG-02,Data Engineer,3,High School,8326,11068,49,393,3,0,0,4 - Very High,3,No,No,5.0,20.0,1,2.0,Medium,04/28/2024
4060,25,Non-Binary,Finance,FIN-05,Tax Specialist,2,Master's,5567,6692,31,244,2,0,0,3 - High,3,No,No,7.0,23.0,3,4.0,High,11/06/2024
4061,35,Male,Marketing,MKT-04,Growth Analyst,4,Master's,9601,11106,56,441,5,5,2,3 - High,2,No,Yes,29.0,25.0,0,3.0,Low,04/02/2022
4062,34,Female,Sales,SAL-03,Sales Director,4,High School,9649,11389,55,435,8,7,4,4 - Very High,3,No,No,4.0,30.0,0,2.0,Very High,2020-10-11
4063,40,Male,Human Resources,HR-01,HR Director,3,High School,7533,9058,44,358,11,8,8,3 - High,2,No,No,6.0,28.0,0,1.0,High,2016-07-06
4064,35,Female,Marketing,MKT-04,Content Strategist,2,Bachelor's,5554,7524,32,254,2,0,0,4 - Very High,4,Yes,No,10.0,28.0,2,4.0,Very High,2024-07-15
4065,21,Female,Sales,SAL-03,Account Executive,2,Bachelor's,7470,9398,44,348,7,1,0,4 - Very High,3,No,Yes,8.0,20.0,0,5.0,Very High,2024-05-28
4066,35,Male,Engineering,ENG-02,Engineering Manager,1,Bachelor's,7337,9113,43,341,8,0,0,3 - High,3,No,No,5.0,19.0,0,3.0,High,04/22/2024
4067,31,Female,Operations,OPS-06,Process Engineer,2,PhD,6565,8652,39,306,1,1,1,3 - High,4,No,No,,19.0,4,4.0,High,2024-02-01
4068,24,Female,Engineering,ENG-02,Senior Engineer,3,Bachelor's,10187,11668,61,493,5,3,2,4 - Very High,2,No,No,17.0,25.0,1,3.0,High,01/24/2022
4069,39,Male,Engineering,ENG-02,Backend Developer,1,Bachelor's,5847,7384,34,272,7,2,2,3 - High,2,No,No,6.0,28.0,2,3.0,Very High,07/05/2022
4070,35,Female,Sales,SAL-03,Sales Rep,1,Bachelor's,4603,6191,26,206,2,1,0,4 - Very High,4,No,No,5.0,37.0,0,4.0,Very High,07/12/2024
4071,30,Female,Marketing,MKT-04,SEO Specialist,3,PhD,7435,9414,42,341,1,1,0,3 - High,4,No,No,5.0,30.0,1,3.0,Medium,2024-02-06
4072,27,Male,Operations,OPS-06,Supply Chain Analyst,3,Master's,7032,7826,41,337,3,1,0,2 - Medium,3,No,Yes,22.0,21.0,2,1.0,Medium,01/09/2024
4073,21,Female,Sales,SAL-03,Sales Rep,4,High School,7977,9292,46,367,1,0,0,4 - Very High,4,No,No,14.0,14.0,0,4.0,Very High,04/05/2024
4074,32,Non-Binary,Sales,SAL-03,Sales Manager,1,High School,5388,7357,32,258,7,3,1,3 - High,3,No,No,4.0,20.0,1,3.0,Medium,2023-06-21
4075,37,Male,Engineering,ENG-02,DevOps Engineer,1,Bachelor's,6560,8964,37,293,2,1,1,3 - High,2,Yes,Yes,16.0,11.0,4,2.0,Medium,05/23/2023
4076,26,Male,Engineering,ENG-02,Frontend Developer,2,Bachelor's,6876,8568,40,316,0,0,0,3 - High,4,No,No,10.0,24.0,4,4.0,Very High,04/22/2024
4077,29,Male,Engineering,ENG-02,DevOps Engineer,1,Bachelor's,7255,9259,41,326,9,8,6,3 - High,2,No,Yes,7.0,32.0,1,2.0,Medium,12/20/2018
4078,23,Female,Marketing,MKT-04,Brand Manager,5,Master's,13032,15547,75,596,6,2,1,3 - High,3,Yes,Yes,23.0,31.0,0,3.0,Medium,01/12/2023
4079,34,Female,Operations,OPS-06,Process Engineer,3,Bachelor's,7555,8573,45,369,4,0,0,4 - Very High,1,No,No,4.0,46.0,1,4.0,Very High,2024-11-13
4080,28,Male,Engineering,ENG-02,Software Engineer,1,Master's,5290,6754,31,255,1,1,0,3 - High,3,No,No,6.0,3.0,0,1.0,High,2024-06-27
4081,32,Male,Human Resources,HR-01,HR Manager,1,Master's,5560,6846,31,246,18,8,0,4 - Very High,3,No,No,7.0,20.0,1,4.0,High,03/16/2024
4082,24,Female,Marketing,MKT-04,Marketing Manager,1,Bachelor's,4536,5537,27,212,1,0,0,3 - High,3,No,No,32.0,25.0,0,2.0,High,2024-12-04
4083,33,Non-Binary,Finance,FIN-05,Tax Specialist,3,Bachelor's,6626,8924,37,291,3,1,0,3 - High,3,No,No,4.0,19.0,0,3.0,High,2024-07-18
4084,36,Male,Finance,FIN-05,Senior Accountant,2,High School,5409,7157,32,258,1,1,0,3 - High,4,No,No,7.0,15.0,1,1.0,High,03/09/2024
4085,28,Male,Operations,OPS-06,Operations Manager,4,Bachelor's,9863,11923,58,461,3,2,1,4 - Very High,3,No,No,12.0,19.0,0,4.0,Very High,08/30/2023
4086,31,Female,Engineering,ENG-02,Staff Engineer,2,Master's,8383,10712,48,381,3,2,2,4 - Very High,3,No,No,8.0,26.0,0,4.0,High,2022-06-21
4087,32,Female,Sales,SAL-03,Sales Manager,2,Bachelor's,6341,8709,36,284,6,3,1,4 - Very High,3,No,Yes,26.0,17.0,2,3.0,Low,2023-11-24
4088,27,Male,Finance,FIN-05,Auditor,1,Bachelor's,5516,7597,32,259,4,4,2,3 - High,1,No,No,9.0,35.0,0,1.0,Medium,2022-12-06
4089,42,Female,Finance,FIN-05,Auditor,2,High School,5670,6585,33,260,9,1,1,3 - High,3,No,Yes,11.0,19.0,0,3.0,High,2023-05-11
4090,31,Female,Engineering,ENG-02,DevOps Engineer,2,High School,6569,8991,39,319,0,0,0,4 - Very High,3,No,No,8.0,20.0,1,4.0,Very High,12/21/2024
4091,37,Male,Finance,FIN-05,Tax Specialist,1,Bachelor's,4921,6007,28,225,1,0,0,3 - High,3,No,No,3.0,13.0,3,3.0,Medium,2024-01-28
4092,31,Female,Operations,OPS-06,Logistics Coordinator,2,High School,5086,7046,29,236,6,2,1,2 - Medium,3,No,No,8.0,22.0,2,3.0,Medium,10/05/2023
4093,45,Male,Sales,SAL-03,Sales Manager,3,Master's,10296,12777,58,455,16,14,1,3 - High,2,No,No,7.0,48.0,2,4.0,High,2023-08-09
4094,38,Male,Sales,SAL-03,Sales Manager,4,Master's,9602,11230,54,424,4,1,1,4 - Very High,2,No,No,13.0,18.0,2,5.0,Very High,2023-09-13
4095,34,Female,Sales,SAL-03,Account Executive,4,Master's,12177,14192,72,571,5,3,1,4 - Very High,4,No,No,12.0,30.0,1,4.0,Very High,01/30/2023
4096,39,Female,Sales,SAL-03,Business Development Rep,3,Master's,7324,9184,43,339,7,0,0,4 - Very High,4,No,No,9.0,37.0,2,3.0,High,01/02/2024
4097,26,Female,Operations,OPS-06,Supply Chain Analyst,4,Bachelor's,7644,10036,43,341,6,3,1,2 - Medium,2,No,No,12.0,29.0,0,1.0,Very High,03/18/2023
4098,34,Male,Engineering,ENG-02,Senior Engineer,2,PhD,8480,10716,49,391,11,10,9,3 - High,3,No,No,3.0,36.0,0,3.0,High,2015-11-22
4099,44,Female,Marketing,MKT-04,Brand Manager,2,Bachelor's,7233,9802,41,334,12,10,1,3 - High,3,No,No,4.0,36.0,2,4.0,Very High,2023-06-29
4100,41,Male,Marketing,MKT-04,Content Strategist,3,Bachelor's,7804,8613,46,361,5,3,3,4 - Very High,3,No,No,4.0,23.0,1,3.0,High,2021-09-17
4101,21,Female,Operations,OPS-06,Facilities Manager,1,PhD,4762,6466,27,216,0,0,0,3 - High,4,Yes,Yes,4.0,18.0,0,4.0,Medium,02/06/2025
4102,26,Male,Engineering,ENG-02,Frontend Developer,3,High School,6794,9062,40,314,0,0,0,2 - Medium,3,No,No,9.0,38.0,1,1.0,High,01/24/2025
4103,52,Male,Sales,SAL-03,Regional Sales Lead,2,Bachelor's,6190,8373,36,288,14,9,2,2 - Medium,3,No,No,12.0,22.0,1,4.0,Very High,2022-02-04
4104,45,Female,Engineering,ENG-02,Data Engineer,3,Bachelor's,10719,13972,61,479,19,8,3,3 - High,4,No,No,23.0,31.0,2,3.0,High,04/12/2021
4105,27,Female,Sales,SAL-03,Regional Sales Lead,2,Master's,7667,8934,45,367,3,2,0,4 - Very High,3,No,No,27.0,28.0,0,4.0,Very High,2024-06-24
4106,37,Male,Engineering,ENG-02,Software Engineer,2,High School,5864,7344,33,264,1,0,0,4 - Very High,4,No,No,16.0,11.0,1,3.0,Very High,01/23/2024
4107,31,Male,Sales,SAL-03,Regional Sales Lead,5,PhD,12560,14783,72,576,0,0,0,3 - High,4,No,No,10.0,36.0,2,4.0,Very High,2024-10-29
4108,30,Male,Finance,FIN-05,Senior Accountant,3,Bachelor's,7644,9416,43,339,4,2,0,3 - High,2,No,Yes,6.0,25.0,1,5.0,Medium,11/16/2024
4109,47,Male,Engineering,ENG-02,Senior Engineer,5,Bachelor's,16655,19381,97,773,16,4,0,4 - Very High,3,No,No,9.0,32.0,0,3.0,High,03/21/2024
4110,50,Male,Human Resources,HR-01,HR Director,2,Master's,6699,8012,38,306,12,8,6,4 - Very High,2,No,Yes,12.0,17.0,3,4.0,Very High,2018-12-19
4111,22,Female,Sales,SAL-03,Sales Rep,1,Bachelor's,5242,6334,30,241,3,1,1,4 - Very High,4,No,No,10.0,33.0,2,4.0,Very High,11/30/2023
4112,52,Female,Finance,FIN-05,Senior Accountant,2,Master's,6483,7533,37,294,22,0,0,4 - Very High,3,No,No,7.0,25.0,0,4.0,Very High,2024-05-29
4113,39,Female,Engineering,ENG-02,ML Engineer,4,Bachelor's,11602,13980,67,549,2,2,2,4 - Very High,4,Yes,No,13.0,19.0,1,4.0,Very High,2022-12-29
4114,39,Male,Marketing,MKT-04,Growth Analyst,1,Bachelor's,5264,6153,30,244,3,0,0,3 - High,3,No,No,15.0,33.0,0,4.0,Very High,2024-04-05
4115,27,Male,Marketing,MKT-04,Digital Marketing Lead,2,Master's,5794,6519,34,267,3,0,0,2 - Medium,3,Yes,Yes,8.0,19.0,0,1.0,High,10/02/2024
4116,37,Female,Operations,OPS-06,Operations Analyst,3,Master's,6893,8538,39,317,17,0,0,3 - High,4,No,No,5.0,37.0,0,3.0,High,2024-03-07
4117,43,Male,Marketing,MKT-04,Marketing Analyst,2,Bachelor's,4767,5989,27,213,0,0,0,1 - Low,3,Yes,No,12.0,26.0,4,,Very High,08/23/2024
4118,24,Male,Engineering,ENG-02,Software Engineer,1,Bachelor's,4681,6090,26,206,1,0,0,3 - High,4,No,No,2.0,16.0,0,1.0,Medium,05/19/2024
4119,29,Male,Sales,SAL-03,Sales Rep,2,Master's,6046,8317,35,286,1,1,1,3 - High,3,No,No,6.0,26.0,0,1.0,Very high,2024-02-05
4120,32,Female,Sales,SAL-03,Sales Manager,4,Bachelor's,11006,14822,62,498,6,2,0,4 - Very High,3,No,No,14.0,31.0,0,3.0,High,2024-06-15
4121,25,Male,Sales,SAL-03,Sales Director,5,Master's,14779,17602,84,665,3,3,3,4 - Very High,4,No,No,8.0,39.0,0,5.0,Very High,2021-07-05
4122,38,Female,Engineering,ENG-02,Frontend Developer,2,Master's,7568,9052,42,346,3,2,0,1 - Low,2,No,No,23.0,19.0,0,1.0,High,2024-07-29
4123,39,Female,Human Resources,HR-01,Recruiter,2,Master's,4980,5775,28,225,7,7,7,4 - Very High,2,No,Yes,12.0,42.0,0,3.0,Medium,2017-12-19
4124,27,Female,Operations,OPS-06,Supply Chain Analyst,2,Master's,6267,8429,35,275,4,0,0,4 - Very High,3,Yes,Yes,9.0,38.0,0,3.0,Low,2024-05-12
4125,37,Female,Finance,FIN-05,Financial Analyst,4,Master's,10654,14164,61,491,13,6,5,2 - Medium,4,No,No,4.0,28.0,0,3.0,High,2019-12-23
4126,25,Male,Operations,OPS-06,Operations Analyst,1,High School,4401,6234,26,212,6,6,3,3 - High,4,No,No,11.0,31.0,0,3.0,Very High,06/06/2021
4127,41,Male,Engineering,ENG-02,Frontend Developer,1,PhD,7286,9101,42,343,18,14,3,2 - Medium,2,No,No,10.0,21.0,0,4.0,High,07/16/2021
4128,43,Male,Human Resources,HR-01,Recruiter,2,PhD,6992,9071,41,336,11,9,0,4 - Very High,3,No,No,11.0,26.0,1,4.0,Very High,2024-05-31
4129,37,Male,Operations,OPS-06,Operations Manager,1,High School,4094,5080,23,185,3,2,2,2 - Medium,4,No,No,4.0,28.0,0,2.0,High,04/07/2022
4130,24,Female,Finance,FIN-05,Finance Manager,2,Bachelor's,6913,8553,39,317,2,1,1,3 - High,2,No,No,6.0,23.0,0,3.0,Very High,2023-02-05
4131,30,Male,Sales,SAL-03,Sales Rep,2,Bachelor's,6551,8620,37,298,12,11,9,2 - Medium,3,No,No,15.0,34.0,0,3.0,Very High,2015-04-10
4132,41,Female,Finance,FIN-05,Financial Analyst,1,Bachelor's,5412,6968,31,246,6,3,3,4 - Very High,3,No,No,8.0,6.0,1,4.0,Very High,07/25/2021
4133,39,Female,Engineering,ENG-02,Software Engineer,2,High School,5435,6545,31,252,4,2,2,3 - High,3,No,No,9.0,21.0,3,2.0,Medium,2022-10-30
4134,33,Male,Marketing,MKT-04,Digital Marketing Lead,3,Bachelor's,7080,8136,40,324,6,5,5,3 - High,3,Yes,No,4.0,27.0,0,4.0,Very High,10/21/2019
4135,45,Female,Sales,SAL-03,Business Development Rep,3,Master's,7429,9964,43,343,17,3,2,4 - Very High,3,No,No,5.0,22.0,3,3.0,Medium,2022-01-29
4136,29,Female,Engineering,ENG-02,Senior Engineer,3,Master's,8587,11640,48,383,1,0,0,4 - Very High,3,No,No,9.0,16.0,0,4.0,Very High,2024-01-15
4137,36,Female,Engineering,ENG-02,Engineering Manager,4,Bachelor's,13350,17409,76,603,3,0,0,2 - Medium,3,Yes,No,4.0,33.0,4,3.0,Very High,07/14/2024
4138,21,Female,Operations,OPS-06,Process Engineer,2,Bachelor's,5540,6924,33,260,2,1,1,3 - High,3,No,No,2.0,29.0,2,5.0,Very High,2023-09-14
4139,43,Non-Binary,Engineering,ENG-02,Staff Engineer,3,High School,10532,13077,61,483,10,1,1,3 - High,3,No,No,7.0,25.0,0,2.0,Medium,09/05/2023
4140,21,Male,Sales,SAL-03,Sales Director,3,Bachelor's,9252,10462,54,424,3,0,0,2 - Medium,2,No,No,7.0,35.0,2,3.0,High,2024-05-18
4141,34,Female,Human Resources,HR-01,HR Analyst,3,PhD,8033,8926,47,377,1,0,0,3 - High,3,No,No,9.0,30.0,0,,Very High,11/13/2024
4142,29,Female,Marketing,MKT-04,Content Strategist,2,Master's,6445,8856,36,292,5,2,2,3 - High,3,No,Yes,10.0,26.0,2,4.0,High,01/12/2022
4143,23,Male,Finance,FIN-05,Auditor,5,PhD,12387,14425,72,575,1,1,0,2 - Medium,4,Yes,Yes,,20.0,0,4.0,Very High,02/21/2024
4144,55,Male,Finance,FIN-05,Auditor,4,Bachelor's,11282,13210,65,525,26,5,3,3 - High,2,No,No,6.0,28.0,1,4.0,Very High,2021-05-30
4145,35,Female,Finance,FIN-05,Controller,3,High School,7813,9909,45,354,9,6,5,4 - Very High,3,No,No,6.0,34.0,0,4.0,Very High,2019-04-26
4146,31,Male,Operations,OPS-06,Facilities Manager,3,Bachelor's,6571,8985,38,311,1,0,0,2 - Medium,2,No,No,5.0,46.0,0,4.0,Very High,2024-05-20
4147,36,Male,Sales,SAL-03,Senior Sales Rep,5,Bachelor's,13939,17381,82,649,10,0,0,3 - High,4,No,No,9.0,17.0,0,2.0,Medium,2024-02-08
4148,43,Non-Binary,Finance,FIN-05,Controller,1,Bachelor's,5688,7279,32,261,17,13,3,4 - Very High,4,No,No,27.0,35.0,0,2.0,Medium,2021-11-02
4149,39,Female,Engineering,ENG-02,Data Engineer,1,High School,5402,7218,32,251,11,9,6,3 - High,3,No,No,23.0,28.0,0,4.0,Very High,01/13/2018
4150,37,Male,Engineering,ENG-02,Data Engineer,1,Master's,5751,7169,34,272,7,7,2,3 - High,4,No,No,13.0,26.0,0,3.0,High,12/08/2022
4151,42,Female,Engineering,ENG-02,Data Engineer,1,Bachelor's,5240,5769,30,242,6,6,0,3 - High,3,No,No,11.0,6.0,5,2.0,Very High,2024-08-23
4152,27,Male,Engineering,ENG-02,Frontend Developer,1,High School,4657,5859,27,213,0,0,0,3 - High,2,No,No,13.0,39.0,0,3.0,Very High,2025-03-30
4153,41,Female,Marketing,MKT-04,Growth Analyst,4,High School,9535,12049,57,469,4,1,1,2 - Medium,2,No,No,9.0,26.0,4,3.0,High,10/03/2023
4154,44,Male,Engineering,ENG-02,Engineering Manager,1,Bachelor's,7562,10176,45,361,18,15,14,2 - Medium,3,No,Yes,3.0,37.0,0,,High,2010-02-10
4155,38,Female,Finance,FIN-05,Finance Manager,3,Bachelor's,8437,11321,48,388,3,0,0,3 - High,4,No,No,3.0,31.0,2,3.0,High,2024-08-28
4156,28,Female,Sales,SAL-03,Senior Sales Rep,4,PhD,9971,12631,58,464,6,3,3,4 - Very High,2,No,Yes,4.0,19.0,1,1.0,Medium,01/22/2021
4157,25,Female,Human Resources,HR-01,HR Analyst,1,Master's,3819,4551,22,173,2,0,0,4 - Very High,3,No,No,6.0,28.0,0,,Very High,2024-11-06
4158,28,Female,Operations,OPS-06,Logistics Coordinator,1,Bachelor's,4542,6046,26,207,12,4,2,4 - Very High,2,No,No,10.0,19.0,1,4.0,Very High,05/30/2022
4159,47,Male,Marketing,MKT-04,Content Strategist,3,High School,5833,7323,33,271,8,0,0,3 - High,4,No,No,4.0,30.0,2,4.0,High,2024-10-12
4160,21,Male,Marketing,MKT-04,Marketing Manager,2,Bachelor's,5912,8020,34,274,6,6,5,3 - High,2,No,No,8.0,37.0,0,4.0,Very High,05/02/2019
4161,27,Female,Marketing,MKT-04,Marketing Manager,2,Master's,6632,7567,37,302,2,2,1,3 - High,4,No,No,8.0,20.0,0,3.0,Very High,2023-05-29
4162,52,Male,Operations,OPS-06,Operations Analyst,1,Bachelor's,4976,6755,28,227,29,1,1,1 - Low,2,Yes,Yes,10.0,22.0,0,4.0,Medium,02/09/2023
4163,40,Male,Finance,FIN-05,Tax Specialist,1,Master's,5055,6181,29,233,10,4,3,1 - Low,2,No,Yes,11.0,10.0,2,5.0,High,2021-06-27
4164,26,Female,Operations,OPS-06,Supply Chain Analyst,4,PhD,9415,10377,54,437,0,0,0,3 - High,2,No,No,4.0,33.0,0,4.0,Very High,2025-02-04
4165,44,Female,Operations,OPS-06,Operations Analyst,3,Bachelor's,7596,10192,44,345,23,18,2,3 - High,4,No,Yes,,46.0,0,4.0,High,08/05/2022
4166,56,Female,Engineering,ENG-02,Staff Engineer,2,Master's,8958,11923,51,420,21,19,15,4 - Very High,3,No,No,7.0,17.0,0,4.0,Very High,2009-08-26
4167,45,Female,Sales,SAL-03,Sales Manager,1,High School,4310,5706,24,188,3,0,0,3 - High,3,No,No,7.0,27.0,5,3.0,Medium,2024-11-27
4168,35,Non-Binary,Sales,SAL-03,Business Development Rep,1,Master's,5296,6380,31,251,6,1,1,4 - Very High,4,No,No,9.0,16.0,2,5.0,Very High,2023-01-17
4169,31,Female,Operations,OPS-06,Operations Analyst,4,Master's,9431,11351,55,431,4,1,1,2 - Medium,3,No,No,7.0,35.0,0,1.0,Very High,2023-04-27
4170,33,Female,Engineering,ENG-02,Data Engineer,1,Bachelor's,5917,6941,34,276,6,4,1,4 - Very High,3,No,No,2.0,26.0,1,2.0,High,2023-11-02
4171,24,Female,Engineering,ENG-02,Data Engineer,1,Bachelor's,6698,8823,38,312,3,2,0,3 - High,4,No,No,3.0,35.0,0,3.0,Very High,04/30/2024
4172,44,Female,Sales,SAL-03,Sales Manager,3,Bachelor's,7470,8465,43,339,8,0,0,3 - High,3,No,No,11.0,29.0,0,4.0,High,10/31/2024
4173,22,Female,Finance,FIN-05,Auditor,1,Master's,5825,6597,34,272,1,0,0,3 - High,4,No,Yes,4.0,22.0,0,4.0,Very High,04/12/2024
4174,49,Male,Engineering,ENG-02,DevOps Engineer,3,High School,10461,13826,59,485,11,4,0,3 - High,3,No,No,16.0,13.0,1,3.0,Very High,2024-05-24
4175,40,Female,Engineering,ENG-02,Software Engineer,3,Bachelor's,8570,10159,49,391,11,1,1,3 - High,3,No,Yes,5.0,19.0,0,4.0,Very high,2023-03-10
4176,46,Male,Marketing,MKT-04,SEO Specialist,1,Bachelor's,5512,7085,31,252,12,4,2,4 - Very High,4,No,No,8.0,8.0,0,3.0,Very High,09/19/2022
4177,26,Male,Operations,OPS-06,Process Engineer,5,Master's,12025,13684,70,574,0,0,0,2 - Medium,2,No,Yes,6.0,22.0,0,3.0,Medium,2024-05-28
4178,33,Male,Human Resources,HR-01,Benefits Specialist,1,Bachelor's,4251,5257,24,197,3,1,0,4 - Very High,2,No,No,4.0,40.0,4,4.0,Very High,05/05/2024
4179,39,Male,Sales,SAL-03,Sales Manager,3,High School,7467,9009,42,346,8,8,3,2 - Medium,2,No,No,8.0,37.0,0,2.0,High,2021-07-08
4180,48,Female,Operations,OPS-06,Operations Manager,2,Bachelor's,6007,7438,35,283,9,8,7,4 - Very High,4,No,No,11.0,26.0,4,3.0,Medium,2017-09-30
4181,40,Non-Binary,Finance,FIN-05,Financial Analyst,2,Bachelor's,7236,9926,42,337,11,5,0,4 - Very High,3,No,No,4.0,21.0,1,5.0,High,2024-06-19
4182,39,Male,Operations,OPS-06,Operations Analyst,2,Bachelor's,5453,7529,32,263,7,6,3,3 - High,3,No,Yes,7.0,27.0,2,5.0,High,2021-03-30
4183,28,Female,Sales,SAL-03,Account Executive,1,Bachelor's,4963,5686,29,231,9,2,1,3 - High,3,No,No,3.0,39.0,0,2.0,Very High,01/30/2023
4184,33,Female,Finance,FIN-05,Senior Accountant,1,Master's,5883,7567,34,273,9,2,0,4 - Very High,3,No,No,19.0,29.0,2,5.0,Very High,2024-02-19
4185,27,Non-Binary,Engineering,ENG-02,Backend Developer,2,High School,5945,7582,34,275,6,1,1,3 - High,3,No,No,18.0,34.0,0,2.0,Medium,08/06/2023
4186,29,Male,Engineering,ENG-02,Staff Engineer,2,High School,7592,10282,45,365,2,0,0,2 - Medium,3,No,No,12.0,37.0,1,5.0,Very High,2024-10-15
4187,35,Female,Engineering,ENG-02,Engineering Manager,2,PhD,10730,14249,63,500,9,3,1,2 - Medium,1,No,Yes,8.0,29.0,1,2.0,High,2023-01-04
4188,24,Male,Finance,FIN-05,Finance Manager,3,Bachelor's,7050,9075,41,323,0,0,0,3 - High,2,No,Yes,8.0,38.0,0,3.0,Low,2024-10-25
4189,34,Female,Human Resources,HR-01,Recruiter,1,Bachelor's,5264,5947,31,254,12,8,5,4 - Very High,3,No,No,4.0,9.0,0,,Very High,2019-04-30
4190,30,Male,Marketing,MKT-04,Digital Marketing Lead,2,Master's,6722,8024,38,301,1,1,1,4 - Very High,4,No,No,3.0,22.0,1,4.0,Very High,2023-09-02
4191,28,Male,Finance,FIN-05,Finance Manager,2,Master's,7014,9027,41,333,4,4,4,4 - Very High,4,No,No,13.0,16.0,2,,Very High,08/14/2020
4192,39,Female,Operations,OPS-06,Facilities Manager,3,Master's,8394,10436,47,370,9,0,0,3 - High,3,No,No,3.0,30.0,3,5.0,Very High,2024-05-25
4193,35,Male,Sales,SAL-03,Sales Manager,1,Bachelor's,5888,7816,35,285,1,1,1,4 - Very High,3,No,No,23.0,18.0,1,4.0,Very High,12/30/2023
4194,25,Female,Operations,OPS-06,Facilities Manager,3,PhD,7702,9334,45,368,5,5,2,2 - Medium,3,No,Yes,15.0,40.0,0,3.0,Low,03/30/2022
4195,41,Female,Finance,FIN-05,Tax Specialist,3,High School,7623,8531,44,361,12,0,0,3 - High,4,No,No,9.0,20.0,1,4.0,Very High,
4196,38,Female,Engineering,ENG-02,DevOps Engineer,1,Bachelor's,5707,7415,32,261,0,0,0,3 - High,4,No,Yes,9.0,14.0,5,,High,2024-12-02
4197,30,Female,Marketing,MKT-04,Marketing Manager,2,PhD,6040,8481,34,277,2,2,1,4 - Very High,3,No,No,9.0,21.0,1,4.0,Very High,2023-07-04
4198,25,Female,Engineering,ENG-02,Staff Engineer,3,Master's,10415,13960,59,473,5,4,1,3 - High,3,No,No,16.0,27.0,0,2.0,Very High,2023-11-13
4199,38,Female,Operations,OPS-06,Supply Chain Analyst,1,PhD,4688,5717,27,219,7,7,2,3 - High,4,No,No,4.0,33.0,0,4.0,High,2022-02-20
4200,24,Male,Engineering,ENG-02,ML Engineer,2,Bachelor's,7736,9192,44,359,0,0,0,3 - High,2,Yes,Yes,19.0,30.0,4,5.0,Very High,2024-07-05
4201,34,Male,Engineering,ENG-02,Frontend Developer,2,Bachelor's,6537,7894,38,299,8,4,0,2 - Medium,3,Yes,Yes,5.0,36.0,0,,Medium,09/03/2024
4202,48,Male,Marketing,MKT-04,Marketing Analyst,1,PhD,5211,6779,31,249,21,21,21,4 - Very High,4,No,No,6.0,11.0,4,3.0,Medium,2003-07-29
4203,29,Male,Engineering,ENG-02,Software Engineer,3,Bachelor's,7434,9786,44,359,1,0,0,3 - High,3,No,No,4.0,26.0,2,,Very High,2024-07-18
4204,29,Female,Marketing,MKT-04,SEO Specialist,1,Bachelor's,4557,6097,26,211,0,0,0,3 - High,4,No,No,1.0,14.0,0,4.0,Very High,2024-09-04
4205,38,Male,Marketing,MKT-04,Brand Manager,4,Master's,8732,10555,51,420,3,0,0,3 - High,3,No,No,19.0,33.0,1,3.0,Very High,01/09/2024
4206,31,Female,Marketing,MKT-04,Content Strategist,2,Master's,5884,7986,35,285,4,4,3,3 - High,2,No,No,6.0,45.0,2,1.0,Very High,2021-04-02
4207,40,Female,Engineering,ENG-02,ML Engineer,4,Master's,12697,15989,72,569,15,6,1,3 - High,2,No,No,6.0,23.0,0,3.0,High,2023-03-24
4208,27,Female,Finance,FIN-05,Tax Specialist,3,Master's,8089,9134,47,373,1,0,0,4 - Very High,4,No,No,8.0,37.0,0,4.0,Very High,2024-10-01
4209,27,Male,Human Resources,HR-01,HR Coordinator,1,High School,4011,5355,24,189,1,0,0,4 - Very High,4,No,Yes,10.0,39.0,0,3.0,High,06/10/2024
4210,49,Female,Engineering,ENG-02,QA Engineer,3,Bachelor's,8158,9824,46,363,19,5,0,2 - Medium,4,No,No,3.0,22.0,1,3.0,Medium,2024-10-06
4211,43,Male,Operations,OPS-06,Operations Manager,4,Master's,12315,15850,70,556,22,19,17,2 - Medium,2,No,No,8.0,31.0,2,3.0,Very High,2007-11-12
4212,34,Female,Engineering,ENG-02,QA Engineer,1,Bachelor's,5668,7563,32,261,5,5,4,4 - Very High,1,No,No,4.0,17.0,2,4.0,Very High,05/28/2020
4213,30,Male,Marketing,MKT-04,Digital Marketing Lead,2,PhD,6261,8384,36,293,2,0,0,2 - Medium,2,No,No,3.0,47.0,1,,Very High,10/25/2024
4214,42,Male,Sales,SAL-03,Account Executive,1,Bachelor's,6466,7767,37,300,11,1,0,4 - Very High,2,No,Yes,5.0,7.0,1,5.0,Medium,07/10/2024
4215,28,Male,Sales,SAL-03,Sales Director,5,Bachelor's,13263,14705,75,604,0,0,0,4 - Very High,3,No,Yes,15.0,27.0,2,,Low,2024-11-23
4216,27,Female,Engineering,ENG-02,Senior Engineer,2,Master's,8571,10425,49,386,0,0,0,4 - Very High,4,No,No,3.0,30.0,0,5.0,Very High,2024-06-27
4217,50,Female,Marketing,MKT-04,Marketing Analyst,3,Bachelor's,7381,8265,42,344,18,12,9,3 - High,4,No,No,8.0,25.0,0,4.0,Very High,2015-09-09
4218,27,Female,Sales,SAL-03,Sales Director,2,Bachelor's,7172,8477,42,340,1,0,0,4 - Very High,4,No,No,9.0,30.0,1,4.0,Very High,2024-10-11
4219,30,Female,Finance,FIN-05,Finance Manager,3,Bachelor's,8552,9740,49,386,2,1,0,4 - Very High,4,No,No,7.0,20.0,0,3.0,High,2024-03-21
4220,33,Male,Engineering,ENG-02,Senior Engineer,2,High School,6547,8080,38,305,0,0,0,4 - Very High,3,No,No,4.0,24.0,0,5.0,Very High,09/12/2024
4221,32,Male,Sales,SAL-03,Sales Rep,1,PhD,5887,7865,35,279,6,5,0,3 - High,4,No,No,6.0,18.0,0,4.0,Very High,01/26/2024
4222,34,Male,Marketing,MKT-04,Content Strategist,1,Master's,5468,6650,31,247,3,0,0,4 - Very High,3,No,No,11.0,31.0,4,5.0,Very High,2024-08-10
4223,37,Non-Binary,Finance,FIN-05,Finance Manager,1,Master's,5893,7065,34,278,10,2,2,4 - Very High,3,No,No,13.0,,0,4.0,Very High,2022-05-03
4224,40,Female,Finance,FIN-05,Tax Specialist,1,High School,4664,6307,27,216,6,6,6,3 - High,3,No,No,6.0,43.0,1,3.0,Medium,2018-12-08
4225,35,Male,Finance,FIN-05,Auditor,4,Master's,11517,14303,68,554,12,5,3,3 - High,3,No,No,4.0,24.0,0,4.0,Very High,2021-02-02
4226,30,Female,Marketing,MKT-04,SEO Specialist,3,Bachelor's,6976,8373,41,337,0,0,0,4 - Very High,3,No,Yes,,35.0,1,5.0,High,2024-06-16
4227,57,Male,Finance,FIN-05,Controller,2,Bachelor's,8615,10508,50,394,26,24,11,4 - Very High,3,No,No,19.0,30.0,2,5.0,Very High,2013-05-09
4228,33,Female,Operations,OPS-06,Logistics Coordinator,1,Master's,4364,5158,25,199,3,1,0,3 - High,3,No,Yes,10.0,25.0,2,4.0,Very High,2024-03-04
4229,36,Male,Sales,SAL-03,Sales Rep,3,High School,6587,8819,39,313,9,1,0,3 - High,2,No,No,15.0,12.0,0,3.0,High,10/07/2024
4230,39,Male,Sales,SAL-03,Business Development Rep,3,Bachelor's,7200,8724,43,350,9,2,1,3 - High,3,No,Yes,5.0,27.0,0,3.0,High,2023-09-20
4231,26,Male,Operations,OPS-06,Operations Manager,1,Bachelor's,5102,6851,29,227,1,1,0,2 - Medium,1,No,Yes,8.0,20.0,2,2.0,High,2024-04-21
4232,29,Male,Sales,SAL-03,Account Executive,2,Master's,7838,8790,45,362,3,2,2,2 - Medium,2,No,No,9.0,15.0,1,4.0,Very High,2022-09-13
4233,21,Female,Operations,OPS-06,Supply Chain Analyst,4,High School,8423,10726,50,395,0,0,0,3 - High,2,No,Yes,7.0,20.0,0,,Medium,2024-08-30
4234,36,Female,Operations,OPS-06,Logistics Coordinator,2,Master's,6369,8550,37,302,8,8,2,3 - High,4,No,No,10.0,15.0,0,3.0,Very High,08/04/2022
4235,29,Male,Operations,OPS-06,Logistics Coordinator,2,High School,4501,5728,27,218,3,0,0,4 - Very High,4,No,No,3.0,16.0,0,3.0,High,2024-09-17
4236,34,Non-Binary,Marketing,MKT-04,Content Strategist,1,Master's,4840,6289,29,235,5,0,0,3 - High,3,No,No,7.0,19.0,1,4.0,Very High,2024-05-09
4237,33,Female,Marketing,MKT-04,Brand Manager,4,High School,9864,11491,56,445,17,11,8,3 - High,3,No,No,5.0,27.0,0,4.0,Very High,2016-11-24
4238,38,Male,Marketing,MKT-04,SEO Specialist,1,Bachelor's,4317,5463,25,199,5,5,4,4 - Very High,3,No,No,5.0,25.0,0,3.0,High,2020-02-10
4239,43,Male,Sales,SAL-03,Account Executive,2,Bachelor's,7542,9991,42,339,8,5,0,3 - High,4,No,No,10.0,27.0,1,3.0,High,2024-07-20
4240,29,Male,Sales,SAL-03,Senior Sales Rep,2,Bachelor's,6070,7363,35,281,1,1,0,2 - Medium,3,No,Yes,8.0,20.0,0,2.0,Very High,11/29/2024
4241,31,Female,Sales,SAL-03,Account Executive,5,High School,12221,14081,71,576,11,6,2,3 - High,2,No,No,10.0,38.0,0,5.0,Very High,06/11/2022
4242,28,Male,Marketing,MKT-04,Content Strategist,1,High School,4035,5760,24,196,6,1,0,4 - Very High,4,No,No ,3.0,22.0,3,1.0,Very High,07/08/2024
4243,21,Non-Binary,Operations,OPS-06,Logistics Coordinator,4,Bachelor's,7331,9890,44,353,3,2,1,3 - High,3,No,No,4.0,11.0,2,2.0,Very High,2023-06-26
4244,21,Male,Finance,FIN-05,Senior Accountant,3,High School,6070,7502,36,288,4,1,0,3 - High,3,No,No,7.0,24.0,0,3.0,High,02/27/2024
4245,37,Male,Engineering,ENG-02,Senior Engineer,3,Master's,11161,13099,65,514,11,8,5,4 - Very High,4,No,No,13.0,14.0,1,4.0,Very High,2019-01-14
4246,35,Female,Sales,SAL-03,Business Development Rep,1,High School,5421,7088,32,261,16,14,13,4 - Very High,3,No,No,5.0,27.0,0,3.0,Medium,2011-07-17
4247,40,Female,Operations,OPS-06,Process Engineer,2,PhD,6506,7338,38,300,11,0,0,3 - High,3,No,No,8.0,,0,2.0,High,2024-12-21
4248,29,Male,Finance,FIN-05,Controller,1,PhD,6267,7996,36,285,14,2,1,4 - Very High,2,No,No,11.0,30.0,0,,Medium,07/30/2023
4249,33,Male,Marketing,MKT-04,Marketing Analyst,2,Master's,6199,7873,36,295,11,4,0,2 - Medium,2,No,Yes,10.0,28.0,0,3.0,High,08/01/2024
4250,29,Female,Engineering,ENG-02,Staff Engineer,4,Master's,12085,15952,70,573,3,1,1,2 - Medium,3,No,No,5.0,32.0,0,1.0,Very High,2023-06-28
4251,23,Female,Sales,SAL-03,Sales Director,3,Master's,7932,10249,44,349,0,0,0,1 - Low,2,No,Yes,3.0,23.0,1,,High,08/25/2024
4252,27,Female,Finance,FIN-05,Auditor,2,Bachelor's,7740,9868,44,353,11,9,3,3 - High,1,No,Yes,13.0,25.0,0,3.0,Medium,2021-09-07
4253,28,Male,Sales,SAL-03,Sales Rep,1,Bachelor's,5467,7422,31,245,8,2,0,4 - Very High,3,No,No,4.0,32.0,0,4.0,Very High,2024-09-24
4254,34,Female,Sales,SAL-03,Sales Director,2,Master's,7384,8796,42,343,8,3,0,3 - High,4,No,No,3.0,24.0,1,3.0,Medium,2024-09-25
4255,34,Female,Engineering,ENG-02,Backend Developer,1,Bachelor's,5838,6699,34,273,9,2,2,2 - Medium,3,No,Yes,11.0,40.0,0,2.0,Medium,05/12/2022
4256,38,Female,Engineering,ENG-02,Frontend Developer,2,Bachelor's,7137,8885,41,337,0,0,0,3 - High,3,No,No,3.0,36.0,3,2.0,Medium,02/29/2024
4257,29,Female,Sales,SAL-03,Sales Director,3,High School,8149,9664,48,391,1,1,0,4 - Very High,4,No,No,4.0,25.0,1,4.0,Very High,2024-08-16
4258,43,Male,Marketing,MKT-04,Marketing Analyst,1,Master's,4868,6310,29,233,12,6,0,4 - Very High,1,No,No,17.0,25.0,2,4.0,High,12/07/2024
4259,38,Female,Engineering,ENG-02,Data Engineer,3,High School,8820,9946,51,403,14,12,2,3 - High,4,No,No,7.0,40.0,4,,Very High,2022-11-13
4260,33,Male,Finance,FIN-05,Auditor,1,Bachelor's,5893,7382,35,283,4,1,1,4 - Very High,4,No,No,13.0,18.0,0,5.0,Very High,01/30/2023
4261,33,Male,Sales,SAL-03,Senior Sales Rep,2,Bachelor's,6619,7784,39,314,3,1,0,4 - Very High,4,No,No,10.0,36.0,1,3.0,Very High,11/06/2024
4262,36,Non-Binary,Operations,OPS-06,Logistics Coordinator,3,Bachelor's,5608,6489,33,267,0,0,0,4 - Very High,4,No,no,4.0,29.0,2,5.0,Very High,2024-11-17
4263,38,Female,Sales,SAL-03,Sales Rep,2,Master's,6389,8715,37,301,4,2,1,4 - Very High,4,No,No,10.0,37.0,2,3.0,Very High,2023-12-06
4264,36,Female,Marketing,MKT-04,Marketing Analyst,3,Bachelor's,8240,10754,48,390,8,1,0,4 - Very High,3,No,No,10.0,38.0,2,3.0,High,2024-11-15
4265,40,Male,Engineering,ENG-02,Frontend Developer,3,Bachelor's,10562,12829,60,476,18,17,4,2 - Medium,3,No,No,,22.0,0,,Medium,09/19/2020
4266,43,Male,Finance,FIN-05,Finance Manager,3,Bachelor's,9234,12048,53,429,7,1,1,3 - High,2,No,No,8.0,29.0,0,,High,10/07/2023
4267,39,Female,Marketing,MKT-04,Digital Marketing Lead,5,PhD,13488,16123,77,633,8,0,0,3 - High,3,No,No,2.0,27.0,1,,Very High,07/24/2024
4268,34,Male,Engineering,ENG-02,Backend Developer,1,Master's,6630,8536,39,309,7,6,2,3 - High,3,No,No,2.0,36.0,0,3.0,Very High,2022-04-01
4269,36,Male,Operations,OPS-06,Facilities Manager,1,Bachelor's,4780,5842,28,229,5,4,3,4 - Very High,3,No,No,4.0,28.0,0,,Very High,2021-12-19
4270,34,Female,Human Resources,HR-01,HR Analyst,3,Master's,7373,10026,44,347,4,1,1,4 - Very High,3,No,No,4.0,28.0,2,3.0,High,2023-09-22
4271,28,Male,Engineering,ENG-02,Engineering Manager,4,PhD,14378,19242,83,682,3,0,0,3 - High,3,No,No,9.0,38.0,1,1.0,Medium,08/21/2024
4272,43,Female,Operations,OPS-06,Operations Analyst,1,Bachelor's,4663,6187,27,215,8,0,0,2 - Medium,3,No,No,3.0,39.0,4,4.0,Very High,2024-05-08
4273,40,Male,Sales,SAL-03,Senior Sales Rep,1,Master's,5146,6406,30,247,12,0,0,3 - High,4,No,No,6.0,29.0,2,4.0,Very High,2024-10-15
4274,50,Female,Engineering,ENG-02,ML Engineer,5,Bachelor's,13861,16313,81,663,6,1,1,3 - High,4,No,No,14.0,33.0,0,4.0,Very High,01/25/2023
4275,37,Female,Marketing,MKT-04,Content Strategist,2,Bachelor's,6305,7823,36,295,16,5,0,2 - Medium,2,No,Yes,3.0,31.0,0,3.0,High,2024-09-13
4276,32,Female,Operations,OPS-06,Process Engineer,2,High School,4664,5580,26,209,2,1,0,3 - High,2,No,No,4.0,38.0,0,4.0,Very High,2024-10-08
4277,29,Female,Operations,OPS-06,Supply Chain Analyst,1,Bachelor's,3828,4605,22,177,0,0,0,3 - High,3,Yes,No,11.0,22.0,2,2.0,High,2025-02-14
4278,36,Male,Engineering,ENG-02,Data Engineer,3,High School,7935,9495,45,364,4,0,0,4 - Very High,2,No,Yes,11.0,30.0,1,4.0,High,2024-03-07
4279,37,Male,Human Resources,HR-01,HR Director,1,Bachelor's,4559,5530,26,205,1,1,1,3 - High,2,No,No,5.0,13.0,4,5.0,Very High,2024-03-18
4280,25,Male,Finance,FIN-05,Tax Specialist,5,Master's,12738,15936,73,580,4,2,2,4 - Very High,3,No,No,3.0,37.0,1,3.0,High,2022-11-14
4281,60,Female,Marketing,MKT-04,SEO Specialist,1,Bachelor's,5748,6770,33,264,27,0,0,4 - Very High,3,No,Yes,,40.0,0,5.0,High,2024-10-15
4282,30,Male,Sales,SAL-03,Regional Sales Lead,2,PhD,6257,8542,37,301,0,0,0,3 - High,4,No,No,5.0,15.0,0,5.0,High,06/09/2024
4283,26,Male,Sales,SAL-03,Regional Sales Lead,2,High School,6608,7611,37,292,1,0,0,2 - Medium,3,No,No,10.0,30.0,2,3.0,High,2024-06-08
4284,27,Male,Operations,OPS-06,Operations Manager,1,High School,4956,6430,29,234,1,0,0,4 - Very High,2,Yes,Yes,2.0,0.0,0,4.0,High,2024-10-12
4285,30,Female,Operations,OPS-06,Operations Manager,3,High School,5741,7332,34,274,2,0,0,4 - Very High,2,No,No,5.0,13.0,2,3.0,Medium,2024-06-02
4286,48,Male,Operations,OPS-06,Facilities Manager,4,Bachelor's,8542,11077,50,402,15,0,0,4 - Very High,3,No,No,22.0,26.0,2,5.0,High,2024-10-23
4287,26,Male,Engineering,ENG-02,ML Engineer,3,High School,9825,13326,58,470,3,2,1,2 - Medium,2,Yes,No,12.0,32.0,2,3.0,Very High,02/01/2023
4288,45,Female,Operations,OPS-06,Process Engineer,4,Master's,10398,12969,60,483,6,0,0,4 - Very High,3,No,No,19.0,14.0,4,4.0,High,2024-03-21
4289,31,Female,Finance,FIN-05,Senior Accountant,1,Master's,6341,8379,36,283,13,4,0,4 - Very High,3,Yes,Yes,2.0,32.0,0,,High,2024-02-21
4290,32,Female,Marketing,MKT-04,Digital Marketing Lead,2,Bachelor's,7219,9460,42,331,5,5,2,3 - High,3,No,No,15.0,31.0,0,2.0,High,2022-07-18
4291,23,Male,Sales,SAL-03,Senior Sales Rep,1,Master's,5544,6345,32,256,1,1,1,3 - High,4,No,No,3.0,15.0,0,3.0,High,2023-12-12
4292,36,Male,Sales,SAL-03,Sales Manager,2,Bachelor's,7290,8946,41,331,16,15,10,3 - High,4,No,No,9.0,16.0,0,4.0,High,03/15/2014
4293,23,Male,Sales,SAL-03,Sales Director,3,Bachelor's,8943,10601,51,408,3,0,0,2 - Medium,4,No,No,23.0,7.0,0,5.0,High,2024-02-04
4294,38,Female,Finance,FIN-05,Tax Specialist,4,Bachelor's,10030,11349,57,450,9,7,4,4 - Very High,4,No,Yes,7.0,14.0,1,5.0,Very High,2020-06-19
4295,23,Male,Sales,SAL-03,Senior Sales Rep,2,PhD,7762,8724,44,359,3,3,3,2 - Medium,4,No,No,3.0,37.0,0,,High,2021-10-18
4296,37,Male,Finance,FIN-05,Financial Analyst,2,PhD,7241,9584,41,337,7,1,0,2 - Medium,3,No,Yes,16.0,34.0,1,3.0,Low,2024-12-15
4297,23,Male,Operations,OPS-06,Supply Chain Analyst,4,Bachelor's,8695,11713,51,411,1,1,0,3 - High,4,Yes,No,8.0,23.0,0,3.0,Very High,2024-09-07
4298,32,Female,Engineering,ENG-02,Software Engineer,1,Bachelor's,6030,6979,35,280,10,10,2,3 - High,3,No,No,7.0,30.0,0,,High,2022-08-06
4299,26,Female,Human Resources,HR-01,HR Director,2,Master's,5819,7282,34,269,1,0,0,4 - Very High,1,Yes,No,12.0,28.0,0,1.0,Very High,2024-02-14
4300,29,Male,Engineering,ENG-02,ML Engineer,2,High School,7977,8804,47,380,1,0,0,2 - Medium,3,No,Yes,10.0,16.0,0,3.0,High,2024-01-12
4301,48,Male,Engineering,ENG-02,Software Engineer,1,Bachelor's,5290,7024,31,248,13,2,2,3 - High,2,No,No,14.0,24.0,1,,High,2022-11-26
4302,43,Female,Engineering,ENG-02,DevOps Engineer,3,Master's,9250,11079,54,434,8,3,1,3 - High,1,No,No,33.0,26.0,0,4.0,Very High,10/09/2023
4303,39,Non-Binary,Engineering,ENG-02,Senior Engineer,2,Bachelor's,7305,9322,41,322,5,1,0,4 - Very High,3,No,No,5.0,37.0,0,4.0,Very High,07/07/2024
4304,33,Male,Operations,OPS-06,Facilities Manager,3,Master's,7897,9451,46,377,10,10,2,4 - Very High,3,No,No,9.0,12.0,4,4.0,Very High,2022-06-02
4305,34,Female,Finance,FIN-05,Tax Specialist,1,Bachelor's,5163,6547,30,241,3,2,2,3 - High,2,No,No,4.0,18.0,1,3.0,Medium,2022-02-25
4306,54,Female,Finance,FIN-05,Senior Accountant,1,Master's,6617,8777,39,309,12,1,1,4 - Very High,2,No,No,12.0,22.0,2,3.0,High,2023-08-22
4307,36,Female,Engineering,ENG-02,DevOps Engineer,3,Master's,9932,11941,57,447,5,3,0,2 - Medium,1,No,No,12.0,26.0,3,3.0,Very High,2024-08-30
4308,36,Female,Sales,SAL-03,Regional Sales Lead,2,Master's,7263,9634,43,347,6,0,0,3 - High,4,No,Yes,5.0,13.0,0,4.0,High,2024-05-05
4309,30,Male,Human Resources,HR-01,HR Analyst,2,High School,4982,6480,28,224,2,2,1,2 - Medium,4,No,No,6.0,24.0,1,2.0,Medium,2023-02-13
4310,38,Female,Operations,OPS-06,Supply Chain Analyst,1,Bachelor's,4788,6463,28,228,9,9,6,4 - Very High,3,No,No,7.0,23.0,0,3.0,High,2018-08-10
4311,32,Male,Human Resources,HR-01,Recruiter,2,Bachelor's,5484,7401,32,255,5,5,3,4 - Very High,3,No,No,5.0,25.0,0,,High,2021-12-06
4312,38,Female,Engineering,ENG-02,Senior Engineer,5,Bachelor's,14048,17794,82,652,7,0,0,3 - High,3,No,Yes,11.0,12.0,1,4.0,High,2024-02-10
4313,31,Male,Finance,FIN-05,Tax Specialist,3,High School,6675,8621,39,317,1,1,1,2 - Medium,4,No,No,3.0,4.0,4,4.0,High,02/15/2024
4314,30,Female,Operations,OPS-06,Supply Chain Analyst,2,High School,5731,7365,34,272,5,1,0,1 - Low,2,No,No,16.0,23.0,0,1.0,Medium,2024-03-24
4315,39,Male,Human Resources,HR-01,HR Director,1,Bachelor's,4331,5672,25,205,2,1,1,4 - Very High,4,No,No,10.0,33.0,2,5.0,Very High,2023-09-14
4316,32,Female,Sales,SAL-03,Business Development Rep,2,Master's,7507,9805,44,358,8,0,0,2 - Medium,4,No,No,8.0,44.0,1,4.0,High,2024-04-16
4317,38,Male,Engineering,ENG-02,Data Engineer,2,Master's,7827,10368,45,365,12,2,1,3 - High,3,No,No,20.0,23.0,0,,Very High,04/01/2023
4318,41,Female,Sales,SAL-03,Account Executive,1,Bachelor's,4986,5989,29,238,9,7,7,3 - High,4,Yes,No,5.0,12.0,2,4.0,High,2017-09-11
4319,44,Male,Engineering,ENG-02,Frontend Developer,4,PhD,13203,16669,77,631,16,7,7,4 - Very High,3,No,No,11.0,29.0,1,1.0,High,2017-09-20
4320,25,Male,Engineering,ENG-02,Software Engineer,3,Master's,7682,8994,44,361,1,0,0,4 - Very High,4,No,No,11.0,38.0,0,4.0,High,2024-12-17
4321,33,Male,Finance,FIN-05,Tax Specialist,1,Bachelor's,6009,7912,35,276,9,5,0,2 - Medium,3,Yes,Yes,6.0,7.0,0,1.0,High,03/27/2024
4322,38,Female,Sales,SAL-03,Senior Sales Rep,2,PhD,7603,9105,45,361,7,4,3,4 - Very High,2,No,Yes,8.0,22.0,2,4.0,High,2021-07-22
4323,40,Female,Operations,OPS-06,Logistics Coordinator,1,High School,3652,4543,21,171,5,0,0,4 - Very High,3,Yes,Yes,4.0,10.0,1,5.0,High,2024-06-21
4324,36,Female,Operations,OPS-06,Operations Manager,1,Master's,5588,6550,33,266,11,9,1,2 - Medium,2,No,Yes,15.0,20.0,3,5.0,High,03/05/2023
4325,41,Female,Sales,SAL-03,Sales Manager,3,Bachelor's,10300,11700,58,460,15,13,12,2 - Medium,2,No,Yes,4.0,19.0,1,3.0,Medium,11/06/2012
4326,31,Male,Human Resources,HR-01,Recruiter,3,Bachelor's,6044,6984,34,274,8,2,1,3 - High,3,No,No,,24.0,0,4.0,Very High,07/16/2023
4327,35,Non-Binary,Human Resources,HR-01,HR Coordinator,1,PhD,4922,5748,29,235,2,0,0,3 - High,4,No,No,5.0,44.0,3,1.0,Very High,2024-04-21
4328,41,Male,Operations,OPS-06,Operations Analyst,1,PhD,4917,6640,29,230,11,10,2,4 - Very High,3,No,No,7.0,25.0,1,3.0,High,2022-04-05
4329,40,Female,Sales,SAL-03,Senior Sales Rep,2,High School,6291,8003,37,291,18,2,0,3 - High,4,No,No,4.0,14.0,0,4.0,Very High,2024-01-28
4330,60,Female,Operations,OPS-06,Operations Manager,3,Bachelor's,8117,10921,48,382,27,1,1,3 - High,4,No,Yes,2.0,28.0,3,,Medium,2023-06-01
4331,23,Female,Finance,FIN-05,Tax Specialist,2,Bachelor's,6195,7437,36,294,2,0,0,3 - High,3,No,Yes,11.0,29.0,0,3.0,High,2024-05-23
4332,34,Female,Marketing,MKT-04,Marketing Analyst,4,Bachelor's,8788,11730,52,410,3,0,0,1 - Low,2,No,No,5.0,28.0,1,3.0,High,09/06/2024
4333,29,Female,Finance,FIN-05,Financial Analyst,2,High School,4766,6254,27,220,0,0,0,3 - High,4,No,No,10.0,14.0,4,3.0,High,2024-05-27
4334,30,Male,Sales,SAL-03,Sales Manager,5,Master's,12332,13858,73,582,0,0,0,3 - High,2,No,No,11.0,24.0,1,3.0,Medium,2024-08-11
4335,22,Female,Human Resources,HR-01,HR Manager,1,Bachelor's,4440,4993,25,201,2,0,0,4 - Very High,2,No,No,9.0,28.0,1,3.0,Medium,11/02/2024
4336,25,Male,Human Resources,HR-01,HR Coordinator,4,Bachelor's,7149,8879,42,334,1,1,0,2 - Medium,3,No,No,7.0,31.0,1,3.0,Very High,2024-06-20
4337,35,Female,Operations,OPS-06,Operations Manager,5,Bachelor's,11142,14213,64,522,13,7,6,4 - Very High,3,No,No,9.0,24.0,0,4.0,Very High,03/24/2018
4338,50,Male,Marketing,MKT-04,Brand Manager,2,Bachelor's,6582,8169,39,319,25,18,14,4 - Very High,4,No,No,3.0,17.0,2,4.0,High,02/14/2010
4339,36,Male,Human Resources,HR-01,Benefits Specialist,1,Bachelor's,4770,5803,27,220,12,12,7,1 - Low,1,No,Yes,12.0,9.0,0,3.0,Low,2017-08-13
4340,21,Female,Marketing,MKT-04,Brand Manager,2,Bachelor's,6276,8537,36,283,1,1,1,4 - Very High,2,No,No,13.0,31.0,1,5.0,Very high,12/29/2023
4341,49,Female,Sales,SAL-03,Sales Director,3,Master's,10942,13022,62,509,16,10,7,2 - Medium,2,No,No,12.0,18.0,2,3.0,High,2017-09-12
4342,36,Male,Operations,OPS-06,Process Engineer,1,Bachelor's,4883,6452,29,227,16,11,4,4 - Very High,3,No,No,5.0,22.0,3,4.0,Very High,2020-03-31
4343,31,Female,Finance,FIN-05,Controller,1,Bachelor's,4780,6027,27,217,0,0,0,3 - High,4,No,No,12.0,35.0,0,2.0,Very High,2025-05-03
4344,33,Male,Engineering,ENG-02,Software Engineer,1,High School,4781,6624,28,229,6,0,0,4 - Very High,3,No,No,7.0,0.0,2,5.0,Very High,2024-04-14
4345,37,Male,Finance,FIN-05,Finance Manager,5,Bachelor's,11558,15778,67,527,4,3,2,1 - Low,2,No,Yes,16.0,24.0,0,3.0,High,08/28/2022
4346,33,Non-Binary,Marketing,MKT-04,Brand Manager,3,Master's,7810,9999,45,368,3,1,1,4 - Very High,4,No,No,10.0,30.0,2,4.0,Very High,2023-08-23
4347,24,Female,Human Resources,HR-01,HR Director,2,Bachelor's,5342,6894,31,244,1,1,1,2 - Medium,3,No,No,2.0,22.0,0,5.0,High,03/09/2024
4348,36,Male,Human Resources,HR-01,HR Coordinator,1,Bachelor's,4141,5020,24,191,9,5,2,1 - Low,2,No,No,5.0,11.0,0,2.0,High,05/30/2022
4349,33,Male,Marketing,MKT-04,Brand Manager,4,High School,9504,11677,55,435,4,2,0,2 - Medium,4,No,No,5.0,27.0,0,4.0,Very High,2024-11-14
4350,44,Female,Sales,SAL-03,Senior Sales Rep,4,Master's,9689,10724,56,444,11,9,0,4 - Very High,3,No,No,9.0,24.0,1,4.0,Very High,2024-05-08
4351,25,Male,Engineering,ENG-02,Staff Engineer,4,High School,11154,14721,64,507,0,0,0,3 - High,2,No,Yes,6.0,30.0,4,4.0,High,12/28/2024
4352,24,Female,Operations,OPS-06,Supply Chain Analyst,2,Master's,5994,7570,35,285,1,0,0,3 - High,2,No,Yes,10.0,23.0,0,4.0,High,2024-06-09
4353,28,Male,Sales,SAL-03,Business Development Rep,3,Master's,7527,9648,44,349,2,2,0,4 - Very High,2,No,No,10.0,16.0,0,4.0,Very High,2024-09-10
4354,31,Female,Finance,FIN-05,Senior Accountant,3,Master's,7017,8280,41,335,0,0,0,1 - Low,4,No,No,16.0,28.0,0,3.0,Very High,09/04/2024
4355,46,Male,Sales,SAL-03,Sales Director,5,Bachelor's,14008,16281,83,668,30,3,0,3 - High,2,No,Yes,3.0,46.0,2,4.0,Very High,2024-01-08
4356,60,Male,Engineering,ENG-02,Staff Engineer,3,Bachelor's,11636,13833,66,525,18,1,0,3 - High,3,No,No,4.0,27.0,2,3.0,High,2024-09-03
4357,42,Male,Sales,SAL-03,Sales Director,2,High School,7304,8905,42,344,3,1,1,2 - Medium,2,No,Yes,6.0,9.0,3,2.0,Medium,2023-11-20
4358,43,Female,Human Resources,HR-01,HR Manager,2,Bachelor's,6391,7018,37,299,11,8,4,3 - High,4,No,No,7.0,17.0,3,4.0,Very High,2020-12-18
4359,35,Female,Engineering,ENG-02,Data Engineer,2,High School,7215,9284,40,317,5,0,0,3 - High,2,Yes,Yes,5.0,23.0,0,2.0,High,07/18/2024
4360,35,Female,Marketing,MKT-04,SEO Specialist,1,Bachelor's,4819,5832,28,226,2,0,0,3 - High,3,No,No,2.0,19.0,1,3.0,Very High,2024-06-03
4361,32,Female,Operations,OPS-06,Operations Manager,3,High School,6404,8865,36,291,2,2,1,3 - High,4,No,No,6.0,22.0,2,1.0,Very High,2023-12-21
4362,37,Male,Engineering,ENG-02,Backend Developer,2,Bachelor's,6034,7001,35,285,1,1,0,3 - High,3,No,No,10.0,18.0,2,5.0,Very High,08/26/2024
4363,24,Female,Human Resources,HR-01,HR Analyst,1,High School,4088,4596,24,193,1,1,0,3 - High,1,No,Yes,8.0,14.0,0,2.0,Low,2024-05-21
4364,21,Male,Operations,OPS-06,Operations Manager,3,Master's,7620,8884,45,360,0,0,0,2 - Medium,1,No,Yes,16.0,36.0,0,2.0,Very High,2024-02-26
4365,33,Male,Human Resources,HR-01,HR Manager,2,Bachelor's,6197,8104,35,284,3,0,0,3 - High,3,No,No,2.0,24.0,1,4.0,Very High,2024-05-24
4366,39,Male,Engineering,ENG-02,DevOps Engineer,3,Bachelor's,9517,13010,54,441,6,2,2,2 - Medium,4,No,No,10.0,18.0,2,1.0,High,2022-05-24
4367,21,Female,Finance,FIN-05,Controller,1,Bachelor's,4959,6489,29,235,0,0,0,2 - Medium,4,Yes,No,4.0,18.0,1,2.0,High,08/01/2024
4368,31,Female,Engineering,ENG-02,DevOps Engineer,4,High School,9545,11750,55,446,4,2,2,1 - Low,2,No,Yes,23.0,27.0,0,3.0,Medium,2022-10-24
4369,37,Female,Sales,SAL-03,Business Development Rep,4,Master's,9429,11790,55,434,0,0,0,4 - Very High,3,No,No,12.0,39.0,2,3.0,High,02/13/2025
4370,37,Male,Operations,OPS-06,Logistics Coordinator,1,Master's,4545,5464,26,211,1,0,0,2 - Medium,3,No,No,17.0,32.0,3,4.0,Very High,2024-08-04
4371,29,Non-Binary,Human Resources,HR-01,Benefits Specialist,4,Bachelor's,7098,8706,42,333,6,4,4,3 - High,3,No,No,6.0,29.0,1,4.0,Very High,2020-01-15
4372,31,Male,Finance,FIN-05,Auditor,3,Master's,9123,11451,52,416,3,0,0,4 - Very High,3,No,No,8.0,23.0,1,,Very High,2024-07-09
4373,32,Male,Engineering,ENG-02,Senior Engineer,3,High School,8591,10078,49,395,4,3,3,4 - Very High,3,No,No,4.0,36.0,0,3.0,Very High,2021-01-03
4374,49,Female,Sales,SAL-03,Regional Sales Lead,3,PhD,11528,13977,68,554,16,14,0,4 - Very High,4,No,Yes,6.0,29.0,0,4.0,Medium,2024-10-26
4375,37,Female,Human Resources,HR-01,HR Manager,3,Bachelor's,7446,9307,43,347,2,1,1,3 - High,3,No,No,7.0,36.0,2,3.0,High,2023-05-15
4376,31,Male,Operations,OPS-06,Operations Analyst,2,Bachelor's,5141,6865,30,237,2,2,1,1 - Low,3,No,No,8.0,44.0,2,2.0,Very High,01/17/2023
4377,22,Female,Sales,SAL-03,Business Development Rep,2,PhD,5547,7193,31,254,1,1,1,2 - Medium,2,Yes,No,5.0,35.0,0,2.0,Very High,12/25/2023
4378,58,Male,Operations,OPS-06,Operations Analyst,2,Bachelor's,5298,6557,31,247,24,1,0,2 - Medium,2,Yes,Yes,5.0,30.0,1,4.0,Medium,2024-09-19
4379,36,Male,Sales,SAL-03,Sales Rep,4,Master's,8291,10733,49,394,0,0,0,4 - Very High,3,Yes,No,18.0,15.0,4,4.0,Very High,2024-05-13
4380,28,Female,Finance,FIN-05,Controller,1,High School,5552,6515,33,271,2,0,0,3 - High,4,No,No,5.0,11.0,2,4.0,Very High,2024-12-22
4381,33,Male,Marketing,MKT-04,Brand Manager,3,Bachelor's,8295,9526,49,387,3,0,0,2 - Medium,3,No,Yes,8.0,38.0,0,1.0,Medium,2024-08-12
4382,30,Male,Operations,OPS-06,Logistics Coordinator,1,Master's,4726,5782,27,220,7,2,1,3 - High,3,No,Yes,3.0,,1,3.0,Low,04/02/2023
4383,28,Female,Marketing,MKT-04,SEO Specialist,1,Master's,5285,6104,31,249,1,1,1,4 - Very High,2,No,No,9.0,24.0,0,5.0,Very High,07/08/2023
4384,30,Female,Sales,SAL-03,Sales Director,2,Master's,8428,10771,48,380,1,1,1,3 - High,2,Yes,No,7.0,19.0,2,2.0,High,2023-10-23
4385,37,Female,Operations,OPS-06,Logistics Coordinator,4,Bachelor's,6983,8114,41,337,5,0,0,4 - Very High,2,No,No,,34.0,0,3.0,Very High,12/01/2024
4386,40,Male,Engineering,ENG-02,Software Engineer,2,Master's,7099,8960,41,328,11,11,9,3 - High,2,No,No,24.0,24.0,0,2.0,Very High,2015-01-20
4387,38,Female,Engineering,ENG-02,ML Engineer,2,High School,7102,9776,41,324,10,5,3,3 - High,3,No,No,5.0,22.0,1,2.0,High,2021-03-10
4388,34,Female,Finance,FIN-05,Finance Manager,3,Bachelor's,8832,11269,51,409,4,1,1,3 - High,3,No,Yes,2.0,22.0,1,4.0,Very High,12/04/2023
4389,25,Male,Sales,SAL-03,Sales Rep,1,Bachelor's,3921,4888,23,183,0,0,0,3 - High,1,Yes,Yes,15.0,24.0,4,3.0,Medium,2025-05-10
4390,46,Male,Operations,OPS-06,Facilities Manager,5,PhD,11908,13499,69,545,19,4,1,1 - Low,2,Yes,Yes,9.0,32.0,0,3.0,Medium,11/06/2023
4391,39,Male,Human Resources,HR-01,HR Coordinator,4,Master's,8824,10553,50,392,10,8,7,4 - Very High,4,No,No,2.0,26.0,1,5.0,Very High,2017-11-12
4392,40,Female,Sales,SAL-03,Sales Rep,1,Bachelor's,5273,6966,30,242,9,5,2,4 - Very High,3,No,Yes,9.0,22.0,0,4.0,Very High,2022-03-22
4393,30,Male,Marketing,MKT-04,Content Strategist,1,Bachelor's,5016,6713,28,226,5,4,2,4 - Very High,4,No,No,5.0,18.0,0,4.0,Very High,2022-10-03
4394,25,Male,Operations,OPS-06,Operations Analyst,4,Bachelor's,7898,8814,46,364,0,0,0,3 - High,3,No,No,5.0,37.0,4,2.0,Medium,2024-10-10
4395,21,Male,Finance,FIN-05,Controller,3,Bachelor's,7431,9914,44,347,6,5,1,4 - Very High,3,No,No,14.0,20.0,0,2.0,High,06/09/2023
4396,28,Female,Engineering,ENG-02,Senior Engineer,4,Bachelor's,12335,16641,73,595,4,3,0,4 - Very High,3,No,No,16.0,33.0,0,3.0,Very High,2024-04-26
4397,30,Female,Operations,OPS-06,Operations Analyst,2,Bachelor's,5811,7528,34,267,5,3,2,2 - Medium,2,No,No,4.0,32.0,3,2.0,Very High,2022-07-14
4398,28,Female,Engineering,ENG-02,ML Engineer,2,Bachelor's,7605,8670,43,352,1,0,0,4 - Very High,4,No,No,6.0,23.0,0,,Very High,01/28/2024
4399,44,Female,Finance,FIN-05,Finance Manager,2,Master's,7378,9491,43,348,18,1,0,1 - Low,2,No,No,21.0,49.0,0,3.0,Very High,2024-01-06
4400,29,Female,Sales,SAL-03,Senior Sales Rep,2,Master's,7562,8972,45,363,4,1,1,3 - High,4,No,No,2.0,32.0,3,2.0,Very High,05/27/2023
4401,40,Female,Human Resources,HR-01,HR Analyst,1,Master's,4930,5982,28,228,8,6,0,2 - Medium,3,Yes,Yes,4.0,31.0,1,3.0,High,2024-02-26
4402,28,Male,Operations,OPS-06,Operations Manager,1,Master's,4478,5335,25,204,4,2,1,4 - Very High,3,No,Yes,10.0,25.0,1,4.0,Medium,2023-02-27
4403,45,Male,Operations,OPS-06,Facilities Manager,1,Master's,4880,6355,29,227,4,4,3,3 - High,3,No,No,13.0,27.0,1,3.0,High,2021-08-02
4404,31,Male,Human Resources,HR-01,HR Director,2,Bachelor's,5695,6704,33,270,3,2,0,3 - High,3,No,No,15.0,31.0,2,3.0,Very High,10/14/2024
4405,46,Male,Sales,SAL-03,Account Executive,2,High School,5762,7841,33,265,17,15,0,3 - High,4,No,No,19.0,15.0,1,4.0,Very High,2024-10-12
4406,45,Female,Engineering,ENG-02,DevOps Engineer,1,Bachelor's,7427,8473,43,343,15,9,0,4 - Very High,4,No,No,7.0,22.0,0,,High,2024-04-06
4407,27,Female,Sales,SAL-03,Business Development Rep,3,PhD,7917,9348,46,369,0,0,0,4 - Very High,4,No,No,8.0,27.0,2,5.0,Very High,2024-07-09
4408,27,Male,Finance,FIN-05,Finance Manager,1,Master's,5734,6985,34,268,2,2,2,4 - Very High,3,No,No,4.0,10.0,1,5.0,Very High,2022-10-10
4409,27,Male,Operations,OPS-06,Process Engineer,1,PhD,6422,9007,38,312,9,7,6,4 - Very High,3,No,No,8.0,32.0,1,4.0,Very High,2018-07-05
4410,35,Male,Operations,OPS-06,Operations Manager,4,High School,8498,11440,50,409,6,1,1,4 - Very High,3,No,No,13.0,26.0,0,4.0,Very High,02/01/2023
4411,21,Male,Human Resources,HR-01,Benefits Specialist,4,Master's,7962,9859,45,363,0,0,0,1 - Low,4,No,Yes,6.0,29.0,2,3.0,High,10/12/2024
4412,44,Female,Engineering,ENG-02,DevOps Engineer,3,Master's,9728,10697,57,463,27,23,20,4 - Very High,4,No,No,4.0,22.0,1,5.0,Very High,06/13/2004
4413,21,Male,Operations,OPS-06,Process Engineer,1,Master's,5387,7286,31,252,3,2,2,3 - High,4,No,No,8.0,23.0,0,3.0,Medium,03/07/2022
4414,30,Female,Operations,OPS-06,Process Engineer,1,Master's,4465,5818,26,210,1,0,0,4 - Very High,3,No,No,10.0,24.0,0,3.0,High,2024-08-02
4415,36,Male,Engineering,ENG-02,Data Engineer,3,Bachelor's,7777,10591,46,373,4,0,0,3 - High,2,No,No,20.0,29.0,2,1.0,Very High,2024-03-24
4416,44,Male,Human Resources,HR-01,Recruiter,3,High School,6756,8542,39,311,13,13,12,3 - High,2,No,No,13.0,32.0,0,4.0,High,2012-02-15
4417,42,Female,Sales,SAL-03,Sales Manager,2,Master's,8091,10348,47,373,20,5,1,4 - Very High,2,No,No,13.0,19.0,0,2.0,Very High,2023-12-13
4418,42,Male,Finance,FIN-05,Auditor,1,Bachelor's,4973,6250,28,226,7,6,1,3 - High,3,No,No ,11.0,29.0,4,1.0,Very High,12/07/2023
4419,42,Male,Sales,SAL-03,Sales Director,3,Master's,9026,12049,52,419,5,0,0,1 - Low,3,No,No,4.0,21.0,1,3.0,High,12/17/2024
4420,46,Female,Engineering,ENG-02,Staff Engineer,4,Master's,14096,16003,81,658,17,6,2,3 - High,4,No,No,10.0,28.0,4,3.0,High,2022-06-22
4421,32,Female,Sales,SAL-03,Senior Sales Rep,1,High School,4777,6123,28,229,5,3,0,2 - Medium,4,No,No,10.0,33.0,0,3.0,Very High,2024-10-18
4422,28,Male,Sales,SAL-03,Regional Sales Lead,2,Master's,6571,8337,38,300,3,2,1,3 - High,2,No,No,9.0,26.0,0,3.0,Very High,2023-06-17
4423,46,Male,Engineering,ENG-02,DevOps Engineer,1,Master's,7612,8690,45,353,12,4,1,3 - High,3,No,No,6.0,8.0,0,4.0,Very High,2023-04-15
4424,21,Male,Operations,OPS-06,Operations Manager,2,Bachelor's,5606,6476,33,270,0,0,0,3 - High,4,No,No,4.0,33.0,0,5.0,Very High,04/16/2025
4425,42,Male,Operations,OPS-06,Supply Chain Analyst,2,Bachelor's,6339,7498,38,302,17,10,1,2 - Medium,4,No,Yes,10.0,32.0,0,3.0,Medium,2023-07-14
4426,32,Male,Engineering,ENG-02,ML Engineer,2,Master's,7599,8764,43,346,2,0,0,4 - Very High,3,No,No,9.0,31.0,1,,Very High,2024-07-15
4427,23,Male,Operations,OPS-06,Logistics Coordinator,4,Master's,7988,10262,45,354,0,0,0,4 - Very High,4,No,No,3.0,35.0,0,4.0,Very High,04/13/2025
4428,33,Male,Sales,SAL-03,Account Executive,3,Bachelor's,9153,10292,53,427,10,1,0,4 - Very High,4,No,No,6.0,18.0,0,4.0,Very High,2024-08-07
4429,22,Female,Engineering,ENG-02,Backend Developer,1,PhD,6696,8520,39,309,5,5,3,3 - High,4,No,Yes,5.0,23.0,0,4.0,High,2021-07-08
4430,36,Male,Sales,SAL-03,Senior Sales Rep,2,High School,5431,6799,31,245,6,1,1,4 - Very High,2,No,Yes,12.0,18.0,0,4.0,High,2023-05-05
4431,21,Female,Engineering,ENG-02,QA Engineer,1,Bachelor's,5631,7340,33,266,3,0,0,4 - Very High,4,No,No,13.0,30.0,0,3.0,High,2024-12-04
4432,33,Female,Engineering,ENG-02,Backend Developer,4,Bachelor's,8970,10737,52,426,2,0,0,3 - High,2,No,No,14.0,26.0,1,1.0,Very High,2024-06-10
4433,30,Female,Sales,SAL-03,Regional Sales Lead,2,Bachelor's,6035,8133,34,269,4,0,0,4 - Very High,2,Yes,Yes,7.0,23.0,2,,High,10/20/2024
4434,27,Female,Operations,OPS-06,Operations Manager,1,Bachelor's,4889,6477,28,227,2,0,0,4 - Very High,4,No,No,7.0,26.0,4,4.0,High,05/01/2024
4435,33,Female,Engineering,ENG-02,ML Engineer,2,High School,8151,10170,47,387,5,1,0,4 - Very High,4,No,No,15.0,31.0,2,4.0,Very High,2024-10-16
4436,33,Non-Binary,Finance,FIN-05,Tax Specialist,5,Master's,12027,13500,69,556,0,0,0,3 - High,4,Yes,Yes,13.0,35.0,2,4.0,High,10/24/2024
4437,37,Female,Engineering,ENG-02,Software Engineer,1,Bachelor's,6385,7899,37,295,8,1,0,2 - Medium,2,Yes,Yes,37.0,29.0,1,4.0,Low,2024-12-06
4438,21,Male,Operations,OPS-06,Facilities Manager,1,Master's,4484,6240,26,211,0,0,0,1 - Low,1,Yes,No,12.0,24.0,0,2.0,Very High,2024-10-18
4439,31,Female,Operations,OPS-06,Supply Chain Analyst,3,Master's,7642,10339,45,366,4,0,0,4 - Very High,2,No,No,17.0,31.0,2,4.0,Very High,2024-10-30
4440,40,Female,Sales,SAL-03,Sales Manager,2,Bachelor's,6717,8076,39,318,3,1,0,3 - High,3,No,Yes,3.0,15.0,0,4.0,High,06/25/2024
4441,44,Male,Operations,OPS-06,Logistics Coordinator,2,Bachelor's,5937,7926,35,286,16,13,12,3 - High,3,No,No,12.0,25.0,0,,High,09/01/2012
4442,43,Male,Engineering,ENG-02,Engineering Manager,3,Bachelor's,10594,12537,60,482,19,12,1,3 - High,3,No,No,8.0,37.0,1,1.0,High,12/30/2023
4443,26,Male,Sales,SAL-03,Regional Sales Lead,2,Bachelor's,6554,8071,38,306,0,0,0,1 - Low,4,No,No,8.0,16.0,1,3.0,High,2025-02-12
4444,37,Female,Operations,OPS-06,Facilities Manager,4,PhD,8541,10568,49,401,4,0,0,4 - Very High,2,No,Yes,9.0,24.0,3,1.0,Low,2024-04-06
4445,52,Male,Engineering,ENG-02,Backend Developer,3,Bachelor's,9126,10861,53,420,11,7,5,4 - Very High,4,No,No,15.0,45.0,1,,Very High,06/05/2019
4446,47,Female,Human Resources,HR-01,HR Manager,1,Master's,6281,7791,37,293,20,18,2,4 - Very High,3,No,No,13.0,23.0,0,2.0,Medium,2022-12-24
4447,46,Male,Sales,SAL-03,Sales Manager,1,Bachelor's,6766,9150,39,316,25,9,6,3 - High,3,No,No,12.0,16.0,0,3.0,Medium,2018-04-14
4448,37,Non-Binary,Finance,FIN-05,Finance Manager,2,High School,7131,9660,40,326,4,4,4,4 - Very High,4,No,No,4.0,42.0,3,3.0,High,2020-04-16
4449,35,Female,Human Resources,HR-01,HR Coordinator,2,Bachelor's,5331,6164,31,251,9,0,0,4 - Very High,2,No,No,,,0,4.0,Very High,03/10/2024
4450,49,Male,Operations,OPS-06,Process Engineer,1,Bachelor's,5423,7241,31,247,28,0,0,3 - High,2,No,No,13.0,38.0,0,5.0,Very High,2024-10-13
4451,32,Female,Operations,OPS-06,Process Engineer,1,High School,3750,4468,22,175,3,1,0,4 - Very High,4,No,No,9.0,24.0,1,3.0,Medium,12/23/2024
4452,27,Female,Operations,OPS-06,Operations Manager,3,Bachelor's,6724,7588,39,318,1,0,0,3 - High,3,No,No,5.0,15.0,1,2.0,High,01/11/2024
4453,29,Male,Engineering,ENG-02,DevOps Engineer,1,Master's,6764,8958,39,319,5,1,0,3 - High,4,No,No,13.0,38.0,0,2.0,Very High,03/17/2024
4454,29,Male,Sales,SAL-03,Account Executive,4,Master's,10780,12582,62,501,0,0,0,4 - Very High,3,No,No,3.0,26.0,1,,Very High,2025-04-15
4455,28,Female,Marketing,MKT-04,Brand Manager,3,Bachelor's,7678,9378,44,355,9,9,5,4 - Very High,3,No,Yes,9.0,,0,5.0,High,01/06/2019
4456,23,Male,Operations,OPS-06,Supply Chain Analyst,1,Bachelor's,3920,5390,23,184,2,2,1,3 - High,4,No,Yes,6.0,18.0,0,4.0,Medium,2023-07-12
4457,42,Non-Binary,Sales,SAL-03,Account Executive,4,PhD,12781,15066,72,580,14,11,9,2 - Medium,3,No,Yes,12.0,24.0,0,,High,2015-02-06
4458,21,Male,Operations,OPS-06,Supply Chain Analyst,2,Bachelor's,5791,7220,33,267,1,0,0,2 - Medium,2,No,No,,22.0,3,2.0,Very High,2024-02-09
4459,32,Female,Engineering,ENG-02,Frontend Developer,2,Bachelor's,6504,7391,38,303,2,2,1,4 - Very High,4,No,Yes,7.0,13.0,2,5.0,Medium,01/22/2023
4460,21,Female,Engineering,ENG-02,Frontend Developer,2,Bachelor's,6439,7608,37,291,4,1,0,2 - Medium,3,No,No,21.0,39.0,0,2.0,Medium,2024-09-09
4461,42,Male,Human Resources,HR-01,Recruiter,1,Bachelor's,4771,5588,28,228,3,1,1,2 - Medium,3,Yes,Yes,12.0,15.0,2,5.0,Very High,2023-12-26
4462,32,Male,Finance,FIN-05,Tax Specialist,1,Bachelor's,5424,7230,32,255,12,7,3,4 - Very High,4,No,No,4.0,21.0,0,4.0,Very High,2021-04-22
4463,56,Female,Operations,OPS-06,Logistics Coordinator,3,Bachelor's,6098,6811,36,283,22,16,8,3 - High,2,No,Yes,32.0,20.0,2,4.0,Low,2016-04-16
4464,38,Male,Marketing,MKT-04,Marketing Analyst,3,High School,5864,7909,33,269,6,5,1,3 - High,1,No,No,9.0,25.0,3,2.0,Very High,2023-09-15
4465,40,Female,Sales,SAL-03,Sales Manager,2,Bachelor's,7859,8942,46,366,8,5,3,4 - Very High,4,No,No,7.0,24.0,4,3.0,High,04/30/2021
4466,28,Male,Finance,FIN-05,Controller,1,Bachelor's,6101,6999,34,272,2,2,0,4 - Very High,4,No,No,4.0,30.0,0,4.0,Very High,05/24/2024
4467,31,Female,Operations,OPS-06,Operations Manager,2,High School,5975,7908,34,273,1,0,0,4 - Very High,4,No,No,17.0,25.0,1,3.0,High,2024-09-09
4468,36,Female,Sales,SAL-03,Sales Rep,1,Master's,4855,5559,28,225,8,1,1,2 - Medium,3,No,No,4.0,16.0,1,3.0,Very High,2023-12-05
4469,26,Female,Human Resources,HR-01,HR Manager,3,Master's,6909,9578,40,325,0,0,0,4 - Very High,3,No,No,9.0,17.0,1,5.0,Very High,10/19/2024
4470,26,Female,Sales,SAL-03,Regional Sales Lead,4,Bachelor's,9882,12815,58,461,0,0,0,4 - Very High,4,No,No,11.0,36.0,0,4.0,Very High,2024-05-04
4471,24,Male,Engineering,ENG-02,Engineering Manager,1,Bachelor's,6693,7616,40,315,0,0,0,2 - Medium,3,No,No,5.0,21.0,0,1.0,Very High,2024-11-01
4472,32,Female,Finance,FIN-05,Auditor,4,Master's,11238,12940,65,525,0,0,0,3 - High,1,No,No,5.0,53.0,0,,High,09/05/2024
4473,56,Male,Operations,OPS-06,Logistics Coordinator,3,High School,7137,9609,41,332,23,23,3,4 - Very High,3,No,No,6.0,40.0,0,3.0,High,2021-11-11
4474,38,Female,Operations,OPS-06,Logistics Coordinator,3,Bachelor's,7433,8236,43,346,10,2,2,1 - Low,2,No,Yes,14.0,25.0,3,5.0,High,2022-06-11
4475,48,Male,Finance,FIN-05,Auditor,3,PhD,10544,12773,60,476,17,6,0,4 - Very High,4,No,No,8.0,27.0,0,4.0,Very High,2024-09-18
4476,30,Female,Engineering,ENG-02,Backend Developer,4,Bachelor's,9986,13460,58,461,0,0,0,2 - Medium,2,No,Yes,6.0,30.0,4,2.0,Low,2025-04-09
4477,35,Male,Engineering,ENG-02,Data Engineer,3,High School,8399,9712,49,398,11,5,2,1 - Low,3,No,No,3.0,30.0,1,2.0,High,2022-12-17
4478,22,Male,Sales,SAL-03,Sales Manager,1,High School,4989,5607,29,239,2,1,0,4 - Very High,4,No,No,38.0,14.0,0,4.0,Very High,2024-02-11
4479,25,Male,Marketing,MKT-04,Brand Manager,1,PhD,6102,7626,35,285,3,1,0,3 - High,4,No,No,7.0,26.0,1,,High,2024-01-04
4480,41,Female,Operations,OPS-06,Logistics Coordinator,3,High School,6504,7746,38,298,16,11,9,4 - Very High,4,No,No,,36.0,0,4.0,Very High,09/25/2015
4481,24,Male,Sales,SAL-03,Senior Sales Rep,1,Bachelor's,4346,5654,25,206,0,0,0,2 - Medium,3,No,No,8.0,36.0,0,5.0,Very High,2024-08-17
4482,29,Non-Binary,Finance,FIN-05,Tax Specialist,2,Bachelor's,6589,8332,38,298,1,0,0,2 - Medium,2,No,Yes,13.0,39.0,1,3.0,Low,2024-07-31
4483,57,Female,Finance,FIN-05,Financial Analyst,2,Master's,8256,9719,47,370,20,12,2,3 - High,2,No,Yes,9.0,23.0,3,3.0,High,06/17/2022
4484,29,Female,Marketing,MKT-04,SEO Specialist,1,Bachelor's,4704,5714,27,218,6,5,0,3 - High,2,No,No,5.0,17.0,0,4.0,Very High,07/03/2024
4485,29,Male,Sales,SAL-03,Sales Director,5,Bachelor's,15811,19289,92,751,7,5,4,2 - Medium,1,No,Yes,7.0,21.0,2,2.0,High,2020-03-14
4486,28,Male,Operations,OPS-06,Logistics Coordinator,4,Master's,9402,11558,55,441,2,0,0,2 - Medium,2,No,No,8.0,24.0,0,5.0,High,2024-05-11
4487,32,Female,Sales,SAL-03,Senior Sales Rep,4,PhD,13498,15555,78,627,11,0,0,4 - Very High,3,No,yes,6.0,25.0,1,4.0,High,08/21/2024
4488,29,Female,Sales,SAL-03,Regional Sales Lead,2,High School,6449,8525,38,303,3,1,0,4 - Very High,3,No,No,8.0,30.0,0,4.0,Very High,2024-04-29
4489,34,Female,Operations,OPS-06,Facilities Manager,3,High School,7043,8862,42,331,6,4,2,4 - Very High,4,No,No,12.0,29.0,3,5.0,High,2022-11-16
4490,28,Male,Sales,SAL-03,Sales Manager,2,Bachelor's,6657,8963,39,311,7,5,3,2 - Medium,2,No,No,9.0,24.0,0,2.0,High,2021-04-01
4491,36,Female,Marketing,MKT-04,Brand Manager,2,Bachelor's,6110,6991,34,279,8,7,2,4 - Very High,3,No,No,5.0,15.0,1,3.0,Very High,2022-01-29
4492,29,Male,Operations,OPS-06,Operations Manager,1,Bachelor's,4794,5636,27,212,1,1,0,3 - High,4,No,Yes,3.0,31.0,1,4.0,Very High,11/28/2024
4493,43,Female,Finance,FIN-05,Tax Specialist,1,Bachelor's,6065,6796,35,285,25,8,2,2 - Medium,3,No,No,9.0,36.0,0,2.0,High,11/22/2022
4494,41,Female,Sales,SAL-03,Sales Rep,1,High School,5143,6103,29,228,8,3,3,4 - Very High,4,No,No,10.0,19.0,0,3.0,Very High,2021-01-30
4495,21,Female,Sales,SAL-03,Business Development Rep,3,Bachelor's,7543,9539,43,352,0,0,0,4 - Very High,4,Yes,No,12.0,22.0,2,3.0,Medium,2024-11-26
4496,54,Female,Engineering,ENG-02,Backend Developer,3,High School,8686,11232,50,401,11,9,4,3 - High,3,No,No,4.0,30.0,2,3.0,Medium,2020-08-02
4497,33,Male,Human Resources,HR-01,HR Director,2,Master's,5896,8057,34,267,7,7,0,3 - High,2,No,No,11.0,32.0,1,4.0,Very High,2024-09-24
4498,33,Male,Engineering,ENG-02,Staff Engineer,2,Bachelor's,7718,10520,44,350,0,0,0,1 - Low,2,No,Yes,21.0,13.0,1,2.0,High,02/27/2024
4499,30,Male,Finance,FIN-05,Tax Specialist,4,High School,7121,9039,42,331,0,0,0,2 - Medium,3,No,Yes,3.0,35.0,1,3.0,High,02/05/2024
4500,27,Female,Sales,SAL-03,Sales Director,2,Master's,9252,12514,53,425,8,2,1,1 - Low,2,No,Yes,5.0,14.0,1,5.0,Very High,2023-07-19
4501,21,Male,Marketing,MKT-04,Brand Manager,1,Bachelor's,5243,6838,30,237,3,1,1,4 - Very High,3,No,No,,12.0,1,4.0,Very High,02/03/2023
4502,42,Female,Finance,FIN-05,Finance Manager,1,Master's,5405,6425,31,246,5,4,2,3 - High,3,Yes,Yes,31.0,32.0,2,4.0,Low,03/21/2022
4503,24,Female,Operations,OPS-06,Process Engineer,2,High School,5105,6343,30,240,2,0,0,4 - Very High,3,No,No,3.0,29.0,0,1.0,Very High,
4504,38,Male,Operations,OPS-06,Operations Manager,3,Bachelor's,6239,8272,37,294,5,4,1,1 - Low,4,No,No,5.0,16.0,1,1.0,Medium,01/29/2023
4505,37,Female,Engineering,ENG-02,Frontend Developer,1,High School,5219,6545,30,242,12,2,1,3 - High,3,No,No,14.0,29.0,4,3.0,Very High,2023-11-05
4506,39,Male,Marketing,MKT-04,Marketing Manager,4,Bachelor's,9029,10859,51,419,10,6,5,4 - Very High,2,No,No,6.0,40.0,1,3.0,High,2019-07-30
4507,34,Male,Engineering,ENG-02,QA Engineer,3,Bachelor's,8578,9959,48,382,10,2,2,3 - High,4,No,Yes,4.0,22.0,0,1.0,Medium,2022-02-17
4508,28,Female,Sales,SAL-03,Sales Manager,4,High School,9331,11024,52,425,0,0,0,2 - Medium,3,No,Yes,6.0,17.0,2,2.0,Low,2024-11-09
4509,26,Male,Operations,OPS-06,Operations Analyst,1,Bachelor's,4667,6453,28,224,0,0,0,2 - Medium,2,No,Yes,7.0,26.0,0,4.0,High,2025-03-12
4510,31,Female,Engineering,ENG-02,Software Engineer,3,Master's,9065,10023,52,414,9,8,5,4 - Very High,4,No,No,10.0,26.0,1,4.0,Very High,10/13/2019
4511,38,Male,Finance,FIN-05,Finance Manager,1,Bachelor's,5562,7788,32,254,6,6,6,4 - Very High,4,No,No,4.0,30.0,1,3.0,Very High,01/10/2019
4512,24,Male,Finance,FIN-05,Tax Specialist,2,Bachelor's,5276,6050,31,253,3,2,2,3 - High,4,No,No,15.0,24.0,1,4.0,Very High,11/02/2022
4513,35,Non-Binary,Finance,FIN-05,Auditor,3,Master's,7508,9331,43,339,7,7,0,2 - Medium,2,No,No,9.0,22.0,0,,High,2024-12-02
4514,33,Male,Marketing,MKT-04,Marketing Manager,4,PhD,11978,14691,69,562,6,2,2,4 - Very High,3,No,Yes,10.0,26.0,0,3.0,Medium,2022-05-04
4515,35,Female,Sales,SAL-03,Sales Director,2,High School,6857,7921,38,303,4,0,0,3 - High,4,Yes,No,6.0,30.0,0,3.0,High,
4516,31,Female,Marketing,MKT-04,Brand Manager,2,Bachelor's,6396,7644,37,290,2,2,0,3 - High,3,No,No,5.0,25.0,1,2.0,Medium,2024-12-24
4517,38,Female,Operations,OPS-06,Operations Manager,3,Bachelor's,7457,10254,44,349,1,0,0,2 - Medium,2,No,Yes,6.0,32.0,2,2.0,Low,07/18/2024
4518,35,Female,Sales,SAL-03,Sales Rep,4,Bachelor's,7442,9540,43,344,1,0,0,2 - Medium,2,No,Yes,19.0,24.0,0,3.0,Medium,2024-09-11
4519,29,Female,Human Resources,HR-01,HR Analyst,3,High School,6032,7667,35,278,2,0,0,3 - High,3,No,No,5.0,20.0,3,2.0,High,06/23/2024
4520,25,Female,Sales,SAL-03,Senior Sales Rep,3,Bachelor's,7875,10473,45,364,3,0,0,3 - High,3,No,No,12.0,44.0,0,3.0,High,2024-09-05
4521,29,Female,Finance,FIN-05,Controller,4,Master's,10526,13580,61,480,5,2,0,4 - Very High,3,No,No,7.0,14.0,1,4.0,Very High,2024-11-21
4522,31,Male,Marketing,MKT-04,Growth Analyst,1,Bachelor's,5381,6351,32,258,6,2,2,3 - High,2,No,No,3.0,16.0,3,3.0,High,2022-02-04
4523,38,Female,Finance,FIN-05,Finance Manager,3,High School,8544,9566,50,398,10,2,2,4 - Very High,3,No,No,10.0,34.0,0,3.0,High,2022-07-01
4524,43,Male,Sales,SAL-03,Senior Sales Rep,3,High School,7055,8837,42,337,18,3,0,3 - High,4,No,No,,26.0,0,4.0,Very High,2024-08-15
4525,28,Non-Binary,Finance,FIN-05,Financial Analyst,4,High School,9348,12017,56,447,8,3,0,3 - High,2,No,No,16.0,26.0,2,5.0,Very High,2024-09-20
4526,31,Female,Sales,SAL-03,Sales Director,4,Master's,11984,15227,69,556,6,1,1,4 - Very High,3,No,No,11.0,40.0,0,4.0,High,2023-10-22
4527,53,Male,Finance,FIN-05,Auditor,2,High School,6005,7656,34,278,22,18,14,3 - High,4,No,No,6.0,29.0,0,4.0,High,2010-05-16
4528,28,Male,Sales,SAL-03,Account Executive,1,High School,4838,5842,27,219,2,1,0,2 - Medium,1,Yes,Yes,5.0,22.0,0,5.0,High,2024-01-21
4529,45,Female,Engineering,ENG-02,Backend Developer,3,Bachelor's,9211,10478,52,422,18,15,12,3 - High,3,No,Yes,9.0,34.0,0,3.0,High,2012-03-23
4530,41,Male,Sales,SAL-03,Senior Sales Rep,1,Bachelor's,4908,6524,28,227,16,5,0,3 - High,4,No,No,,45.0,1,4.0,Very High,06/25/2024
4531,23,Female,Marketing,MKT-04,Brand Manager,1,High School,4559,6206,27,220,1,1,0,3 - High,3,Yes,No,3.0,13.0,0,3.0,Medium,2024-10-11
4532,43,Male,Operations,OPS-06,Supply Chain Analyst,1,Master's,5487,7700,32,257,9,9,9,3 - High,4,No,Yes,5.0,27.0,1,4.0,Medium,2015-05-28
4533,40,Male,Engineering,ENG-02,Engineering Manager,3,Bachelor's,10733,13768,61,493,9,3,3,4 - Very High,3,No,No,9.0,35.0,1,3.0,Very High,06/17/2021
4534,39,Female,Finance,FIN-05,Senior Accountant,1,PhD,6723,9026,39,309,12,12,4,4 - Very High,3,No,No,10.0,16.0,0,4.0,Very High,11/23/2020
4535,34,Female,Human Resources,HR-01,HR Analyst,1,Bachelor's,3939,5368,23,183,6,5,3,4 - Very High,3,No,No,4.0,13.0,1,4.0,Very High,10/01/2021
4536,30,Female,Engineering,ENG-02,Staff Engineer,3,Bachelor's,8617,11026,49,392,2,0,0,4 - Very High,4,No,No,12.0,44.0,4,3.0,High,2024-03-26
4537,23,Male,Marketing,MKT-04,Marketing Analyst,3,Bachelor's,7420,10034,44,362,5,2,1,2 - Medium,2,Yes,No,19.0,15.0,0,1.0,Medium,2023-06-18
4538,45,Female,Sales,SAL-03,Regional Sales Lead,2,Master's,8305,9684,48,391,20,17,7,3 - High,3,No,No,6.0,19.0,0,4.0,High,03/01/2017
4539,25,Female,Operations,OPS-06,Process Engineer,2,Bachelor's,6151,8409,35,278,5,2,2,4 - Very High,4,No,No,14.0,12.0,0,4.0,Very High,2022-10-19
4540,21,Male,Operations,OPS-06,Operations Manager,5,High School,11444,13119,67,549,2,0,0,3 - High,3,No,Yes,10.0,28.0,0,3.0,Medium,09/22/2024
4541,32,Female,Marketing,MKT-04,Brand Manager,2,PhD,6106,7969,36,283,0,0,0,3 - High,3,No,Yes,4.0,23.0,0,4.0,Medium,2024-10-02
4542,31,Male,Operations,OPS-06,Supply Chain Analyst,1,PhD,5468,6737,31,255,3,1,1,4 - Very High,4,No,No,5.0,22.0,0,2.0,Medium,2023-10-20
4543,31,Female,Finance,FIN-05,Controller,1,Master's,6124,7918,36,294,1,0,0,3 - High,3,No,No,6.0,2.0,1,2.0,High,08/21/2024
4544,21,Female,Engineering,ENG-02,ML Engineer,5,Bachelor's,15187,19705,88,707,6,0,0,3 - High,4,No,Yes,22.0,21.0,0,4.0,Medium,2024-12-07
4545,43,Male,Finance,FIN-05,Auditor,3,Bachelor's,8528,10280,49,385,8,3,3,4 - Very High,4,No,No,9.0,17.0,3,3.0,High,03/20/2021
4546,27,Male,Engineering,ENG-02,Software Engineer,1,Bachelor's,5126,6010,30,244,5,0,0,3 - High,2,No,Yes,7.0,12.0,2,4.0,High,2024-09-12
4547,26,Female,Engineering,ENG-02,ML Engineer,3,Bachelor's,10022,12175,57,453,9,8,5,4 - Very High,3,No,No,6.0,39.0,0,3.0,Very High,01/28/2019
4548,35,Male,Sales,SAL-03,Sales Manager,1,Bachelor's,5406,7191,31,245,12,11,0,4 - Very High,3,No,No,7.0,31.0,3,,Very High,2024-12-06
4549,37,Female,Sales,SAL-03,Senior Sales Rep,2,Bachelor's,7190,8080,42,331,11,0,0,2 - Medium,3,No,No,19.0,24.0,0,1.0,High,2024-04-14
4550,55,Female,Finance,FIN-05,Tax Specialist,1,Bachelor's,5938,6760,34,275,30,13,8,3 - High,2,No,No,19.0,39.0,0,3.0,Very High,2016-11-11
4551,32,Female,Sales,SAL-03,Regional Sales Lead,2,Master's,6264,7773,35,285,4,2,2,3 - High,3,No,No,6.0,22.0,0,3.0,Very High,2022-08-06
4552,23,Male,Operations,OPS-06,Supply Chain Analyst,1,Bachelor's,4486,5575,26,213,4,0,0,3 - High,4,No,Yes,11.0,23.0,0,3.0,High,2024-02-07
4553,26,Female,Engineering,ENG-02,Staff Engineer,5,High School,12111,15549,71,577,3,3,1,4 - Very High,3,No,Yes,17.0,27.0,2,,Low,10/09/2023
4554,35,Male,Finance,FIN-05,Tax Specialist,3,Bachelor's,6179,8415,35,278,1,1,1,3 - High,3,No,No,16.0,25.0,1,4.0,Very High,2023-12-15
4555,31,Female,Operations,OPS-06,Process Engineer,2,PhD,7070,7892,42,338,2,0,0,3 - High,2,No,No,9.0,32.0,2,4.0,Very High,2024-03-10
4556,27,Male,Marketing,MKT-04,Digital Marketing Lead,1,Bachelor's,4381,6002,25,201,1,1,1,2 - Medium,3,No,No,5.0,22.0,3,2.0,Very High,2023-10-22
4557,35,Female,Engineering,ENG-02,Frontend Developer,1,PhD,6276,7992,37,294,6,3,0,3 - High,3,No,Yes,33.0,29.0,0,4.0,Medium,2024-09-01
4558,26,Female,Operations,OPS-06,Supply Chain Analyst,1,Bachelor's,4535,5238,27,221,3,2,0,4 - Very High,3,No,No,14.0,22.0,0,4.0,Very High,2024-11-09
4559,41,Male,Sales,SAL-03,Sales Director,3,High School,7807,9047,44,360,8,0,0,3 - High,3,No,No,8.0,29.0,2,3.0,High,2024-03-10
4560,40,Female,Sales,SAL-03,Business Development Rep,2,Bachelor's,5072,6543,29,233,1,1,1,4 - Very High,3,No,No,27.0,31.0,0,3.0,Low,11/12/2023
4561,55,Male,Engineering,ENG-02,Data Engineer,3,Bachelor's,9444,11389,53,424,23,1,1,2 - Medium,3,No,No,4.0,55.0,0,2.0,High,2023-05-28
4562,38,Female,Engineering,ENG-02,Software Engineer,3,Bachelor's,7268,8556,41,331,2,1,0,3 - High,3,No,No,13.0,26.0,3,5.0,Very High,2024-07-09
4563,35,Male,Marketing,MKT-04,SEO Specialist,2,High School,4971,5643,29,229,3,2,2,3 - High,4,No,No,4.0,12.0,2,4.0,Very High,2022-09-06
4564,60,Non-Binary,Sales,SAL-03,Business Development Rep,1,Bachelor's,5616,7610,32,261,20,12,10,2 - Medium,2,No,No,11.0,12.0,2,3.0,Very High,04/08/2014
4565,28,Female,Operations,OPS-06,Operations Manager,3,Bachelor's,6380,8788,36,288,1,0,0,3 - High,3,No,Yes,3.0,15.0,0,3.0,High,2024-06-29
4566,27,Female,Engineering,ENG-02,Staff Engineer,3,Bachelor's,11838,14518,67,534,9,8,4,4 - Very High,3,No,Yes,7.0,30.0,2,4.0,Medium,2020-04-09
4567,22,Male,Engineering,ENG-02,Backend Developer,2,High School,6922,8369,39,308,1,1,0,2 - Medium,2,Yes,Yes,4.0,49.0,0,4.0,High,12/01/2024
4568,30,Female,Operations,OPS-06,Supply Chain Analyst,2,Bachelor's,6025,7514,35,283,0,0,0,4 - Very High,3,No,No,6.0,21.0,3,5.0,Very High,2024-10-30
4569,30,Male,Finance,FIN-05,Finance Manager,1,Master's,6606,8893,39,310,3,3,2,3 - High,3,No,No,9.0,25.0,1,3.0,High,2022-06-12
4570,33,Male,Engineering,ENG-02,ML Engineer,2,PhD,7662,10482,43,342,1,0,0,3 - High,3,No,Yes,19.0,11.0,1,3.0,Medium,
4571,29,Female,Engineering,ENG-02,Backend Developer,4,Master's,11840,15148,70,550,3,1,0,3 - High,1,No,Yes,10.0,36.0,1,3.0,Low,2024-07-24
4572,33,Female,Sales,SAL-03,Sales Rep,1,Bachelor's,3848,5013,22,174,0,0,0,4 - Very High,4,Yes,No,3.0,28.0,1,1.0,High,2024-12-18
4573,48,Female,Operations,OPS-06,Operations Analyst,2,Bachelor's,5564,7340,33,270,15,11,11,3 - High,4,No,No,4.0,22.0,2,4.0,High,2013-02-28
4574,48,Female,Finance,FIN-05,Financial Analyst,3,Master's,9211,11275,53,420,26,19,7,3 - High,4,No,No,3.0,22.0,2,3.0,High,2017-07-04
4575,29,Female,Operations,OPS-06,Logistics Coordinator,1,Bachelor's,4891,5596,28,221,6,3,2,3 - High,4,No,Yes,6.0,34.0,0,2.0,Medium,2022-08-18
4576,33,Female,Human Resources,HR-01,HR Analyst,1,High School,4066,5594,24,189,5,2,1,3 - High,1,No,No,8.0,17.0,1,5.0,Very High,2023-10-17
4577,36,Male,Sales,SAL-03,Sales Director,2,Master's,7824,10760,46,369,1,1,1,4 - Very High,4,No,No,14.0,23.0,1,4.0,Very High,04/16/2024
4578,41,Female,Human Resources,HR-01,Benefits Specialist,4,PhD,9149,11744,54,440,15,8,6,3 - High,3,No,Yes,11.0,24.0,3,4.0,Very High,03/07/2018
4579,37,Female,Human Resources,HR-01,HR Analyst,1,Bachelor's,4669,5744,27,220,14,3,0,3 - High,2,No,No,9.0,15.0,0,3.0,High,2024-08-22
4580,37,Male,Operations,OPS-06,Process Engineer,1,PhD,6231,8305,35,277,7,1,1,2 - Medium,3,No,Yes,3.0,31.0,3,3.0,Medium,10/22/2023
4581,50,Female,Engineering,ENG-02,Frontend Developer,2,Bachelor's,8197,11181,49,399,10,7,6,2 - Medium,2,No,Yes,4.0,31.0,2,3.0,Medium,06/10/2018
4582,25,Female,Operations,OPS-06,Facilities Manager,2,High School,4894,6890,28,228,2,2,1,2 - Medium,1,No,Yes,13.0,24.0,0,5.0,High,2023-03-28
4583,34,Female,Sales,SAL-03,Business Development Rep,2,Bachelor's,5360,6325,30,235,11,6,3,2 - Medium,3,No,No,17.0,31.0,0,3.0,Very High,02/08/2021
4584,32,Female,Operations,OPS-06,Process Engineer,5,Bachelor's,10042,11976,59,478,0,0,0,3 - High,4,No,No,10.0,20.0,2,3.0,Very High,09/22/2024
4585,31,Female,Engineering,ENG-02,Backend Developer,3,Master's,8062,10266,47,371,1,1,0,2 - Medium,1,Yes,Yes,29.0,23.0,0,2.0,High,2024-08-17
4586,38,Female,Engineering,ENG-02,Software Engineer,2,Bachelor's,6963,8838,41,335,4,1,1,4 - Very High,3,No,No,23.0,15.0,0,4.0,Very High,09/17/2023
4587,30,Male,Finance,FIN-05,Finance Manager,3,Master's,8520,11260,49,395,6,3,3,4 - Very High,4,No,No,1.0,9.0,0,4.0,High,2021-02-14
4588,52,Female,Engineering,ENG-02,QA Engineer,2,Master's,7991,10631,46,364,20,20,4,3 - High,3,No,No,8.0,39.0,0,4.0,Very High,2020-02-28
4589,32,Male,Operations,OPS-06,Process Engineer,4,Bachelor's,9072,10189,52,422,5,5,1,3 - High,4,No,No,8.0,34.0,1,4.0,Very High,2023-05-27
4590,25,Female,Operations,OPS-06,Operations Analyst,2,High School,4388,6041,26,209,4,3,2,4 - Very High,3,No,No,5.0,23.0,0,4.0,Very High,06/28/2022
4591,21,Male,Finance,FIN-05,Finance Manager,2,Master's,6974,9070,40,323,0,0,0,2 - Medium,2,No,No,6.0,28.0,2,4.0,Very High,2024-12-02
4592,23,Female,Sales,SAL-03,Sales Director,2,Bachelor's,6673,8918,39,320,0,0,0,3 - High,2,Yes,No,7.0,33.0,1,3.0,High,04/04/2025
4593,39,Non-Binary,Operations,OPS-06,Logistics Coordinator,2,Master's,6320,7011,36,283,4,4,1,2 - Medium,2,No,No,6.0,23.0,3,3.0,Medium,2023-07-19
4594,21,Female,Operations,OPS-06,Process Engineer,5,High School,8675,11950,49,398,0,0,0,1 - Low,3,Yes,No,22.0,29.0,0,3.0,High,09/07/2024
4595,27,Male,Engineering,ENG-02,Staff Engineer,4,Bachelor's,13626,15703,77,620,1,1,0,4 - Very High,3,Yes,No,6.0,36.0,4,5.0,Very High,12/26/2024
4596,32,Male,Engineering,ENG-02,Senior Engineer,3,Master's,9830,12353,56,447,1,1,0,2 - Medium,4,Yes,Yes,6.0,19.0,2,3.0,Medium,01/27/2024
4597,36,Female,Engineering,ENG-02,Engineering Manager,3,Bachelor's,10267,11682,59,480,6,5,3,3 - High,3,Yes,No,9.0,21.0,3,2.0,High,10/30/2021
4598,54,Female,Finance,FIN-05,Tax Specialist,1,Bachelor's,6144,7443,35,278,23,7,7,4 - Very High,4,No,No,5.0,21.0,1,,High,06/03/2017
4599,30,Male,Engineering,ENG-02,Data Engineer,2,Bachelor's,6715,8772,38,310,4,2,1,4 - Very High,2,No,No,6.0,25.0,0,3.0,High,2023-01-18
4600,27,Female,Operations,OPS-06,Process Engineer,2,Master's,6193,8104,37,298,1,0,0,3 - High,1,No,Yes,3.0,18.0,1,3.0,Medium,2024-06-26
4601,28,Female,Finance,FIN-05,Controller,3,Bachelor's,7550,9393,44,347,3,0,0,3 - High,4,No,No,7.0,23.0,0,4.0,Very High,2024-11-15
4602,35,Female,Marketing,MKT-04,Digital Marketing Lead,2,Bachelor's,5491,7123,32,262,3,1,0,1 - Low,3,No,No,5.0,26.0,0,4.0,Very High,12/21/2024
4603,35,Male,Marketing,MKT-04,Growth Analyst,3,Bachelor's,8165,10289,47,382,4,4,1,2 - Medium,2,No,No,8.0,15.0,1,3.0,Very High,03/18/2023
4604,25,Non-Binary,Finance,FIN-05,Senior Accountant,3,Master's,9195,10332,54,434,3,1,1,4 - Very High,2,No,No,5.0,16.0,1,2.0,High,2023-06-02
4605,39,Female,Engineering,ENG-02,Staff Engineer,5,Bachelor's,15142,19072,87,692,12,6,5,3 - High,4,No,No,16.0,30.0,0,4.0,Very High,2019-10-14
4606,29,Male,Finance,FIN-05,Senior Accountant,3,Bachelor's,8339,10479,48,386,5,3,1,3 - High,3,No,No,4.0,34.0,0,4.0,Very High,2023-09-09
4607,27,Male,Finance,FIN-05,Controller,3,Bachelor's,8559,10154,50,411,0,0,0,4 - Very High,4,Yes,No,7.0,37.0,0,4.0,Very High,06/12/2024
4608,29,Male,Sales,SAL-03,Business Development Rep,1,Bachelor's,4706,5647,28,229,13,5,0,3 - High,3,No,No,3.0,28.0,3,2.0,High,2024-05-03
4609,31,Male,Sales,SAL-03,Senior Sales Rep,1,Bachelor's,4547,5334,26,211,4,1,0,2 - Medium,3,No,Yes,15.0,23.0,0,4.0,Medium,2024-12-04
4610,24,Male,Marketing,MKT-04,Marketing Manager,1,Bachelor's,4495,5609,26,207,4,3,2,4 - Very High,2,No,No,11.0,21.0,3,,High,2022-11-24
4611,23,Female,Engineering,ENG-02,Senior Engineer,4,Master's,10898,13083,63,505,3,1,0,3 - High,2,No,Yes,7.0,31.0,1,4.0,Very High,2024-03-21
4612,32,Female,Operations,OPS-06,Logistics Coordinator,2,High School,5301,6884,30,241,2,1,0,2 - Medium,2,No,No,13.0,18.0,1,,High,05/23/2024
4613,45,Male,Marketing,MKT-04,Marketing Manager,1,Bachelor's,5477,6800,32,258,19,5,5,4 - Very High,4,No,No,10.0,40.0,0,4.0,Very High,2019-11-28
4614,29,Female,Engineering,ENG-02,Frontend Developer,2,Master's,6273,7936,37,294,1,0,0,3 - High,4,No,No,6.0,35.0,1,3.0,High,2024-01-28
4615,21,Male,Engineering,ENG-02,Data Engineer,2,Bachelor's,7398,10142,43,345,0,0,0,3 - High,2,No,No,16.0,33.0,0,3.0,Very High,03/06/2025
4616,39,Female,Operations,OPS-06,Logistics Coordinator,1,Master's,4254,5236,25,197,7,3,0,3 - High,4,No,Yes,15.0,10.0,0,4.0,High,2024-03-31
4617,43,Female,Operations,OPS-06,Supply Chain Analyst,1,High School,5381,7219,31,248,18,2,0,3 - High,2,No,No,13.0,6.0,3,2.0,High,2024-10-21
4618,22,Female,Finance,FIN-05,Tax Specialist,3,Bachelor's,6822,7791,40,320,9,2,2,4 - Very High,4,No,No,21.0,17.0,0,4.0,Very High,2022-07-11
4619,40,Male,Sales,SAL-03,Business Development Rep,4,Master's,7807,10650,45,367,0,0,0,1 - Low,4,No,Yes,13.0,27.0,3,3.0,High,07/01/2024
4620,32,Female,Marketing,MKT-04,SEO Specialist,1,Bachelor's,4045,5486,23,189,1,1,1,4 - Very High,3,No,No,9.0,32.0,1,3.0,High,2023-12-08
4621,27,Female,Finance,FIN-05,Auditor,2,Master's,6746,7912,39,314,0,0,0,4 - Very High,4,No,No,8.0,27.0,3,4.0,Very High,03/19/2025
4622,26,Male,Operations,OPS-06,Operations Analyst,2,Bachelor's,5394,7576,32,260,0,0,0,4 - Very High,3,No,Yes,7.0,41.0,0,3.0,Medium,2024-10-16
4623,35,Male,Sales,SAL-03,Sales Director,2,High School,7269,8270,43,346,15,6,0,4 - Very High,3,No,No,8.0,32.0,0,4.0,High,2024-02-20
4624,46,Male,Engineering,ENG-02,Frontend Developer,1,High School,5486,7399,31,244,5,2,0,2 - Medium,1,No,Yes,29.0,19.0,4,2.0,Low,2024-08-25
4625,28,Non-Binary,Engineering,ENG-02,Data Engineer,3,Master's,10658,13879,62,506,2,2,0,2 - Medium,3,No,Yes,9.0,27.0,3,1.0,Medium,10/16/2024
4626,22,Female,Operations,OPS-06,Supply Chain Analyst,3,High School,6471,8748,38,301,0,0,0,4 - Very High,3,No,No,13.0,37.0,1,5.0,High,06/20/2024
4627,35,Male,Marketing,MKT-04,Marketing Analyst,1,High School,5233,6999,30,238,13,2,2,4 - Very High,2,No,No,12.0,26.0,0,2.0,Very High,06/24/2022
4628,45,Female,Finance,FIN-05,Tax Specialist,3,Bachelor's,8455,11066,50,403,13,7,1,3 - High,2,No,No,3.0,26.0,2,,Very High,2023-03-17
4629,31,Male,Sales,SAL-03,Senior Sales Rep,4,High School,8712,11127,49,388,3,3,0,3 - High,2,No,No,15.0,32.0,3,3.0,High,2024-05-12
4630,34,Female,Marketing,MKT-04,Content Strategist,5,Bachelor's,10742,14135,62,495,13,4,2,4 - Very High,3,No,Yes,2.0,32.0,0,1.0,Medium,2022-10-05
4631,48,Male,Sales,SAL-03,Sales Director,2,Master's,8943,12167,52,423,12,2,2,3 - High,2,No,No,4.0,37.0,3,4.0,Very High,2022-05-19
4632,30,Male,Finance,FIN-05,Controller,3,Bachelor's,7397,9368,43,353,1,1,0,3 - High,4,No,No,3.0,19.0,2,1.0,Very High,10/29/2024
4633,21,Male,Human Resources,HR-01,HR Director,1,Bachelor's,5447,7043,31,251,2,2,1,2 - Medium,3,Yes,No,8.0,,1,3.0,High,08/11/2023
4634,25,Male,Sales,SAL-03,Business Development Rep,2,Bachelor's,5051,6561,30,245,1,1,0,2 - Medium,4,No,Yes,5.0,24.0,0,3.0,Low,2024-04-14
4635,40,Female,Operations,OPS-06,Process Engineer,2,Bachelor's,6208,7222,37,304,14,14,14,2 - Medium,4,No,No,6.0,23.0,0,4.0,Very High,2010-07-23
4636,31,Female,Sales,SAL-03,Business Development Rep,3,Master's,6309,7975,35,279,0,0,0,4 - Very High,3,Yes,Yes,3.0,35.0,0,3.0,Low,2025-01-31
4637,31,Male,Marketing,MKT-04,Digital Marketing Lead,2,Bachelor's,6979,9132,41,325,3,1,1,2 - Medium,4,Yes,No,16.0,27.0,0,1.0,High,2023-01-27
4638,32,Female,Engineering,ENG-02,ML Engineer,2,High School,6874,8140,40,321,4,1,1,3 - High,2,No,Yes,18.0,28.0,0,3.0,Medium,03/28/2023
4639,38,Male,Human Resources,HR-01,HR Manager,2,Bachelor's,6559,8537,39,320,12,7,6,3 - High,4,No,No,13.0,31.0,2,3.0,Very High,2018-03-25
4640,46,Male,Finance,FIN-05,Auditor,1,PhD,7648,9898,43,337,17,11,2,3 - High,4,No,No,13.0,22.0,1,2.0,High,10/31/2022
4641,22,Male,Sales,SAL-03,Sales Rep,2,Bachelor's,6098,7867,35,287,6,5,3,4 - Very High,4,No,No,10.0,29.0,0,5.0,Very High,2021-03-11
4642,38,Female,Human Resources,HR-01,Recruiter,1,Master's,5351,6460,30,244,12,6,3,2 - Medium,3,No,No,18.0,18.0,0,3.0,High,2021-07-21
4643,28,Male,Finance,FIN-05,Controller,3,High School,8493,9602,49,398,4,0,0,3 - High,3,No,No,10.0,20.0,0,5.0,Very High,03/18/2024
4644,21,Female,Human Resources,HR-01,HR Manager,2,High School,5493,6943,31,244,2,2,2,4 - Very High,3,No,No,9.0,37.0,0,4.0,High,06/26/2022
4645,45,Female,Engineering,ENG-02,Staff Engineer,5,High School,13183,17616,76,608,11,6,3,3 - High,2,No,No,2.0,33.0,1,5.0,Very High,04/18/2021
4646,40,Male,Sales,SAL-03,Sales Manager,1,Bachelor's,4538,5095,27,220,2,1,0,3 - High,3,No,No,13.0,27.0,4,2.0,Very High,2024-10-04
4647,30,Female,Human Resources,HR-01,Recruiter,2,High School,4990,6719,29,227,3,3,2,3 - High,3,No,No,4.0,29.0,1,2.0,Very High,01/28/2022
4648,21,Female,Sales,SAL-03,Account Executive,4,Bachelor's,8884,10319,51,406,1,1,0,3 - High,3,No,Yes,6.0,41.0,0,4.0,High,03/19/2024
4649,33,Male,Finance,FIN-05,Tax Specialist,1,High School,4389,5941,26,211,10,8,0,4 - Very High,3,No,No,19.0,22.0,0,3.0,High,05/15/2024
4650,32,Female,Engineering,ENG-02,ML Engineer,5,Bachelor's,16652,20228,95,766,3,2,0,4 - Very High,3,No,No,6.0,22.0,1,4.0,Very High,12/28/2024
4651,30,Female,Marketing,MKT-04,Digital Marketing Lead,1,High School,4782,5691,27,212,0,0,0,3 - High,3,No,Yes,4.0,20.0,3,3.0,High,12/31/2024
4652,50,Female,Sales,SAL-03,Sales Rep,2,High School,5051,6551,29,231,18,6,6,4 - Very High,3,No,No,17.0,35.0,0,4.0,Very High,12/10/2018
4653,33,Female,Sales,SAL-03,Sales Manager,1,PhD,6425,8307,36,296,7,3,1,4 - Very High,3,No,No,13.0,32.0,2,5.0,High,2023-04-25
4654,47,Male,Human Resources,HR-01,HR Analyst,2,High School,5860,7465,34,270,12,4,2,3 - High,3,No,No,7.0,11.0,0,3.0,Very High,2022-06-09
4655,36,Male,Engineering,ENG-02,QA Engineer,1,Bachelor's,5140,6603,29,235,1,0,0,4 - Very High,4,No,No,9.0,27.0,0,4.0,High,2024-05-22
4656,28,Female,Engineering,ENG-02,QA Engineer,4,Master's,11934,14978,68,544,5,5,5,2 - Medium,3,No,No,26.0,19.0,2,4.0,High,2019-10-24
4657,50,Male,Operations,OPS-06,Operations Analyst,2,High School,5571,7477,32,252,16,8,0,4 - Very High,3,No,No,6.0,31.0,0,3.0,High,04/02/2024
4658,21,Male,Operations,OPS-06,Logistics Coordinator,3,High School,4961,6890,28,221,3,3,0,2 - Medium,3,No,Yes,3.0,36.0,0,4.0,High,2024-02-03
4659,39,Male,Sales,SAL-03,Regional Sales Lead,3,Bachelor's,6874,8379,39,312,4,3,0,4 - Very High,2,No,No,10.0,27.0,4,5.0,very high,2024-10-13
4660,28,Female,Finance,FIN-05,Auditor,2,Bachelor's,6131,7074,36,291,3,3,2,4 - Very High,3,No,No,7.0,21.0,0,1.0,High,04/14/2022
4661,29,Female,Engineering,ENG-02,DevOps Engineer,2,PhD,8422,11152,48,392,4,1,0,4 - Very High,2,No,No,8.0,16.0,3,5.0,High,05/12/2024
4662,23,Male,Sales,SAL-03,Regional Sales Lead,4,Bachelor's,9914,12716,56,446,2,0,0,3 - High,3,No,No,6.0,51.0,0,5.0,Very High,2024-02-24
4663,39,Non-Binary,Human Resources,HR-01,Recruiter,3,Master's,7153,8894,41,333,11,0,0,2 - Medium,2,No,No,7.0,39.0,0,3.0,High,2024-10-15
4664,29,Female,Sales,SAL-03,Senior Sales Rep,1,Bachelor's,5637,6913,33,262,1,1,0,4 - Very High,3,No,No,6.0,18.0,0,,High,08/27/2024
4665,36,Male,Marketing,MKT-04,Digital Marketing Lead,5,Bachelor's,10538,11638,60,476,5,2,0,3 - High,2,No,No,6.0,36.0,2,4.0,High,2024-06-25
4666,22,Male,Sales,SAL-03,Business Development Rep,1,High School,3822,5329,22,181,1,1,1,1 - Low,2,Yes,Yes,21.0,26.0,0,3.0,Medium,2024-04-09
4667,23,Male,Marketing,MKT-04,SEO Specialist,2,Bachelor's,5724,7647,32,253,2,2,2,3 - High,3,No,Yes,6.0,23.0,0,,Medium,2023-02-10
4668,27,Female,Sales,SAL-03,Sales Rep,1,Bachelor's,4161,5153,23,189,2,2,0,2 - Medium,3,No,Yes,5.0,29.0,2,3.0,Medium,2024-08-31
4669,25,Male,Human Resources,HR-01,Benefits Specialist,2,Master's,5903,8070,34,278,0,0,0,1 - Low,2,No,Yes,5.0,16.0,0,4.0,Very High,2025-01-01
4670,48,Female,Engineering,ENG-02,QA Engineer,4,Master's,12201,14314,71,557,25,10,10,3 - High,2,No,No,3.0,15.0,0,5.0,High,09/24/2014
4671,24,Male,Engineering,ENG-02,Backend Developer,4,Master's,11886,14981,67,550,1,1,0,4 - Very High,4,No,No,3.0,28.0,2,4.0,Very High,05/31/2024
4672,37,Male,Operations,OPS-06,Logistics Coordinator,1,Bachelor's,5082,5652,29,230,16,6,1,3 - High,4,No,No,18.0,26.0,0,2.0,Very High,2023-01-05
4673,30,Male,Engineering,ENG-02,QA Engineer,2,Master's,7416,9965,42,338,3,2,2,3 - High,1,No,No,10.0,35.0,0,3.0,High,2022-11-11
4674,52,Female,Sales,SAL-03,Business Development Rep,1,Bachelor's,4598,6048,26,208,22,20,13,3 - High,1,No,No,21.0,19.0,2,,High,04/21/2011
4675,26,Male,Operations,OPS-06,Supply Chain Analyst,4,Bachelor's,7888,9983,45,364,1,1,1,3 - High,4,No,No,8.0,31.0,0,5.0,High,2023-02-10
4676,38,Non-Binary,Sales,SAL-03,Sales Rep,4,Master's,10275,13110,58,456,9,9,2,2 - Medium,3,No,Yes,18.0,22.0,1,,High,2022-02-06
4677,25,Female,Marketing,MKT-04,Content Strategist,1,PhD,5892,7577,34,275,0,0,0,2 - Medium,1,No,Yes,6.0,32.0,2,3.0,High,05/30/2024
4678,21,Female,Engineering,ENG-02,Staff Engineer,4,Bachelor's,13946,15650,82,655,4,4,2,2 - Medium,4,No,No,4.0,20.0,1,3.0,Very High,2022-09-12
4679,38,Male,Engineering,ENG-02,ML Engineer,2,High School,7475,10124,42,333,11,11,10,3 - High,4,No,No,3.0,34.0,1,1.0,High,2014-10-01
4680,27,Female,Marketing,MKT-04,Brand Manager,2,Master's,7061,8501,40,322,2,0,0,3 - High,3,No,Yes,10.0,31.0,1,5.0,Very High,2024-12-23
4681,29,Female,Engineering,ENG-02,ML Engineer,4,Bachelor's,11137,14756,64,509,7,5,3,4 - Very High,4,No,No,12.0,31.0,0,4.0,High,2021-10-18
4682,51,Male,Marketing,MKT-04,Content Strategist,2,Bachelor's,5558,7090,32,251,21,9,2,4 - Very High,2,No,No,19.0,11.0,0,3.0,High,2022-08-05
4683,33,Female,Operations,OPS-06,Operations Manager,1,Bachelor's,4863,5946,28,224,7,2,2,2 - Medium,2,No,Yes,8.0,16.0,1,4.0,Medium,04/21/2022
4684,28,Male,Engineering,ENG-02,QA Engineer,4,Master's,9938,12164,58,457,4,3,3,4 - Very High,4,No,No,3.0,20.0,0,3.0,High,2021-08-16
4685,42,Male,Engineering,ENG-02,ML Engineer,5,Master's,17103,21174,98,799,1,1,0,3 - High,3,No,No,24.0,29.0,2,4.0,Very High,2025-01-01
4686,38,Female,Engineering,ENG-02,Backend Developer,4,Master's,10626,12569,61,492,6,6,1,4 - Very High,3,No,Yes,12.0,35.0,0,,Very High,2023-05-28
4687,27,Female,Operations,OPS-06,Logistics Coordinator,2,Bachelor's,5558,7542,32,263,0,0,0,2 - Medium,3,No,No,32.0,17.0,0,2.0,Low,2024-07-15
4688,21,Female,Engineering,ENG-02,Frontend Developer,2,Master's,6014,7974,34,277,0,0,0,2 - Medium,2,No,No,6.0,12.0,1,,High,2024-07-29
4689,39,Female,Marketing,MKT-04,Brand Manager,3,Master's,7899,10135,47,383,9,1,0,3 - High,4,No,no,11.0,28.0,2,4.0,Very High,05/04/2024
4690,33,Male,Finance,FIN-05,Financial Analyst,2,Bachelor's,6661,7949,38,309,7,7,7,4 - Very High,3,No,No,23.0,20.0,2,4.0,Very High,2017-06-15
4691,40,Male,Engineering,ENG-02,Data Engineer,1,Master's,7852,9134,46,375,9,3,3,3 - High,2,No,No,4.0,28.0,2,3.0,Very High,2021-12-24
4692,34,Male,Engineering,ENG-02,Staff Engineer,4,High School,12938,14479,74,587,4,1,1,3 - High,3,No,No,11.0,38.0,4,4.0,Very High,06/11/2023
4693,38,Female,Finance,FIN-05,Controller,1,Bachelor's,6375,7868,37,302,5,1,1,4 - Very High,4,No,No,13.0,11.0,0,4.0,Very High,2023-08-17
4694,45,Female,Engineering,ENG-02,Data Engineer,3,Master's,11892,15009,69,561,14,1,0,4 - Very High,4,No,No,6.0,31.0,0,3.0,High,2024-01-13
4695,27,Female,Engineering,ENG-02,Data Engineer,1,High School,5695,6744,34,278,0,0,0,2 - Medium,4,No,Yes,5.0,10.0,2,4.0,High,08/28/2024
4696,26,Male,Sales,SAL-03,Senior Sales Rep,1,High School,4747,5977,27,216,1,0,0,3 - High,3,Yes,No,41.0,10.0,1,4.0,High,06/18/2024
4697,34,Female,Engineering,ENG-02,Frontend Developer,1,PhD,5648,7815,32,256,2,2,2,4 - Very High,3,No,Yes,6.0,19.0,4,,High,2022-12-18
4698,51,Female,Engineering,ENG-02,Frontend Developer,1,Bachelor's,5513,6585,32,262,16,2,1,4 - Very High,4,No,No,6.0,26.0,0,5.0,Very High,11/16/2023
4699,41,Female,Engineering,ENG-02,Frontend Developer,1,Bachelor's,6257,7630,37,294,16,2,2,2 - Medium,3,No,No,11.0,31.0,0,4.0,Very High,09/16/2022
4700,43,Female,Engineering,ENG-02,DevOps Engineer,1,Bachelor's,6261,7405,36,287,15,7,1,4 - Very High,4,No,No,5.0,12.0,2,4.0,Very High,2023-11-12
4701,33,Female,Engineering,ENG-02,Software Engineer,1,Master's,6031,7005,35,282,7,5,2,4 - Very High,2,No,No,11.0,40.0,0,4.0,Very High,2022-08-23
4702,37,Female,Engineering,ENG-02,QA Engineer,4,High School,9149,10193,51,416,6,0,0,2 - Medium,3,No,No,8.0,32.0,0,1.0,High,11/27/2024
4703,31,Male,Finance,FIN-05,Financial Analyst,2,Bachelor's,5930,7155,34,272,3,1,0,3 - High,3,No,Yes,24.0,29.0,2,1.0,Medium,2024-01-28
4704,48,Female,Engineering,ENG-02,Staff Engineer,4,Bachelor's,11952,13567,70,554,16,16,5,4 - Very High,4,No,No,4.0,28.0,3,4.0,Very High,12/28/2019
4705,26,Male,Engineering,ENG-02,Software Engineer,2,Bachelor's,6753,8583,39,312,2,0,0,2 - Medium,1,Yes,Yes,37.0,35.0,0,3.0,High,02/03/2024
4706,30,Female,Operations,OPS-06,Facilities Manager,3,Master's,6258,8167,37,297,4,2,2,4 - Very High,3,No,No,9.0,36.0,2,4.0,Very High,2022-08-15
4707,42,Male,Engineering,ENG-02,DevOps Engineer,1,High School,5090,6130,30,242,8,1,1,4 - Very High,3,No,No,5.0,18.0,2,3.0,Very High,2023-05-08
4708,26,Male,Marketing,MKT-04,Growth Analyst,3,Master's,6388,8326,38,310,0,0,0,3 - High,4,No,No,8.0,36.0,1,1.0,High,2024-12-07
4709,40,Male,Operations,OPS-06,Facilities Manager,5,Bachelor's,10305,12488,59,467,16,12,7,4 - Very High,4,No,Yes,5.0,44.0,0,4.0,High,2017-09-08
4710,31,Female,Sales,SAL-03,Sales Director,4,Bachelor's,10374,12020,60,484,6,2,2,2 - Medium,2,No,Yes,10.0,24.0,0,2.0,Medium,01/05/2022
4711,31,Female,Operations,OPS-06,Logistics Coordinator,1,High School,3492,4473,21,168,2,2,0,2 - Medium,2,No,No,5.0,27.0,0,3.0,Medium,2024-08-21
4712,31,Female,Engineering,ENG-02,Data Engineer,2,Master's,6880,8261,40,322,1,1,0,4 - Very High,3,No,Yes,12.0,10.0,1,3.0,Medium,12/31/2024
4713,35,Male,Engineering,ENG-02,QA Engineer,2,Bachelor's,5876,7578,34,277,1,1,1,4 - Very High,3,No,No,6.0,28.0,3,3.0,Very High,05/12/2023
4714,31,Male,Finance,FIN-05,Tax Specialist,2,Bachelor's,5484,7440,32,252,1,0,0,3 - High,3,No,Yes,10.0,18.0,2,,Low,2024-01-07
4715,38,Female,Engineering,ENG-02,ML Engineer,2,Bachelor's,8205,10273,46,364,0,0,0,3 - High,3,No,Yes,3.0,33.0,4,3.0,Medium,2024-07-10
4716,31,Male,Sales,SAL-03,Account Executive,2,Master's,7460,9873,43,353,7,6,4,3 - High,3,No,No,6.0,22.0,2,4.0,Very High,03/18/2020
4717,38,Female,Sales,SAL-03,Account Executive,5,Master's,15358,17200,87,688,8,0,0,2 - Medium,4,Yes,No,2.0,31.0,0,2.0,Medium,2024-07-05
4718,30,Female,Sales,SAL-03,Regional Sales Lead,3,PhD,9890,11335,58,457,1,0,0,2 - Medium,1,No,No,7.0,19.0,0,3.0,Medium,2024-03-01
4719,22,Male,Finance,FIN-05,Financial Analyst,4,High School,9747,10802,56,457,3,1,0,4 - Very High,2,No,No,14.0,17.0,0,4.0,High,2024-04-29
4720,45,Male,Engineering,ENG-02,Senior Engineer,3,Bachelor's,10075,11914,59,482,21,21,6,3 - High,2,No,Yes,7.0,27.0,0,3.0,High,05/07/2018
4721,41,Non-Binary,Sales,SAL-03,Sales Manager,1,Bachelor's,6525,8748,37,298,11,4,2,3 - High,3,No,No,2.0,33.0,3,4.0,Very High,04/04/2022
4722,60,Female,Sales,SAL-03,Business Development Rep,4,Bachelor's,9783,10802,56,440,26,21,1,4 - Very High,4,No,No,12.0,48.0,4,,High,06/17/2023
4723,45,Non-Binary,Finance,FIN-05,Financial Analyst,2,Master's,6505,8235,38,301,14,1,0,3 - High,2,No,No,6.0,25.0,0,1.0,Medium,2024-04-27
4724,46,Female,Sales,SAL-03,Account Executive,2,Bachelor's,7667,8646,43,342,23,0,0,4 - Very High,3,No,No,3.0,18.0,0,4.0,Very High,09/12/2024
4725,37,Female,Human Resources,HR-01,Benefits Specialist,2,High School,4854,6835,28,230,7,5,0,2 - Medium,3,No,Yes,4.0,6.0,0,5.0,Medium,2024-06-05
4726,23,Male,Finance,FIN-05,Auditor,3,Master's,8179,9928,47,382,0,0,0,2 - Medium,1,No,Yes,15.0,24.0,1,,Medium,2024-11-15
4727,28,Male,Finance,FIN-05,Finance Manager,3,High School,8619,9611,50,409,7,3,2,3 - High,3,No,No,9.0,25.0,0,1.0,High,2022-05-20
4728,42,Female,Sales,SAL-03,Senior Sales Rep,1,High School,5347,6877,31,247,7,6,2,3 - High,3,No,Yes,6.0,28.0,5,3.0,Low,2022-01-12
4729,51,Male,Engineering,ENG-02,Senior Engineer,2,PhD,9654,11421,57,452,18,7,4,3 - High,2,No,No,7.0,35.0,2,4.0,High,2020-04-16
4730,51,Female,Operations,OPS-06,Logistics Coordinator,4,Bachelor's,8165,9383,47,379,14,4,1,4 - Very High,3,Yes,Yes,12.0,24.0,3,4.0,High,2023-05-21
4731,42,Female,Sales,SAL-03,Sales Rep,2,Bachelor's,5325,6938,30,238,9,2,2,4 - Very High,3,No,No ,10.0,17.0,1,1.0,High,2022-08-29
4732,33,Female,Sales,SAL-03,Sales Manager,3,PhD,9825,12277,55,434,7,5,2,3 - High,2,No,Yes,11.0,31.0,1,3.0,Medium,2022-07-01
4733,36,Male,Human Resources,HR-01,HR Coordinator,1,High School,3534,4867,20,159,7,6,0,2 - Medium,3,No,Yes,5.0,19.0,0,3.0,High,2024-06-07
4734,35,Female,Engineering,ENG-02,QA Engineer,3,Master's,7962,9373,47,385,2,0,0,4 - Very High,3,No,No,5.0,23.0,0,2.0,Very High,06/24/2024
4735,46,Male,Engineering,ENG-02,Engineering Manager,2,High School,7269,9524,42,344,0,0,0,3 - High,2,No,No,7.0,15.0,2,3.0,Medium,02/19/2025
4736,33,Female,Engineering,ENG-02,Data Engineer,1,High School,5497,7390,31,247,0,0,0,3 - High,4,No,Yes,21.0,33.0,0,4.0,High,2025-01-17
4737,28,Male,Engineering,ENG-02,Senior Engineer,4,Master's,10360,12806,60,484,1,1,0,1 - Low,2,No,Yes,4.0,20.0,0,4.0,Very High,2024-05-08
4738,35,Female,Operations,OPS-06,Facilities Manager,2,Bachelor's,5894,6938,34,277,2,2,0,4 - Very High,3,No,Yes,5.0,28.0,1,3.0,High,2024-12-13
4739,35,Male,Engineering,ENG-02,Data Engineer,3,High School,9485,11234,53,434,8,0,0,4 - Very High,4,No,No,19.0,,0,3.0,Very High,02/18/2024
4740,26,Male,Marketing,MKT-04,Marketing Manager,2,Bachelor's,6358,8406,36,288,1,1,1,2 - Medium,2,No,Yes,6.0,17.0,1,3.0,Medium,2023-08-05
4741,24,Male,Sales,SAL-03,Business Development Rep,1,Master's,5517,6727,33,261,3,2,1,3 - High,4,No,Yes,6.0,23.0,0,5.0,High,2023-07-28
4742,37,Female,Engineering,ENG-02,DevOps Engineer,3,Bachelor's,10137,13543,58,455,12,3,3,3 - High,4,No,No,7.0,35.0,0,2.0,Very High,09/10/2021
4743,35,Male,Finance,FIN-05,Controller,1,Bachelor's,5913,7947,34,270,1,1,1,4 - Very High,4,No,No,12.0,12.0,3,4.0,Very High,2023-12-31
4744,43,Male,Finance,FIN-05,Auditor,3,Bachelor's,9785,13061,57,450,14,12,3,4 - Very High,4,No,No,12.0,37.0,1,4.0,Very High,2021-01-19
4745,55,Female,Engineering,ENG-02,Engineering Manager,1,High School,6174,7338,35,286,23,8,7,4 - Very High,2,No,No,25.0,16.0,1,3.0,Medium,2017-02-06
4746,39,Non-Binary,Sales,SAL-03,Senior Sales Rep,4,Bachelor's,9017,10676,51,402,8,4,2,3 - High,2,No,No,8.0,27.0,0,3.0,High,2022-05-03
4747,22,Male,Operations,OPS-06,Operations Analyst,1,Bachelor's,4465,5423,25,202,1,0,0,3 - High,3,No,No,12.0,22.0,0,3.0,High,2024-01-23
4748,30,Non-Binary,Operations,OPS-06,Process Engineer,1,Master's,4442,6193,26,212,3,0,0,4 - Very High,2,No,No,7.0,26.0,1,,Very High,01/08/2024
4749,36,Male,Engineering,ENG-02,Software Engineer,2,Master's,6831,7908,39,314,6,4,2,2 - Medium,2,No,No,10.0,36.0,2,2.0,High,2022-07-21
4750,26,Female,Operations,OPS-06,Supply Chain Analyst,4,High School,8221,10286,46,373,0,0,0,4 - Very High,3,No,Yes,4.0,19.0,0,3.0,Low,10/16/2024
4751,38,Male,Finance,FIN-05,Financial Analyst,2,Bachelor's,6791,9492,40,328,6,5,1,4 - Very High,4,No,No,5.0,28.0,2,5.0,Very High,01/14/2023
4752,37,Female,Operations,OPS-06,Facilities Manager,3,Bachelor's,6036,7483,36,285,0,0,0,3 - High,1,No,No,9.0,29.0,5,2.0,High,12/27/2024
4753,25,Male,Finance,FIN-05,Finance Manager,1,Master's,6453,7703,38,298,0,0,0,3 - High,4,Yes,Yes,3.0,20.0,0,3.0,Low,2024-05-14
4754,43,Male,Human Resources,HR-01,HR Manager,3,High School,6107,8006,35,279,5,5,1,2 - Medium,3,No,No,4.0,25.0,3,4.0,High,04/17/2023
4755,21,Female,Engineering,ENG-02,Staff Engineer,2,Bachelor's,7882,10077,46,373,0,0,0,4 - Very High,3,No,No,13.0,29.0,1,,Very High,08/28/2024
4756,24,Female,Human Resources,HR-01,HR Director,5,Bachelor's,11161,13428,63,511,1,1,0,4 - Very High,3,No,No,8.0,43.0,0,3.0,Medium,04/18/2024
4757,32,Male,Human Resources,HR-01,Benefits Specialist,1,Bachelor's,4407,5137,26,204,4,1,0,3 - High,3,No,No,13.0,58.0,0,3.0,High,2024-08-23
4758,32,Male,Engineering,ENG-02,Data Engineer,1,Bachelor's,5561,6689,32,258,1,1,1,1 - Low,2,Yes,Yes,3.0,46.0,3,3.0,Medium,2023-11-08
4759,28,Male,Finance,FIN-05,Financial Analyst,1,Bachelor's,4278,5639,25,202,3,3,1,4 - Very High,3,No,No,,17.0,0,4.0,Very High,2023-09-21
4760,30,Female,Marketing,MKT-04,Marketing Analyst,3,Master's,6599,8234,37,295,1,1,0,4 - Very High,2,No,No,13.0,34.0,0,2.0,Very High,2024-10-01
4761,27,Male,Operations,OPS-06,Process Engineer,3,High School,6697,8442,39,307,4,4,3,3 - High,3,No,Yes,20.0,19.0,0,3.0,High,
4762,22,Male,Finance,FIN-05,Tax Specialist,5,High School,11888,15551,70,554,3,3,2,3 - High,2,No,No,2.0,45.0,0,,Very High,07/19/2022
4763,39,Male,Engineering,ENG-02,DevOps Engineer,2,Bachelor's,8688,11374,49,400,9,5,4,4 - Very High,4,No,No,11.0,22.0,3,4.0,Very High,2020-08-21
4764,41,Female,Engineering,ENG-02,Frontend Developer,2,High School,7176,8398,41,331,17,14,6,4 - Very High,3,No,No,4.0,37.0,1,5.0,Very High,2018-05-06
4765,34,Female,Operations,OPS-06,Supply Chain Analyst,3,Bachelor's,6662,7602,38,301,3,2,0,4 - Very High,2,No,No,15.0,16.0,0,,Very High,2024-05-10
4766,38,Male,Marketing,MKT-04,Content Strategist,2,Master's,7901,8811,45,367,14,1,0,4 - Very High,3,No,No,6.0,26.0,2,4.0,Very High,12/02/2024
4767,32,Female,Operations,OPS-06,Operations Manager,1,High School,4676,6049,28,230,7,2,0,3 - High,3,No,No,12.0,24.0,1,4.0,Very High,2024-07-05
4768,53,Male,Sales,SAL-03,Regional Sales Lead,3,Bachelor's,8926,10090,50,399,13,1,1,3 - High,3,No,No,5.0,23.0,3,5.0,High,06/21/2023
4769,54,Female,Marketing,MKT-04,Growth Analyst,3,Bachelor's,6932,9582,41,333,22,15,0,4 - Very High,2,No,No,6.0,17.0,2,1.0,High,2024-12-16
4770,37,Female,Operations,OPS-06,Operations Analyst,1,Bachelor's,4254,5542,25,202,12,7,3,3 - High,3,No,Yes,6.0,28.0,0,4.0,High,2021-11-22
4771,34,Female,Operations,OPS-06,Facilities Manager,3,PhD,7636,9056,45,366,2,2,2,3 - High,4,No,No,20.0,39.0,0,2.0,Very High,2022-07-26
4772,33,Female,Operations,OPS-06,Operations Manager,1,Bachelor's,4710,5652,28,223,11,4,2,4 - Very High,3,No,No,4.0,15.0,3,4.0,Very High,2022-07-08
4773,27,Female,Engineering,ENG-02,Engineering Manager,3,Master's,11529,13322,65,529,3,1,0,4 - Very High,4,No,Yes,16.0,18.0,3,4.0,High,2024-07-17
4774,37,Male,Human Resources,HR-01,Recruiter,1,High School,4535,5301,27,215,7,4,2,3 - High,4,No,No,7.0,26.0,0,2.0,High,2022-11-27
4775,37,Female,Engineering,ENG-02,Engineering Manager,3,PhD,11591,15655,65,533,7,6,0,4 - Very High,3,No,No,7.0,,0,3.0,Medium,01/08/2024
4776,28,Non-Binary,Sales,SAL-03,Senior Sales Rep,5,High School,11509,12850,68,556,8,8,2,2 - Medium,3,No,No,5.0,27.0,3,4.0,High,2022-01-22
4777,32,Male,Sales,SAL-03,Business Development Rep,3,PhD,9909,11341,58,472,10,0,0,4 - Very High,2,No,No,11.0,26.0,0,4.0,Very High,2024-03-29
4778,47,Male,Operations,OPS-06,Logistics Coordinator,4,Bachelor's,7750,10148,45,358,11,10,4,2 - Medium,3,No,No,23.0,34.0,3,2.0,High,2020-02-10
4779,40,Male,Sales,SAL-03,Senior Sales Rep,2,PhD,6386,7809,38,302,2,1,0,3 - High,2,No,Yes,3.0,23.0,3,4.0,High,03/18/2024
4780,39,Female,Marketing,MKT-04,Marketing Manager,4,PhD,11101,13042,64,508,7,3,0,4 - Very High,3,No,Yes,19.0,35.0,2,4.0,Very High,10/18/2024
4781,43,Female,Operations,OPS-06,Operations Manager,2,Master's,7726,9686,45,356,10,0,0,3 - High,3,No,No,4.0,33.0,1,3.0,Medium,2024-06-23
4782,34,Male,Finance,FIN-05,Senior Accountant,2,Bachelor's,7490,9070,42,336,14,1,0,3 - High,4,No,No,5.0,27.0,1,4.0,Very High,2024-02-07
4783,43,Non-Binary,Engineering,ENG-02,Backend Developer,1,Bachelor's,6637,8401,39,310,8,7,7,2 - Medium,2,Yes,No,6.0,20.0,1,2.0,Very High,2017-10-16
4784,24,Male,Sales,SAL-03,Sales Rep,1,Bachelor's,4784,6185,27,216,0,0,0,4 - Very High,3,No,No,4.0,2.0,0,,Medium,2024-08-31
4785,21,Female,Engineering,ENG-02,Backend Developer,3,High School,6863,9102,39,321,2,0,0,4 - Very High,4,No,No,3.0,24.0,1,,High,2024-05-03
4786,31,Female,Operations,OPS-06,Supply Chain Analyst,3,Master's,7783,9314,46,361,9,0,0,3 - High,4,No,No,10.0,23.0,5,4.0,High,2024-05-27
4787,50,Female,Engineering,ENG-02,Senior Engineer,2,Master's,10019,13804,58,467,30,1,1,3 - High,3,No,No,6.0,35.0,0,2.0,High,12/03/2023
4788,25,Female,Finance,FIN-05,Tax Specialist,3,Master's,7880,8878,46,367,4,1,0,4 - Very High,3,No,No,12.0,20.0,0,3.0,High,2024-08-07
4789,26,Female,Engineering,ENG-02,Engineering Manager,2,Bachelor's,6472,8410,38,308,0,0,0,3 - High,3,No,No,23.0,36.0,2,4.0,High,2024-05-17
4790,32,Male,Sales,SAL-03,Senior Sales Rep,4,Bachelor's,8834,11413,50,397,10,8,1,2 - Medium,3,No,No,10.0,22.0,0,3.0,High,2023-09-10
4791,22,Female,Engineering,ENG-02,Backend Developer,2,Bachelor's,6942,8807,41,325,0,0,0,4 - Very High,3,No,No,11.0,15.0,1,4.0,High,2024-05-24
4792,21,Female,Sales,SAL-03,Business Development Rep,4,Master's,7796,9062,46,368,0,0,0,1 - Low,1,Yes,Yes,4.0,20.0,0,4.0,Very High,12/07/2024
4793,44,Female,Engineering,ENG-02,QA Engineer,1,High School,4527,5432,26,207,7,2,0,4 - Very High,3,Yes,No,2.0,33.0,1,4.0,Very High,07/22/2024
4794,36,Male,Finance,FIN-05,Tax Specialist,1,Master's,6098,7127,36,286,7,5,3,3 - High,2,No,no,6.0,31.0,0,5.0,Very High,06/25/2021
4795,25,Female,Engineering,ENG-02,DevOps Engineer,1,Master's,5716,7197,33,259,3,1,0,4 - Very High,4,No,Yes,7.0,36.0,1,4.0,High,2024-10-14
4796,34,Male,Human Resources,HR-01,Recruiter,1,Master's,4320,5313,25,198,1,0,0,3 - High,3,Yes,No,4.0,16.0,0,,Very High,2024-07-10
4797,27,Male,Operations,OPS-06,Operations Manager,5,Bachelor's,10906,14624,63,496,6,5,0,4 - Very High,4,No,No,13.0,37.0,0,3.0,Medium,05/05/2024
4798,22,Male,Engineering,ENG-02,Staff Engineer,4,PhD,12921,16604,74,591,1,0,0,4 - Very High,3,No,No,4.0,38.0,0,5.0,Very High,2024-12-31
4799,38,Female,Engineering,ENG-02,Data Engineer,1,Master's,7107,8284,42,341,6,4,1,2 - Medium,4,No,No,7.0,34.0,0,4.0,Very High,2023-08-22
4800,30,Female,Engineering,ENG-02,Staff Engineer,5,PhD,14879,19952,86,677,0,0,0,3 - High,4,No,No,3.0,11.0,0,5.0,Very High,12/28/2024
4801,31,Female,Engineering,ENG-02,Engineering Manager,5,PhD,16342,21973,92,748,2,0,0,2 - Medium,4,No,No,2.0,23.0,0,4.0,Very High,2024-11-22
4802,24,Male,Operations,OPS-06,Operations Manager,2,Bachelor's,5310,6215,30,245,0,0,0,3 - High,3,No,No,1.0,28.0,1,,Very High,2025-01-13
4803,21,Female,Sales,SAL-03,Sales Director,3,Bachelor's,9132,10489,52,427,0,0,0,3 - High,3,No,Yes,11.0,43.0,0,4.0,High,12/24/2024
4804,38,Female,Marketing,MKT-04,Growth Analyst,5,Bachelor's,11461,14949,66,526,12,2,1,2 - Medium,3,No,Yes,7.0,27.0,0,3.0,High,2023-04-25
4805,28,Male,Engineering,ENG-02,ML Engineer,2,Bachelor's,8175,11133,46,367,4,3,0,3 - High,2,No,No,9.0,11.0,2,2.0,Medium,2024-11-15
4806,30,Female,Marketing,MKT-04,Brand Manager,1,Master's,5401,6984,32,256,2,0,0,2 - Medium,2,No,Yes,6.0,19.0,0,2.0,Medium,2024-03-27
4807,28,Female,Sales,SAL-03,Sales Director,5,Bachelor's,12137,14631,69,551,6,1,1,3 - High,2,No,No,5.0,25.0,0,2.0,High,07/08/2023
4808,29,Non-Binary,Finance,FIN-05,Tax Specialist,3,Master's,8208,10453,47,376,6,3,0,4 - Very High,4,No,No,5.0,41.0,0,,Very High,09/23/2024
4809,37,Male,Sales,SAL-03,Sales Rep,3,Master's,6351,8086,37,290,0,0,0,3 - High,2,No,No,3.0,30.0,4,2.0,High,2025-01-09
4810,44,Male,Engineering,ENG-02,Frontend Developer,3,High School,7982,9803,47,377,16,7,2,3 - High,3,No,No,7.0,35.0,1,3.0,High,11/08/2022
4811,25,Female,Engineering,ENG-02,Staff Engineer,4,High School,9945,11582,56,441,2,2,1,4 - Very High,4,Yes,No,10.0,22.0,2,3.0,High,06/29/2023
4812,41,Female,Operations,OPS-06,Operations Manager,3,High School,6877,8074,39,320,15,1,1,4 - Very High,3,No,No,8.0,26.0,0,3.0,Very High,2023-05-05
4813,40,Male,Sales,SAL-03,Account Executive,3,High School,7020,8619,41,328,15,5,2,2 - Medium,2,No,No,7.0,14.0,1,3.0,High,2022-10-02
4814,42,Female,Marketing,MKT-04,Content Strategist,3,Bachelor's,6834,7870,40,321,13,11,10,3 - High,4,No,No,19.0,34.0,0,2.0,Medium,2014-09-05
4815,23,Male,Marketing,MKT-04,Brand Manager,2,Master's,6580,8823,39,314,2,2,0,2 - Medium,4,No,No,6.0,27.0,0,4.0,Very High,2024-03-31
4816,21,Male,Sales,SAL-03,Senior Sales Rep,1,Bachelor's,5126,6560,30,246,1,1,1,3 - High,4,No,No,12.0,12.0,0,3.0,High,2023-03-02
4817,37,Female,Marketing,MKT-04,Brand Manager,4,Master's,8790,10769,52,411,3,0,0,4 - Very High,4,No,No,8.0,34.0,2,5.0,High,2024-05-24
4818,45,Male,Engineering,ENG-02,Frontend Developer,1,Bachelor's,5604,7306,33,261,16,16,0,3 - High,2,No,Yes,19.0,17.0,0,4.0,Medium,2024-06-06
4819,33,Female,Finance,FIN-05,Auditor,1,Master's,5824,7426,35,286,5,1,1,4 - Very High,3,No,No,5.0,23.0,1,4.0,Very High,2023-10-16
4820,25,Male,Engineering,ENG-02,Engineering Manager,2,Bachelor's,6855,9113,39,321,3,3,2,4 - Very High,4,No,No,7.0,14.0,2,4.0,Very High,01/07/2022
4821,40,Female,Operations,OPS-06,Operations Analyst,1,Master's,4512,5160,26,208,9,4,4,4 - Very High,4,No,No,4.0,10.0,2,4.0,Very High,01/23/2020
4822,47,Female,Marketing,MKT-04,Content Strategist,2,High School,6809,8993,39,309,24,11,10,4 - Very High,3,No,No,20.0,13.0,1,5.0,Very High,2014-07-04
4823,26,Female,Engineering,ENG-02,Staff Engineer,2,PhD,9871,11008,57,456,1,0,0,3 - High,4,No,No,4.0,45.0,0,4.0,Very High,2024-03-11
4824,23,Female,Engineering,ENG-02,Engineering Manager,5,Bachelor's,16571,18797,95,775,4,0,0,2 - Medium,3,No,Yes,1.0,15.0,0,2.0,Medium,2024-09-04
4825,32,Female,Human Resources,HR-01,HR Director,4,High School,8673,11214,51,404,9,0,0,3 - High,3,No,No,13.0,33.0,2,3.0,Very High,2024-06-27
4826,41,Male,Engineering,ENG-02,DevOps Engineer,1,Master's,7050,8706,42,331,12,2,1,3 - High,3,No,No,7.0,20.0,1,3.0,High,08/31/2023
4827,35,Male,Sales,SAL-03,Account Executive,4,High School,8732,10729,50,395,10,1,1,2 - Medium,2,No,Yes,6.0,20.0,0,4.0,Medium,2023-04-04
4828,54,Male,Operations,OPS-06,Supply Chain Analyst,3,Master's,8773,10341,50,398,27,1,1,3 - High,4,No,No,10.0,26.0,2,4.0,Very High,08/24/2023
4829,33,Female,Human Resources,HR-01,HR Director,2,High School,6121,7345,36,290,0,0,0,4 - Very High,3,No,Yes,15.0,29.0,2,5.0,High,2024-12-03
4830,21,Male,Operations,OPS-06,Logistics Coordinator,3,High School,6268,8252,37,299,3,0,0,3 - High,2,No,No,8.0,21.0,0,,Very High,04/14/2024
4831,30,Female,Sales,SAL-03,Sales Director,2,Bachelor's,8000,10641,46,365,3,0,0,4 - Very High,3,No,No,6.0,32.0,2,3.0,Very High,2024-10-02
4832,41,Male,Sales,SAL-03,Account Executive,2,Master's,8197,11098,48,390,16,13,9,2 - Medium,3,No,No,12.0,23.0,0,3.0,Very High,2015-09-09
4833,36,Female,Sales,SAL-03,Regional Sales Lead,5,Bachelor's,10214,12854,59,482,2,2,2,2 - Medium,3,No,No,10.0,41.0,1,3.0,High,2022-12-01
4834,42,Male,Marketing,MKT-04,Digital Marketing Lead,3,Master's,10395,13404,59,463,28,26,22,3 - High,3,No,No,10.0,20.0,3,1.0,High,2002-04-14
4835,46,Female,Sales,SAL-03,Account Executive,1,Bachelor's,5790,7974,33,266,15,9,6,1 - Low,2,Yes,No,,14.0,0,3.0,High,2018-09-24
4836,46,Male,Engineering,ENG-02,DevOps Engineer,2,High School,7537,9767,42,335,13,2,2,1 - Low,4,No,Yes,4.0,26.0,1,2.0,Medium,09/17/2022
4837,46,Female,Sales,SAL-03,Sales Director,5,Bachelor's,17511,21074,101,814,16,10,3,4 - Very High,3,Yes,Yes,5.0,20.0,2,4.0,Very High,04/05/2021
4838,32,Female,Sales,SAL-03,Senior Sales Rep,1,Bachelor's,5265,6492,30,242,6,0,0,4 - Very High,4,No,No,4.0,20.0,2,3.0,High,2024-06-20
4839,30,Non-Binary,Engineering,ENG-02,Software Engineer,3,Bachelor's,6975,8627,41,336,1,1,0,4 - Very High,2,No,No,10.0,19.0,1,1.0,Medium,09/11/2024
4840,42,Non-Binary,Marketing,MKT-04,Marketing Analyst,1,Master's,5594,7211,33,267,17,14,12,4 - Very High,3,No,No,6.0,33.0,0,1.0,Very High,2012-04-30
4841,41,Female,Human Resources,HR-01,HR Director,3,High School,7417,8877,42,337,0,0,0,1 - Low,4,No,No,14.0,41.0,0,3.0,Medium,2024-12-27
4842,41,Male,Human Resources,HR-01,Benefits Specialist,2,Bachelor's,5248,7227,30,239,19,7,2,3 - High,2,No,No,6.0,25.0,0,,High,2022-11-05
4843,28,Female,Finance,FIN-05,Auditor,2,Bachelor's,5335,6411,30,237,1,0,0,4 - Very High,3,No,No,10.0,23.0,1,4.0,High,2024-11-29
4844,42,Male,Marketing,MKT-04,Content Strategist,4,Bachelor's,10669,13917,61,501,15,5,3,3 - High,3,No,Yes,5.0,31.0,0,4.0,Very High,01/09/2021
4845,30,Female,Operations,OPS-06,Operations Manager,2,Master's,7990,10193,46,363,14,14,11,4 - Very High,4,No,No,11.0,17.0,0,4.0,Very High,09/22/2013
4846,38,Female,Human Resources,HR-01,HR Coordinator,2,Master's,6388,8257,37,299,11,8,5,2 - Medium,3,No,No,11.0,35.0,0,3.0,Medium,2019-09-15
4847,26,Female,Sales,SAL-03,Business Development Rep,4,Master's,8829,10478,51,415,3,1,1,3 - High,2,No,No,5.0,19.0,1,,High,10/01/2023
4848,45,Female,Marketing,MKT-04,Marketing Manager,1,Bachelor's,5507,6449,31,245,12,6,2,3 - High,4,No,No,7.0,8.0,0,2.0,High,2022-06-22
4849,21,Male,Sales,SAL-03,Senior Sales Rep,2,High School,5792,7860,34,278,1,1,1,2 - Medium,3,No,No,6.0,22.0,0,4.0,Very High,2023-03-03
4850,34,Male,Engineering,ENG-02,Staff Engineer,5,Bachelor's,15630,18027,93,764,14,13,9,4 - Very High,4,No,No,12.0,39.0,0,3.0,High,06/06/2015
4851,26,Male,Human Resources,HR-01,Benefits Specialist,4,High School,6524,7879,38,311,1,0,0,2 - Medium,4,No,No,16.0,22.0,0,,Very High,2024-06-13
4852,31,Male,Sales,SAL-03,Senior Sales Rep,1,Master's,4669,5619,28,222,3,3,2,2 - Medium,3,No,No,12.0,11.0,2,3.0,Medium,2022-12-06
4853,24,Female,Human Resources,HR-01,HR Coordinator,4,Bachelor's,7552,9830,44,346,5,0,0,4 - Very High,4,No,No,20.0,37.0,0,4.0,Very High,11/28/2024
4854,36,Female,Sales,SAL-03,Sales Manager,1,High School,5499,7167,31,249,0,0,0,4 - Very High,4,No,Yes,8.0,28.0,2,4.0,Medium,2024-08-27
4855,29,Non-Binary,Engineering,ENG-02,Software Engineer,4,Bachelor's,10183,12051,58,468,1,0,0,1 - Low,2,No,Yes,8.0,33.0,0,3.0,Low,03/20/2024
4856,36,Female,Sales,SAL-03,Senior Sales Rep,2,Bachelor's,6457,8862,38,299,12,8,5,4 - Very High,3,No,Yes,4.0,21.0,0,4.0,High,2019-04-15
4857,42,Female,Engineering,ENG-02,Engineering Manager,5,Master's,18350,24309,105,842,7,6,3,3 - High,4,No,No,5.0,21.0,3,4.0,Very High,08/22/2021
4858,37,Male,Operations,OPS-06,Operations Analyst,1,Bachelor's,4824,5702,28,222,8,6,0,3 - High,3,No,Yes,21.0,41.0,2,3.0,High,2024-09-05
4859,26,Female,Engineering,ENG-02,Senior Engineer,2,Bachelor's,6360,8467,37,302,0,0,0,3 - High,3,Yes,No,20.0,22.0,0,1.0,Very High,2024-04-09
4860,37,Female,Marketing,MKT-04,Marketing Analyst,2,High School,5222,7066,30,246,2,1,0,4 - Very High,3,No,No,13.0,30.0,2,4.0,Very High,2024-11-03
4861,23,Male,Engineering,ENG-02,Staff Engineer,2,Master's,7260,9092,42,336,1,0,0,4 - Very High,3,No,No,18.0,26.0,0,4.0,Very High,01/15/2024
4862,42,Male,Finance,FIN-05,Controller,5,High School,10616,12727,62,495,2,2,1,3 - High,3,No,No,9.0,43.0,3,4.0,Very High,08/19/2023
4863,47,Female,Sales,SAL-03,Senior Sales Rep,2,PhD,7759,10268,45,356,10,7,3,4 - Very High,2,No,No,10.0,19.0,3,5.0,High,2021-06-02
4864,26,Female,Sales,SAL-03,Sales Rep,2,High School,4511,5409,25,198,1,1,0,3 - High,4,No,Yes,6.0,28.0,0,5.0,Medium,11/11/2024
4865,49,Non-Binary,Engineering,ENG-02,Backend Developer,1,Bachelor's,6369,8384,36,291,14,9,1,4 - Very High,2,No,No,8.0,28.0,0,3.0,Very High,10/13/2023
4866,34,Male,Sales,SAL-03,Business Development Rep,3,Bachelor's,8145,10404,46,377,8,0,0,2 - Medium,2,No,Yes,8.0,21.0,3,3.0,Medium,08/04/2024
4867,37,Male,Engineering,ENG-02,DevOps Engineer,1,Master's,6011,6936,35,277,0,0,0,4 - Very High,4,No,Yes,23.0,23.0,2,4.0,Very High,2025-03-12
4868,52,Male,Engineering,ENG-02,Backend Developer,1,Master's,7854,9266,45,354,19,2,0,3 - High,3,No,No,4.0,15.0,2,3.0,Very High,
4869,22,Female,Finance,FIN-05,Tax Specialist,1,High School,4149,5420,24,194,0,0,0,3 - High,3,No,No,19.0,45.0,1,2.0,Medium,10/17/2024
4870,36,Female,Engineering,ENG-02,Staff Engineer,5,Master's,15824,20914,93,745,4,2,2,4 - Very High,3,No,Yes,3.0,21.0,1,3.0,Medium,06/28/2022
4871,30,Female,Engineering,ENG-02,Frontend Developer,2,Bachelor's,6352,7349,36,284,1,1,0,4 - Very High,4,No,No,10.0,40.0,0,4.0,Very high,06/25/2024
4872,46,Male,Engineering,ENG-02,QA Engineer,2,High School,6841,8335,39,310,10,7,7,3 - High,4,No,No,3.0,19.0,0,4.0,High,09/19/2017
4873,47,Female,Sales,SAL-03,Regional Sales Lead,2,PhD,7142,8563,41,338,10,9,6,4 - Very High,3,No,No,3.0,28.0,4,3.0,Very High,2018-06-27
4874,31,Male,Human Resources,HR-01,Recruiter,1,High School,4227,5744,25,205,1,1,0,2 - Medium,3,No,No,7.0,28.0,2,2.0,High,05/05/2024
4875,42,Female,Marketing,MKT-04,Content Strategist,2,Bachelor's,6493,7311,37,304,11,1,0,1 - Low,2,No,Yes,17.0,42.0,1,3.0,Medium,2024-04-29
4876,34,Female,Operations,OPS-06,Operations Manager,3,High School,6776,9303,40,327,6,6,5,2 - Medium,2,No,No,9.0,23.0,2,3.0,High,2019-04-27
4877,41,Female,Engineering,ENG-02,Software Engineer,1,High School,5535,7077,32,259,16,5,3,4 - Very High,4,No,No,7.0,18.0,1,3.0,Very High,2021-05-24
4878,26,Female,Marketing,MKT-04,Marketing Analyst,2,Bachelor's,4832,5584,28,230,4,4,3,2 - Medium,3,No,Yes,5.0,27.0,0,4.0,Medium,2021-03-02
4879,38,Female,Operations,OPS-06,Facilities Manager,2,High School,5538,7103,33,264,8,8,8,4 - Very High,3,No,No,8.0,9.0,0,4.0,High,11/29/2016
4880,21,Male,Operations,OPS-06,Process Engineer,4,Master's,9044,11579,53,418,2,1,1,4 - Very High,4,No,No,19.0,42.0,1,5.0,Very High,2023-10-18
4881,40,Male,Engineering,ENG-02,Software Engineer,2,Master's,7969,9989,47,372,2,0,0,2 - Medium,2,No,No,6.0,27.0,2,3.0,Medium,07/10/2024
4882,35,Female,Engineering,ENG-02,Engineering Manager,2,Bachelor's,9748,12974,57,468,12,9,4,3 - High,4,No,No,6.0,27.0,3,2.0,Very High,05/06/2020
4883,32,Male,Engineering,ENG-02,Senior Engineer,2,Bachelor's,8299,11455,47,370,3,2,0,3 - High,4,No,No,4.0,49.0,4,,Very High,02/04/2024
4884,30,Male,Marketing,MKT-04,Marketing Manager,2,PhD,6783,7869,40,318,1,0,0,4 - Very High,3,No,No,7.0,29.0,2,4.0,Very high,03/18/2024
4885,30,Male,Marketing,MKT-04,Digital Marketing Lead,2,High School,5714,7222,32,260,4,2,1,2 - Medium,2,No,Yes,7.0,25.0,2,4.0,High,08/14/2023
4886,60,Male,Human Resources,HR-01,Benefits Specialist,4,Bachelor's,9842,11031,55,445,21,4,0,2 - Medium,3,No,Yes,8.0,31.0,0,,Medium,2024-08-08
4887,26,Male,Marketing,MKT-04,SEO Specialist,1,Bachelor's,4805,5856,27,221,0,0,0,3 - High,3,No,Yes,8.0,25.0,1,3.0,High,2024-07-30
4888,21,Female,Engineering,ENG-02,DevOps Engineer,2,Bachelor's,6995,9274,41,328,4,3,1,3 - High,3,No,No,6.0,20.0,1,,High,11/08/2023
4889,29,Female,Operations,OPS-06,Supply Chain Analyst,2,High School,5241,7202,30,236,2,1,1,3 - High,4,No,No,16.0,41.0,1,4.0,Very High,2023-01-12
4890,32,Female,Engineering,ENG-02,Data Engineer,3,Master's,8835,11767,51,412,4,3,0,4 - Very High,2,No,No,8.0,35.0,2,4.0,Very High,2024-12-11
4891,24,Male,Finance,FIN-05,Finance Manager,4,Bachelor's,8431,9716,50,406,0,0,0,1 - Low,2,Yes,No,6.0,28.0,2,2.0,High,2024-08-09
4892,31,Non-Binary,Engineering,ENG-02,Software Engineer,2,Bachelor's,7156,8383,42,339,5,3,3,4 - Very High,3,No,No,16.0,32.0,0,3.0,High,2021-12-09
4893,36,Male,Sales,SAL-03,Business Development Rep,4,Bachelor's,11292,14856,66,529,14,13,3,2 - Medium,2,No,Yes,7.0,27.0,0,4.0,Very High,2021-05-02
4894,46,Female,Marketing,MKT-04,Marketing Manager,1,Master's,5777,6933,33,263,20,11,0,3 - High,4,No,No,8.0,24.0,0,2.0,High,2024-11-17
4895,39,Male,Sales,SAL-03,Business Development Rep,1,Master's,4721,5588,26,214,6,4,4,4 - Very High,4,No,No,5.0,12.0,3,5.0,Very High,2020-11-27
4896,33,Male,Engineering,ENG-02,DevOps Engineer,5,High School,12473,15412,72,574,7,1,0,3 - High,4,No,No,9.0,41.0,2,,Very High,2024-01-25
4897,36,Male,Engineering,ENG-02,Backend Developer,3,Master's,8305,11096,47,378,6,2,2,3 - High,2,Yes,Yes,9.0,21.0,3,3.0,High,2022-09-09
4898,24,Male,Sales,SAL-03,Business Development Rep,1,Master's,5688,7651,33,266,2,1,0,3 - High,4,No,No,6.0,13.0,0,2.0,Very High,2024-03-12
4899,28,Male,Marketing,MKT-04,SEO Specialist,2,Bachelor's,5183,6601,31,245,2,2,1,4 - Very High,3,No,No,6.0,17.0,0,4.0,Very High,2023-03-22
4900,33,Non-Binary,Marketing,MKT-04,Growth Analyst,1,Bachelor's,4743,5464,27,213,9,1,0,4 - Very High,3,No,No,27.0,18.0,2,4.0,Very High,10/23/2024
4901,27,Male,Engineering,ENG-02,Software Engineer,1,Bachelor's,5404,7014,32,251,2,2,2,3 - High,4,No,Yes,9.0,,0,4.0,Medium,2022-12-09
4902,37,Male,Finance,FIN-05,Senior Accountant,1,Master's,5980,7446,34,276,0,0,0,1 - Low,4,Yes,No,8.0,21.0,0,,High,01/28/2025
4903,31,Male,Engineering,ENG-02,Software Engineer,2,Bachelor's,6287,6874,35,278,0,0,0,4 - Very High,3,No,No,10.0,14.0,0,3.0,High,2024-10-23
4904,31,Female,Engineering,ENG-02,DevOps Engineer,1,Bachelor's,6818,8821,40,314,2,0,0,3 - High,3,No,No,11.0,23.0,1,2.0,Medium,2024-04-14
4905,39,Male,Engineering,ENG-02,Staff Engineer,4,Bachelor's,11838,15374,70,558,5,4,2,4 - Very High,3,No,No,4.0,,4,4.0,Very High,04/16/2022
4906,27,Female,Sales,SAL-03,Sales Director,2,Bachelor's,6341,8124,37,293,2,1,0,3 - High,3,No,No,18.0,18.0,1,4.0,Very High,2024-10-01
4907,21,Male,Human Resources,HR-01,Recruiter,2,Bachelor's,4292,5606,24,193,0,0,0,2 - Medium,3,No,Yes,8.0,44.0,0,2.0,Medium,01/24/2025
4908,25,Male,Engineering,ENG-02,Frontend Developer,1,PhD,5742,7140,33,259,2,2,2,3 - High,4,No,Yes,5.0,37.0,0,,Medium,2022-08-02
4909,33,Male,Sales,SAL-03,Sales Manager,3,Bachelor's,7781,8927,44,359,8,5,2,4 - Very High,2,No,No,8.0,17.0,0,3.0,Medium,2022-12-23
4910,30,Female,Sales,SAL-03,Regional Sales Lead,2,High School,5725,6390,34,275,0,0,0,4 - Very High,4,No,No,5.0,38.0,1,5.0,Very High,2025-02-06
4911,27,Female,Marketing,MKT-04,Digital Marketing Lead,2,Bachelor's,5928,7280,35,279,1,0,0,3 - High,1,No,No,6.0,12.0,3,4.0,Very High,02/18/2024
4912,33,Female,Operations,OPS-06,Operations Analyst,1,Bachelor's,3987,5304,24,191,5,1,1,3 - High,3,No,Yes,11.0,5.0,1,3.0,Medium,08/20/2023
4913,34,Male,Engineering,ENG-02,Data Engineer,2,High School,7225,8166,41,337,2,1,1,4 - Very High,4,No,Yes,14.0,30.0,1,3.0,Medium,2023-10-29
4914,32,Male,Operations,OPS-06,Operations Analyst,1,Master's,4893,5879,28,229,4,2,0,3 - High,2,No,No,5.0,19.0,1,4.0,Very High,2024-12-04
4915,33,Female,Finance,FIN-05,Auditor,2,High School,5621,6760,32,258,6,4,2,4 - Very High,3,No,No,4.0,16.0,0,4.0,Very High,09/14/2022
4916,38,Female,Operations,OPS-06,Process Engineer,3,Bachelor's,7321,8994,42,338,2,1,1,3 - High,4,No,No,4.0,23.0,2,4.0,Very High,2023-06-19
4917,24,Male,Engineering,ENG-02,Staff Engineer,2,Bachelor's,7405,9874,44,348,1,0,0,3 - High,4,No,No,4.0,29.0,0,5.0,Very High,11/13/2024
4918,35,Female,Operations,OPS-06,Supply Chain Analyst,1,Bachelor's,4093,4998,23,181,5,3,3,2 - Medium,4,No,No,10.0,23.0,1,,High,02/08/2021
4919,33,Male,Engineering,ENG-02,Staff Engineer,3,High School,8597,10868,49,402,5,1,0,4 - Very High,4,No,No,35.0,31.0,0,4.0,High,2024-10-18
4920,34,Male,Engineering,ENG-02,Backend Developer,1,Master's,5413,6484,31,249,1,1,0,2 - Medium,4,Yes,Yes,9.0,24.0,3,3.0,High,2024-01-18
4921,41,Female,Engineering,ENG-02,Senior Engineer,3,Bachelor's,11954,14083,69,559,19,10,0,2 - Medium,4,No,Yes,5.0,29.0,2,3.0,High,07/13/2024
4922,36,Male,Engineering,ENG-02,ML Engineer,4,High School,11924,16100,70,550,2,1,1,2 - Medium,3,No,Yes,7.0,28.0,1,3.0,Low,2023-12-22
4923,35,Female,Operations,OPS-06,Supply Chain Analyst,2,Bachelor's,6276,8441,37,291,7,2,1,3 - High,4,No,No,10.0,26.0,0,4.0,High,2023-11-05
4924,42,Male,Marketing,MKT-04,Content Strategist,2,PhD,6634,8964,38,301,14,6,0,4 - Very High,4,No,No,17.0,36.0,1,2.0,Medium,05/26/2024
4925,28,Male,Marketing,MKT-04,Growth Analyst,2,Bachelor's,6931,9328,39,309,8,3,1,4 - Very High,4,No,No,4.0,18.0,0,3.0,Very High,07/15/2023
4926,36,Male,Operations,OPS-06,Facilities Manager,1,Bachelor's,4009,4906,22,177,3,3,1,4 - Very High,4,No,No,17.0,24.0,0,4.0,Very High,2023-09-17
4927,32,Male,Marketing,MKT-04,Brand Manager,2,Master's,7240,9346,43,351,2,1,1,4 - Very High,3,No,No,11.0,12.0,0,5.0,Very High,2023-08-25
4928,32,Male,Finance,FIN-05,Auditor,3,Bachelor's,6826,8639,39,317,5,0,0,4 - Very High,4,No,No,9.0,33.0,3,4.0,Very High,2024-08-05
4929,36,Male,Engineering,ENG-02,Backend Developer,2,High School,6165,6912,35,276,4,2,2,4 - Very High,4,No,No,12.0,23.0,0,3.0,High,06/08/2022
4930,31,Non-Binary,Engineering,ENG-02,Engineering Manager,3,Bachelor's,10180,13577,59,466,7,5,1,2 - Medium,3,No,No,3.0,39.0,0,3.0,Very High,2023-11-08
4931,40,Male,Finance,FIN-05,Auditor,4,Bachelor's,11108,14971,64,502,6,4,1,4 - Very High,3,No,No,9.0,36.0,0,4.0,Very High,01/18/2023
4932,24,Female,Engineering,ENG-02,Data Engineer,4,Bachelor's,10507,12976,61,495,0,0,0,4 - Very High,4,No,No,7.0,26.0,0,4.0,Very High,10/14/2024
4933,52,Female,Engineering,ENG-02,QA Engineer,2,Bachelor's,6788,7695,39,309,20,15,11,4 - Very High,2,No,No,11.0,25.0,0,5.0,Very High,2013-07-02
4934,29,Male,Human Resources,HR-01,HR Coordinator,2,Master's,4870,6577,28,230,9,8,8,1 - Low,1,No,Yes,4.0,23.0,0,3.0,Medium,2016-10-06
4935,21,Male,Engineering,ENG-02,Senior Engineer,5,Bachelor's,15769,17512,88,716,4,4,1,4 - Very High,4,No,Yes,9.0,32.0,0,4.0,High,2023-07-26
4936,21,Male,Engineering,ENG-02,Software Engineer,1,Bachelor's,5363,7180,30,241,0,0,0,4 - Very High,2,No,No,6.0,34.0,1,5.0,High,02/07/2025
4937,26,Female,Engineering,ENG-02,Data Engineer,2,High School,5870,6914,33,262,2,1,0,4 - Very High,4,No,No,6.0,25.0,0,5.0,High,2024-02-14
4938,39,Male,Engineering,ENG-02,Software Engineer,1,High School,6285,7721,37,300,19,17,15,3 - High,3,Yes,Yes,12.0,17.0,0,1.0,Medium,02/26/2009
4939,33,Male,Human Resources,HR-01,Benefits Specialist,1,High School,3663,4533,22,181,0,0,0,3 - High,3,No,Yes,19.0,37.0,2,5.0,High,2024-11-14
4940,52,Male,Finance,FIN-05,Auditor,1,Bachelor's,5696,6669,32,255,22,9,4,3 - High,2,No,No,12.0,30.0,2,4.0,High,2020-03-02
4941,42,Female,Engineering,ENG-02,Backend Developer,4,Bachelor's,11536,14337,67,546,8,8,3,2 - Medium,3,No,Yes,10.0,19.0,3,4.0,Very High,01/09/2021
4942,37,Female,Marketing,MKT-04,Marketing Analyst,1,PhD,6547,9045,37,292,15,4,0,4 - Very High,3,No,No,6.0,29.0,0,2.0,Very High,2024-02-16
4943,37,Female,Sales,SAL-03,Sales Rep,2,High School,5640,6874,32,259,3,0,0,4 - Very High,3,No,No,3.0,18.0,5,4.0,Very High,2024-12-27
4944,28,Female,Engineering,ENG-02,QA Engineer,1,High School,6297,7938,37,293,16,2,2,4 - Very High,4,No,No,16.0,35.0,1,,Very High,2022-10-10
4945,24,Male,Engineering,ENG-02,ML Engineer,4,Master's,11495,15664,68,538,1,1,0,4 - Very High,2,No,No,4.0,23.0,0,3.0,Very High,2024-09-20
4946,32,Male,Sales,SAL-03,Account Executive,2,Bachelor's,6213,7177,36,288,5,1,0,4 - Very High,4,No,No,11.0,12.0,0,3.0,High,2024-10-26
4947,31,Male,Finance,FIN-05,Senior Accountant,1,Bachelor's,4315,5627,26,210,2,0,0,4 - Very High,4,No,No,9.0,16.0,1,3.0,High,2024-08-01
4948,46,Female,Engineering,ENG-02,Senior Engineer,4,Bachelor's,11596,14180,65,511,11,2,1,2 - Medium,2,No,No,18.0,49.0,3,2.0,Medium,2023-03-13
4949,47,Male,Operations,OPS-06,Operations Manager,1,Bachelor's,4590,5183,27,212,10,9,7,4 - Very High,4,No,No,11.0,15.0,0,3.0,High,02/11/2017
4950,21,Female,Sales,SAL-03,Regional Sales Lead,3,Master's,8381,10471,49,398,1,0,0,2 - Medium,2,No,No,10.0,44.0,0,3.0,Medium,2024-02-17
4951,39,Male,Finance,FIN-05,Senior Accountant,5,Bachelor's,14079,17828,81,654,20,0,0,3 - High,4,No,No,3.0,42.0,0,2.0,Medium,2024-09-02
4952,31,Male,Operations,OPS-06,Operations Manager,2,Master's,7309,9121,42,342,17,11,5,4 - Very High,3,No,No,7.0,16.0,0,4.0,Very High,07/21/2019
4953,37,Female,Engineering,ENG-02,DevOps Engineer,4,Bachelor's,12355,16116,70,551,5,0,0,2 - Medium,2,No,No,5.0,8.0,2,2.0,High,07/14/2024
4954,39,Female,Sales,SAL-03,Regional Sales Lead,3,Bachelor's,6729,9274,39,321,1,1,1,3 - High,3,Yes,Yes,8.0,27.0,0,4.0,High,06/15/2023
4955,26,Female,Engineering,ENG-02,Engineering Manager,3,Bachelor's,8788,10575,50,402,2,1,1,4 - Very High,3,No,No,12.0,23.0,1,,Very High,2023-04-22
4956,60,Male,Engineering,ENG-02,Senior Engineer,2,High School,9014,11264,53,434,26,14,8,3 - High,2,No,No,7.0,33.0,1,1.0,Medium,2016-05-20
4957,36,Female,Sales,SAL-03,Senior Sales Rep,2,Master's,6673,8969,40,314,0,0,0,4 - Very High,4,No,No,5.0,23.0,3,5.0,Very High,2025-04-04
4958,34,Male,Finance,FIN-05,Controller,3,Bachelor's,8210,10859,48,382,8,5,5,4 - Very High,4,No,Yes,14.0,29.0,0,4.0,High,2019-12-31
4959,36,Male,Engineering,ENG-02,Staff Engineer,5,Bachelor's,13796,18039,79,624,8,3,1,3 - High,4,No,No,10.0,12.0,2,4.0,High,2023-05-17
4960,44,Female,Engineering,ENG-02,Staff Engineer,3,Master's,12475,14761,72,583,19,4,3,4 - Very High,4,No,No,10.0,36.0,2,3.0,Very High,2021-04-12
4961,25,Female,Human Resources,HR-01,HR Director,3,Master's,7650,9487,45,359,0,0,0,3 - High,3,No,No,7.0,42.0,0,3.0,High,07/31/2024
4962,25,Female,Human Resources,HR-01,HR Director,4,Bachelor's,8786,10431,50,406,5,2,1,2 - Medium,2,No,Yes,3.0,21.0,0,1.0,Low,2023-11-04
4963,50,Male,Sales,SAL-03,Senior Sales Rep,4,High School,9394,12546,53,425,30,30,28,3 - High,4,No,No,21.0,17.0,0,3.0,Medium,1996-07-23
4964,27,Male,Marketing,MKT-04,Marketing Analyst,3,Master's,7020,8383,41,324,0,0,0,3 - High,3,No,No,3.0,32.0,0,2.0,High,04/12/2025
4965,27,Male,Finance,FIN-05,Auditor,1,Bachelor's,5058,6586,29,233,2,1,1,4 - Very High,3,No,No,9.0,25.0,1,3.0,High,2023-10-13
4966,29,Female,Finance,FIN-05,Senior Accountant,4,High School,9580,12540,55,447,6,0,0,3 - High,3,No,No,5.0,16.0,0,4.0,High,2024-06-30
4967,24,Female,Operations,OPS-06,Operations Manager,2,Bachelor's,6130,7870,34,271,1,1,0,4 - Very High,3,No,No,10.0,25.0,0,4.0,High,2024-07-07
4968,21,Female,Engineering,ENG-02,DevOps Engineer,4,High School,11942,15480,69,546,3,3,2,4 - Very High,4,No,No,6.0,14.0,0,4.0,Very High,2022-07-18
4969,32,Male,Operations,OPS-06,Facilities Manager,4,Master's,8522,10177,50,395,7,0,0,3 - High,4,No,Yes,1.0,24.0,0,3.0,Medium,08/29/2024
4970,25,Male,Engineering,ENG-02,Software Engineer,1,High School,5365,7019,32,252,4,4,0,2 - Medium,2,No,No,14.0,11.0,0,1.0,Very High,2024-08-04
4971,21,Male,Engineering,ENG-02,Software Engineer,3,High School,7213,9751,43,344,0,0,0,3 - High,2,No,Yes,6.0,25.0,0,3.0,High,10/30/2024
4972,21,Male,Operations,OPS-06,Operations Analyst,1,High School,3519,4118,21,169,1,0,0,3 - High,4,No,No,5.0,23.0,0,3.0,Very High,2024-02-15
4973,38,Male,Operations,OPS-06,Operations Manager,4,Bachelor's,9697,12216,57,464,9,9,4,3 - High,4,No,No,6.0,22.0,0,4.0,Very High,2020-05-13
4974,54,Female,Sales,SAL-03,Sales Director,4,Bachelor's,14148,16358,81,666,22,8,4,3 - High,3,Yes,Yes,7.0,48.0,0,2.0,High,01/06/2020
4975,26,Female,Marketing,MKT-04,Digital Marketing Lead,1,Master's,5232,6520,30,237,1,0,0,3 - High,4,No,No,17.0,42.0,0,3.0,High,2024-11-06
4976,40,Male,Engineering,ENG-02,Engineering Manager,4,Master's,11292,14039,67,544,6,0,0,3 - High,4,No,No,6.0,27.0,5,4.0,Very High,2024-07-24
4977,53,Female,Marketing,MKT-04,Growth Analyst,3,High School,6727,8505,38,312,24,8,3,3 - High,2,No,Yes,6.0,13.0,0,4.0,High,2021-11-06
4978,24,Non-Binary,Engineering,ENG-02,DevOps Engineer,1,High School,4819,5507,27,215,3,1,0,3 - High,2,No,No,8.0,37.0,0,4.0,Very High,02/18/2024
4979,30,Female,Engineering,ENG-02,Data Engineer,2,PhD,9125,11666,52,411,4,4,0,4 - Very High,3,No,No,25.0,38.0,0,3.0,High,03/16/2024
4980,33,Male,Finance,FIN-05,Finance Manager,4,PhD,10868,12510,62,497,5,4,1,3 - High,3,Yes,Yes,12.0,21.0,0,,Medium,05/26/2023
4981,37,Non-Binary,Marketing,MKT-04,Growth Analyst,5,High School,10481,13656,61,495,9,6,6,3 - High,4,No,No,3.0,41.0,2,5.0,Very High,2018-10-24
4982,45,Female,Marketing,MKT-04,Marketing Analyst,4,PhD,11751,15463,69,542,7,6,4,3 - High,3,No,No,10.0,20.0,3,4.0,Very High,2020-09-13
4983,32,Female,Human Resources,HR-01,Recruiter,4,PhD,10143,13221,58,463,4,2,1,4 - Very High,2,No,No,6.0,36.0,0,4.0,High,2023-07-08
4984,53,Female,Operations,OPS-06,Logistics Coordinator,3,Master's,8664,11357,50,403,22,6,6,4 - Very High,4,No,No,2.0,37.0,1,,High,2018-11-20
4985,29,Female,Finance,FIN-05,Senior Accountant,1,Bachelor's,5011,6697,29,227,1,1,1,4 - Very High,4,No,No,4.0,18.0,0,3.0,Very High,2023-10-10
4986,48,Male,Engineering,ENG-02,Data Engineer,2,Bachelor's,9061,10997,54,434,28,14,12,4 - Very High,3,No,No,16.0,31.0,1,4.0,Very High,05/14/2012
4987,27,Female,Operations,OPS-06,Facilities Manager,1,Bachelor's,4533,5348,26,208,1,0,0,3 - High,3,No,No,12.0,31.0,0,3.0,High,03/12/2024
4988,50,Female,Operations,OPS-06,Supply Chain Analyst,1,Bachelor's,4805,6454,28,229,26,9,2,3 - High,2,No,No,5.0,28.0,1,4.0,Very High,2022-12-07
4989,31,Female,Marketing,MKT-04,Growth Analyst,2,Bachelor's,6549,7759,39,307,6,2,1,2 - Medium,2,No,No,4.0,22.0,0,3.0,High,2023-11-23
4990,29,Female,Operations,OPS-06,Facilities Manager,4,Bachelor's,8751,10119,50,407,2,2,2,2 - Medium,4,No,No,6.0,15.0,0,,Very High,08/08/2022
4991,26,Female,Human Resources,HR-01,HR Coordinator,2,Bachelor's,5113,5971,29,236,3,3,3,2 - Medium,2,No,Yes,7.0,15.0,0,4.0,Medium,2021-09-01
4992,32,Male,Engineering,ENG-02,Backend Developer,1,Bachelor's,5763,6710,33,260,10,4,4,1 - Low,2,Yes,Yes,3.0,11.0,2,3.0,Medium,2020-12-16
4993,46,Female,Sales,SAL-03,Sales Rep,3,High School,7729,9694,45,355,17,13,11,4 - Very High,4,No,No,4.0,43.0,2,3.0,Medium,02/12/2013
4994,32,Male,Human Resources,HR-01,Recruiter,1,Master's,4714,6226,28,226,5,1,1,3 - High,4,No,No,11.0,19.0,1,4.0,Very High,07/19/2023
4995,49,Male,Sales,SAL-03,Sales Director,2,Bachelor's,8474,10228,49,386,11,5,1,4 - Very High,3,No,No ,8.0,9.0,1,3.0,Medium,2023-05-23
4996,21,Male,Marketing,MKT-04,SEO Specialist,1,Master's,4155,4847,23,188,0,0,0,2 - Medium,3,No,No,6.0,29.0,0,1.0,Very High,11/25/2024
4997,27,Male,Marketing,MKT-04,Marketing Analyst,3,Bachelor's,5805,7541,34,280,0,0,0,4 - Very High,4,No,Yes,11.0,22.0,0,4.0,High,09/22/2024
4998,27,Non-Binary,Sales,SAL-03,Sales Rep,4,Bachelor's,8762,11382,52,415,1,0,0,4 - Very High,4,No,No,26.0,47.0,2,4.0,Very High,2024-01-26
4999,30,Male,Finance,FIN-05,Senior Accountant,2,Bachelor's,5172,5891,30,247,1,1,1,2 - Medium,4,Yes,Yes,6.0,36.0,0,3.0,Low,12/28/2023
5000,21,Male,Sales,SAL-03,Sales Manager,1,Bachelor's,5489,6713,32,256,4,0,0,3 - High,3,No,No,8.0,19.0,0,4.0,Very High,2024-11-11
5001,27,Male,Engineering,ENG-02,Frontend Developer,1,Bachelor's,5142,7039,30,239,6,2,0,4 - Very High,4,No,No,29.0,18.0,0,,Medium,2024-03-03
5002,39,Male,Marketing,MKT-04,Brand Manager,1,High School,4861,5774,28,225,5,0,0,3 - High,4,No,No,4.0,30.0,3,,High,01/07/2024
5003,36,Female,Engineering,ENG-02,Software Engineer,1,PhD,7486,8882,44,358,6,1,1,3 - High,3,No,No,13.0,33.0,0,1.0,Very High,2023-07-09
5004,21,Male,Sales,SAL-03,Account Executive,1,Bachelor's,5125,5841,29,237,3,3,3,4 - Very High,3,No,No,3.0,22.0,1,4.0,Very High,2021-11-09
5005,21,Male,Human Resources,HR-01,Benefits Specialist,3,Bachelor's,6438,8014,37,291,6,2,1,4 - Very High,3,No,No,2.0,9.0,0,4.0,Very High,2023-10-29
5006,49,Male,Operations,OPS-06,Process Engineer,3,PhD,7775,9697,45,357,16,7,1,4 - Very High,3,No,No,8.0,29.0,0,4.0,High,
5007,54,Male,Engineering,ENG-02,Senior Engineer,3,Master's,10210,12077,57,464,22,22,21,3 - High,3,No,No,11.0,22.0,1,5.0,Very High,2003-05-01
5008,39,Female,Marketing,MKT-04,Marketing Analyst,4,High School,8649,10625,49,384,0,0,0,2 - Medium,3,No,No,7.0,23.0,1,3.0,High,2025-03-26
5009,37,Female,Marketing,MKT-04,SEO Specialist,2,Bachelor's,5683,7487,32,262,2,0,0,4 - Very High,4,No,No,8.0,22.0,0,3.0,Medium,2024-06-14
5010,30,Female,Engineering,ENG-02,Data Engineer,4,Bachelor's,9334,11476,53,431,2,1,0,3 - High,3,No,No,19.0,36.0,2,4.0,High,2024-04-09
5011,49,Male,Operations,OPS-06,Operations Analyst,2,High School,4658,6044,27,217,11,1,1,3 - High,3,No,Yes,11.0,21.0,0,2.0,Medium,2023-12-29
5012,24,Female,Marketing,MKT-04,Brand Manager,5,High School,10309,12326,61,498,0,0,0,4 - Very High,4,No,No,12.0,40.0,1,5.0,High,09/05/2024
5013,47,Female,Engineering,ENG-02,QA Engineer,1,Master's,6704,7776,39,319,16,15,5,4 - Very High,3,No,No,3.0,32.0,2,3.0,High,2019-12-02
5014,37,Male,Marketing,MKT-04,Marketing Analyst,3,PhD,8365,11602,48,383,3,0,0,1 - Low,2,No,No,4.0,18.0,0,2.0,Very High,07/09/2024
5015,27,Female,Sales,SAL-03,Sales Manager,1,High School,5112,6432,30,240,3,3,1,4 - Very High,3,No,No,,33.0,1,4.0,Very High,2023-04-12
5016,30,Non-Binary,Operations,OPS-06,Operations Manager,3,High School,6278,7196,37,297,1,1,0,3 - High,3,No,No,11.0,27.0,0,4.0,Very High,08/15/2024
5017,31,Male,Operations,OPS-06,Supply Chain Analyst,1,Bachelor's,4451,5791,25,204,3,2,1,4 - Very High,3,No,No,5.0,11.0,1,3.0,High,2023-03-29
5018,43,Male,Engineering,ENG-02,Backend Developer,1,Bachelor's,7244,8305,42,335,13,7,5,4 - Very High,4,No,No,10.0,21.0,0,5.0,Very High,10/11/2019
5019,32,Male,Engineering,ENG-02,Senior Engineer,2,Bachelor's,6416,8354,36,295,3,0,0,2 - Medium,3,No,No,1.0,27.0,1,1.0,Medium,2024-04-24
5020,35,Male,Engineering,ENG-02,Data Engineer,1,High School,6217,8267,35,278,7,3,2,4 - Very High,3,No,No,10.0,26.0,2,5.0,Very High,12/27/2022
5021,37,Female,Operations,OPS-06,Logistics Coordinator,2,High School,5284,6001,31,245,15,10,8,4 - Very High,4,No,No,19.0,23.0,2,4.0,Very High,02/12/2016
5022,43,Male,Engineering,ENG-02,Software Engineer,4,Master's,13171,15730,78,642,15,2,2,4 - Very High,4,No,Yes,18.0,25.0,3,5.0,high,2022-03-19
5023,26,Female,Sales,SAL-03,Account Executive,1,Bachelor's,5087,6488,29,230,4,3,3,2 - Medium,3,No,Yes,7.0,14.0,0,3.0,Medium,02/14/2021
5024,42,Female,Finance,FIN-05,Tax Specialist,2,Bachelor's,6334,8381,37,303,6,5,4,2 - Medium,3,No,No,7.0,12.0,2,,High,03/09/2020
5025,35,Female,Sales,SAL-03,Sales Manager,2,High School,5377,6227,31,254,5,0,0,3 - High,3,No,No,6.0,26.0,2,5.0,Very High,2024-11-28
5026,39,Male,Operations,OPS-06,Logistics Coordinator,2,Bachelor's,5683,7416,32,257,13,4,1,3 - High,4,No,No,8.0,24.0,1,3.0,High,2024-01-01
5027,30,Male,Marketing,MKT-04,Content Strategist,4,Bachelor's,7181,8761,41,326,0,0,0,2 - Medium,3,No,No,37.0,16.0,4,3.0,Medium,07/08/2024
5028,24,Female,Engineering,ENG-02,Engineering Manager,2,Bachelor's,8316,10065,49,388,5,4,0,4 - Very High,3,No,No,11.0,30.0,0,4.0,High,07/18/2024
5029,33,Female,Operations,OPS-06,Logistics Coordinator,3,Bachelor's,5368,6129,31,247,1,0,0,4 - Very High,4,No,No,5.0,26.0,3,4.0,Very High,2024-12-23
5030,43,Female,Sales,SAL-03,Sales Director,2,Master's,7906,10572,47,379,0,0,0,4 - Very High,3,No,No,5.0,22.0,4,5.0,Very High,2024-10-21
5031,32,Male,Finance,FIN-05,Auditor,5,High School,12714,16809,72,583,7,2,2,3 - High,2,No,Yes,4.0,31.0,0,4.0,Very High,2022-03-06
5032,26,Female,Marketing,MKT-04,Marketing Manager,3,Bachelor's,7132,9143,41,332,3,1,0,2 - Medium,3,No,No,10.0,27.0,0,3.0,Very High,2024-03-03
5033,48,Female,Sales,SAL-03,Sales Director,2,Bachelor's,8212,10722,46,371,28,15,3,4 - Very High,3,No,No,15.0,24.0,1,2.0,High,09/08/2021
5034,41,Male,Sales,SAL-03,Sales Director,2,Bachelor's,6931,9473,39,309,11,1,0,2 - Medium,3,No,No,8.0,28.0,2,3.0,Medium,2024-08-02
5035,43,Male,Human Resources,HR-01,HR Manager,1,Bachelor's,5759,6804,33,265,12,5,2,1 - Low,4,No,No,8.0,22.0,2,2.0,Very high,2022-08-21
5036,38,Female,Engineering,ENG-02,Frontend Developer,2,Master's,7239,8157,42,340,13,13,10,3 - High,3,No,No,21.0,32.0,0,3.0,Very High,04/23/2014
5037,30,Male,Engineering,ENG-02,ML Engineer,2,Bachelor's,7872,8997,44,345,2,0,0,2 - Medium,3,No,Yes,3.0,33.0,0,3.0,Low,2024-05-22
5038,37,Male,Sales,SAL-03,Business Development Rep,1,High School,4591,5481,26,205,10,7,7,3 - High,4,No,No,3.0,23.0,0,3.0,Medium,02/19/2017
5039,34,Female,Engineering,ENG-02,Software Engineer,2,High School,5192,7074,29,236,0,0,0,2 - Medium,2,No,No,24.0,40.0,3,,High,2024-11-26
5040,36,Male,Finance,FIN-05,Tax Specialist,3,Master's,9216,11851,52,426,8,6,1,4 - Very High,3,No,No,6.0,19.0,0,4.0,Very High,09/21/2023
5041,24,Male,Finance,FIN-05,Senior Accountant,2,High School,5896,7089,33,263,5,5,2,4 - Very High,3,No,No,5.0,15.0,0,1.0,High,2022-07-15
5042,39,Female,Operations,OPS-06,Facilities Manager,2,Bachelor's,5569,7630,32,261,9,4,3,3 - High,2,No,No,5.0,37.0,3,4.0,Very High,2021-01-20
5043,34,Female,Marketing,MKT-04,Digital Marketing Lead,4,High School,9808,13063,57,454,2,1,1,4 - Very High,3,No,Yes,7.0,16.0,1,4.0,Medium,02/21/2023
5044,32,Male,Operations,OPS-06,Facilities Manager,3,Master's,7136,9873,41,323,6,6,5,4 - Very High,3,No,No,6.0,20.0,0,4.0,Very High,06/28/2019
5045,47,Male,Marketing,MKT-04,SEO Specialist,3,Bachelor's,7768,8713,46,365,25,18,4,4 - Very High,2,No,No,7.0,14.0,0,5.0,Very High,2020-02-21
5046,36,Male,Sales,SAL-03,Regional Sales Lead,2,Bachelor's,6235,7490,36,285,6,2,2,3 - High,3,No,No,20.0,29.0,2,,Very High,2022-12-29
5047,39,Male,Engineering,ENG-02,Backend Developer,1,Master's,6584,7658,38,305,12,0,0,2 - Medium,2,No,Yes,12.0,25.0,0,2.0,High,06/23/2024
5048,37,Female,Finance,FIN-05,Finance Manager,2,Master's,8226,10392,47,375,9,3,3,3 - High,3,No,No,39.0,37.0,0,5.0,Medium,10/06/2021
5049,27,Female,Marketing,MKT-04,Marketing Analyst,1,High School,4673,5768,27,219,1,1,1,3 - High,4,Yes,No,4.0,15.0,2,3.0,High,10/18/2023
5050,26,Non-Binary,Marketing,MKT-04,Marketing Analyst,3,Master's,7891,10137,46,369,6,6,1,4 - Very High,4,No,Yes,14.0,37.0,0,4.0,High,12/27/2023
5051,48,Male,Operations,OPS-06,Operations Analyst,1,Bachelor's,4016,5320,23,189,9,5,0,3 - High,3,No,No,5.0,12.0,4,3.0,High,2024-02-20
5052,52,Female,Sales,SAL-03,Business Development Rep,2,Bachelor's,6179,8234,36,282,19,8,4,3 - High,2,No,Yes,7.0,19.0,1,2.0,Medium,2020-02-02
5053,26,Male,Sales,SAL-03,Sales Rep,1,Bachelor's,4609,5860,27,218,2,0,0,4 - Very High,3,No,No,11.0,15.0,0,3.0,Very High,2024-06-30
5054,25,Male,Sales,SAL-03,Sales Manager,3,High School,7605,8705,44,350,0,0,0,4 - Very High,3,No,Yes,11.0,30.0,0,4.0,High,04/22/2025
5055,35,Female,Operations,OPS-06,Supply Chain Analyst,1,Bachelor's,5441,7033,32,262,13,4,0,3 - High,2,No,No,10.0,25.0,2,3.0,Medium,2024-04-10
5056,21,Non-Binary,Sales,SAL-03,Sales Manager,1,High School,5250,6306,30,245,3,3,0,4 - Very High,4,No,No,13.0,28.0,0,4.0,High,01/16/2024
5057,43,Non-Binary,Operations,OPS-06,Facilities Manager,2,Master's,5470,7476,31,248,11,3,3,4 - Very High,3,No,No,7.0,33.0,0,,Very High,2021-02-06
5058,34,Female,Finance,FIN-05,Auditor,2,Master's,7101,8969,42,335,2,1,1,2 - Medium,4,No,Yes,18.0,28.0,0,3.0,Low,2023-02-07
5059,34,Female,Human Resources,HR-01,Benefits Specialist,3,Master's,7190,9078,42,330,3,1,1,3 - High,2,Yes,Yes,22.0,34.0,0,3.0,High,02/17/2023
5060,23,Female,Finance,FIN-05,Tax Specialist,1,Bachelor's,5302,5958,31,253,1,0,0,4 - Very High,4,No,No,11.0,41.0,0,4.0,High,07/31/2024
5061,41,Male,Marketing,MKT-04,Marketing Analyst,1,High School,5052,6032,29,230,8,0,0,4 - Very High,4,No,No,8.0,13.0,2,,High,2024-05-20
5062,43,Female,Sales,SAL-03,Business Development Rep,1,Master's,5284,6294,31,245,17,12,3,3 - High,2,No,Yes,10.0,29.0,0,3.0,Very High,07/20/2021
5063,42,Female,Engineering,ENG-02,Engineering Manager,2,Master's,8212,9708,47,387,11,10,9,2 - Medium,4,No,Yes,3.0,22.0,2,5.0,High,06/08/2015
5064,45,Male,Engineering,ENG-02,QA Engineer,3,PhD,10818,14443,61,500,12,8,1,3 - High,3,No,Yes,4.0,11.0,0,4.0,High,2023-05-27
5065,29,Male,Sales,SAL-03,Account Executive,1,Master's,4932,6192,28,222,3,2,1,4 - Very High,4,No,No,9.0,13.0,0,4.0,Very High,2023-11-07
5066,28,Female,Finance,FIN-05,Financial Analyst,4,PhD,11758,13721,66,527,1,0,0,3 - High,3,No,No,5.0,23.0,0,5.0,Very High,2024-02-11
5067,38,Female,Operations,OPS-06,Operations Manager,2,Bachelor's,6556,8817,39,306,4,0,0,4 - Very High,2,No,No,5.0,35.0,0,3.0,Very High,2024-10-28
5068,31,Male,Marketing,MKT-04,Growth Analyst,1,Master's,4862,6219,28,223,0,0,0,4 - Very High,3,No,Yes,9.0,20.0,3,3.0,High,2024-02-27
5069,27,Male,Sales,SAL-03,Regional Sales Lead,3,High School,6806,7936,39,311,3,1,0,4 - Very High,3,No,No,5.0,24.0,0,4.0,Very High,08/17/2024
5070,32,Female,Sales,SAL-03,Sales Rep,3,Master's,6462,7594,38,299,0,0,0,3 - High,3,No,No,14.0,21.0,3,3.0,High,09/04/2024
5071,44,Male,Human Resources,HR-01,HR Analyst,3,Bachelor's,7400,9165,44,361,12,1,1,3 - High,3,No,Yes,3.0,25.0,2,4.0,Medium,2023-05-20
5072,36,Male,Engineering,ENG-02,DevOps Engineer,1,Bachelor's,6882,9408,40,319,7,3,0,4 - Very High,3,No,No,10.0,34.0,1,,High,2024-10-16
5073,60,Male,Engineering,ENG-02,Data Engineer,1,PhD,8245,10867,49,389,24,11,4,2 - Medium,4,No,Yes,15.0,33.0,3,3.0,High,2020-01-14
5074,31,Male,Operations,OPS-06,Operations Manager,3,PhD,8222,11128,47,377,1,0,0,4 - Very High,2,No,No,12.0,28.0,2,4.0,Very High,2024-11-10
5075,28,Female,Sales,SAL-03,Account Executive,4,Master's,9124,11257,51,404,1,1,0,4 - Very High,2,No,No,10.0,30.0,2,3.0,Very High,2024-11-12
5076,47,Male,Engineering,ENG-02,QA Engineer,4,Master's,10565,12756,62,488,19,2,2,3 - High,3,No,Yes,32.0,22.0,0,4.0,Low,2022-09-12
5077,32,Male,Finance,FIN-05,Auditor,4,Bachelor's,8759,10287,51,409,9,1,1,2 - Medium,3,No,No,9.0,25.0,1,1.0,High,06/04/2023
5078,56,Female,Engineering,ENG-02,ML Engineer,2,Bachelor's,10182,12434,59,469,27,21,6,4 - Very High,4,No,No,3.0,23.0,0,5.0,High,2018-12-25
5079,36,Male,Finance,FIN-05,Auditor,1,Master's,5297,7228,30,240,7,7,2,2 - Medium,3,Yes,Yes,12.0,14.0,0,4.0,Medium,2022-06-09
5080,35,Female,Marketing,MKT-04,Marketing Analyst,4,Bachelor's,8598,11622,51,419,1,0,0,4 - Very High,3,No,No,16.0,13.0,1,,Very High,2024-11-29
5081,24,Male,Engineering,ENG-02,QA Engineer,4,Bachelor's,8669,10444,50,406,3,0,0,3 - High,1,No,No,11.0,34.0,0,3.0,High,2024-05-26
5082,31,Female,Operations,OPS-06,Facilities Manager,1,Bachelor's,3737,5179,22,177,0,0,0,2 - Medium,4,No,Yes,4.0,33.0,0,4.0,Very High,2024-06-06
5083,26,Female,Marketing,MKT-04,Content Strategist,2,Bachelor's,4833,6135,28,220,0,0,0,4 - Very High,3,No,No,11.0,27.0,0,4.0,Very High,2025-01-26
5084,34,Male,Marketing,MKT-04,Marketing Manager,2,Master's,7206,9247,40,317,8,6,3,3 - High,4,No,No,6.0,13.0,1,3.0,Very High,2021-10-24
5085,37,Female,Sales,SAL-03,Sales Manager,1,Master's,5365,6206,31,246,7,5,0,3 - High,3,No,No,6.0,19.0,1,2.0,High,10/19/2024
5086,34,Male,Engineering,ENG-02,Data Engineer,1,High School,6739,9120,40,327,10,4,3,3 - High,3,No,No,4.0,37.0,3,3.0,High,2021-11-12
5087,21,Female,Operations,OPS-06,Process Engineer,3,Master's,6808,9030,40,328,3,1,0,3 - High,2,Yes,Yes,5.0,29.0,0,5.0,Very High,08/25/2024
5088,21,Male,Sales,SAL-03,Business Development Rep,1,High School,5019,6590,29,227,4,1,1,2 - Medium,2,Yes,Yes,10.0,19.0,0,1.0,Low,2023-03-17
5089,31,Female,Engineering,ENG-02,Staff Engineer,5,Master's,15231,17297,87,713,9,6,2,2 - Medium,4,No,No,3.0,31.0,1,5.0,Very High,2022-07-19
5090,35,Female,Marketing,MKT-04,Marketing Analyst,2,Bachelor's,5681,7002,33,263,1,1,0,4 - Very High,3,No,No,6.0,21.0,4,3.0,High,2024-05-16
5091,49,Female,Engineering,ENG-02,Frontend Developer,2,PhD,9427,10887,54,427,21,21,18,3 - High,2,No,No,3.0,35.0,0,4.0,Very High,2006-02-14
5092,44,Female,Sales,SAL-03,Account Executive,1,Bachelor's,6023,6875,34,276,14,12,2,3 - High,3,No,No,3.0,32.0,1,4.0,High,2022-11-06
5093,41,Male,Operations,OPS-06,Process Engineer,2,Master's,6424,7848,36,289,7,3,2,3 - High,3,No,No,10.0,41.0,0,3.0,High,06/28/2022
5094,28,Female,Engineering,ENG-02,DevOps Engineer,1,Master's,6963,9377,41,324,17,0,0,2 - Medium,4,No,Yes,22.0,39.0,0,4.0,High,2024-03-28
5095,43,Male,Finance,FIN-05,Finance Manager,2,Bachelor's,7136,8347,42,340,13,10,9,3 - High,4,No,No,9.0,47.0,3,3.0,Medium,2015-06-14
5096,43,Female,Operations,OPS-06,Facilities Manager,3,Master's,9012,10871,51,407,18,8,5,3 - High,2,No,No,4.0,51.0,1,4.0,Very High,2019-05-12
5097,26,Male,Finance,FIN-05,Financial Analyst,4,Bachelor's,10659,12481,60,482,6,5,5,3 - High,1,No,No,13.0,43.0,0,1.0,High,11/24/2019
5098,27,Male,Engineering,ENG-02,Senior Engineer,2,Master's,7677,9141,44,361,1,1,1,2 - Medium,4,No,No,6.0,26.0,1,,Very High,2023-07-23
5099,37,Female,Finance,FIN-05,Finance Manager,1,Bachelor's,5638,7036,33,262,9,0,0,4 - Very High,3,No,No,12.0,26.0,2,3.0,High,2024-09-02
5100,33,Male,Engineering,ENG-02,Frontend Developer,3,High School,8242,10086,49,399,4,4,0,4 - Very High,3,No,Yes,3.0,24.0,0,4.0,High,2024-01-17
5101,34,Female,Operations,OPS-06,Operations Analyst,1,High School,3795,4778,21,167,4,0,0,2 - Medium,2,No,No,17.0,5.0,1,4.0,Very High,2024-01-19
5102,30,Male,Human Resources,HR-01,HR Director,1,Bachelor's,4455,5269,26,206,1,1,1,4 - Very High,3,No,No,4.0,21.0,3,2.0,Very High,2023-12-26
5103,29,Female,Finance,FIN-05,Auditor,1,Bachelor's,4604,5447,27,216,5,4,1,4 - Very High,3,No,No,8.0,15.0,0,3.0,Very High,2023-07-26
5104,40,Male,Engineering,ENG-02,Engineering Manager,1,High School,6874,8229,41,329,6,6,4,2 - Medium,2,No,Yes,7.0,24.0,2,3.0,High,2020-04-12
5105,30,Male,Sales,SAL-03,Sales Rep,1,Bachelor's,5144,6138,30,247,2,1,1,3 - High,4,No,No,8.0,16.0,2,1.0,High,2023-04-06
5106,29,Non-Binary,Sales,SAL-03,Business Development Rep,2,Bachelor's,6465,7947,38,301,3,1,0,4 - Very High,4,No,No,4.0,24.0,3,5.0,Very High,2024-06-29
5107,35,Female,Engineering,ENG-02,Engineering Manager,2,High School,9024,10113,52,413,15,1,0,1 - Low,2,No,No,6.0,31.0,0,3.0,High,2024-02-29
5108,27,Female,Human Resources,HR-01,HR Coordinator,2,Bachelor's,5494,6417,31,253,7,3,0,2 - Medium,1,No,No,8.0,18.0,1,3.0,Very High,2024-08-26
5109,25,Female,Sales,SAL-03,Regional Sales Lead,3,Bachelor's,9440,11510,54,429,9,6,0,2 - Medium,2,No,No,17.0,18.0,0,3.0,Very High,2024-04-09
5110,35,Female,Operations,OPS-06,Facilities Manager,1,Bachelor's,3939,4700,23,183,0,0,0,3 - High,4,No,Yes,3.0,16.0,0,3.0,High,02/28/2025
5111,24,Female,Marketing,MKT-04,Digital Marketing Lead,3,Bachelor's,8349,10305,48,391,1,0,0,3 - High,2,No,No,5.0,12.0,0,,Very High,10/13/2024
5112,27,Female,Sales,SAL-03,Regional Sales Lead,3,Master's,7916,9059,45,361,6,3,1,4 - Very High,3,No,No,7.0,16.0,0,5.0,Very High,12/08/2023
5113,39,Female,Operations,OPS-06,Operations Analyst,4,High School,8570,9867,49,392,4,1,1,3 - High,3,No,Yes,6.0,43.0,1,3.0,Medium,12/23/2023
5114,27,Female,Finance,FIN-05,Auditor,1,Bachelor's,4521,5517,26,212,4,1,0,2 - Medium,2,No,Yes,5.0,25.0,1,3.0,Medium,2024-11-11
5115,39,Non-Binary,Operations,OPS-06,Logistics Coordinator,1,Master's,4969,6051,29,238,10,4,2,3 - High,2,Yes,Yes,,26.0,0,4.0,High,05/13/2022
5116,29,Male,Finance,FIN-05,Financial Analyst,2,Master's,5609,7290,31,254,3,1,0,2 - Medium,3,No,Yes,10.0,26.0,0,4.0,Medium,2024-12-24
5117,26,Male,Finance,FIN-05,Finance Manager,3,High School,7701,9768,43,338,3,2,1,3 - High,3,No,No,5.0,26.0,2,2.0,Medium,2023-01-20
5118,36,Male,Operations,OPS-06,Operations Manager,3,Bachelor's,6616,8429,39,311,5,0,0,4 - Very High,4,No,No,4.0,24.0,0,4.0,Very High,2024-06-22
5119,34,Non-Binary,Engineering,ENG-02,Engineering Manager,3,High School,9434,10888,55,446,11,0,0,4 - Very High,3,No,No,9.0,17.0,1,5.0,Very High,2024-09-14
5120,33,Female,Operations,OPS-06,Process Engineer,1,Bachelor's,4722,5691,27,213,3,2,1,4 - Very High,3,No,No,7.0,22.0,0,2.0,High,2023-12-02
5121,45,Female,Marketing,MKT-04,Growth Analyst,3,Master's,9419,12660,55,435,18,2,2,3 - High,3,No,No,7.0,31.0,2,,Very High,2022-03-03
5122,37,Male,Engineering,ENG-02,Software Engineer,3,Master's,9801,11609,56,449,1,1,1,3 - High,1,No,Yes,7.0,39.0,3,2.0,High,2023-06-18
5123,32,Male,Human Resources,HR-01,Recruiter,3,High School,6597,7814,38,305,4,0,0,2 - Medium,3,Yes,No,4.0,28.0,4,2.0,High,2024-12-31
5124,27,Female,Sales,SAL-03,Sales Director,2,High School,6883,9383,39,321,2,0,0,2 - Medium,2,No,No,12.0,36.0,0,3.0,High,2024-01-22
5125,31,Female,Human Resources,HR-01,Recruiter,1,Bachelor's,4337,5644,26,211,2,1,1,3 - High,4,No,no,18.0,19.0,3,4.0,Very High,11/29/2023
5126,37,Male,Human Resources,HR-01,Benefits Specialist,1,High School,3940,5490,23,182,6,4,1,1 - Low,2,No,No,2.0,19.0,0,2.0,High,2023-11-28
5127,33,Female,Engineering,ENG-02,Engineering Manager,5,Bachelor's,14883,19777,88,697,1,0,0,3 - High,2,No,No,4.0,44.0,0,1.0,Medium,2024-10-28
5128,40,Non-Binary,Sales,SAL-03,Sales Rep,3,High School,7284,8750,43,339,8,0,0,3 - High,3,No,No,10.0,23.0,1,,Very High,01/05/2024
5129,29,Male,Sales,SAL-03,Regional Sales Lead,4,Master's,11564,14131,65,527,2,1,1,2 - Medium,4,No,No,5.0,,1,2.0,Very High,07/08/2023
5130,26,Female,Marketing,MKT-04,Marketing Manager,4,Master's,11291,14525,64,526,1,0,0,3 - High,2,No,No,7.0,9.0,0,3.0,Medium,2024-12-26
5131,21,Male,Sales,SAL-03,Senior Sales Rep,2,Bachelor's,6761,7434,38,301,0,0,0,3 - High,4,No,No,6.0,32.0,0,3.0,High,2024-10-06
5132,29,Non-Binary,Human Resources,HR-01,Benefits Specialist,3,Bachelor's,7553,9225,44,347,15,15,8,3 - High,3,No,No,3.0,36.0,0,5.0,Very High,2016-07-27
5133,40,Female,Engineering,ENG-02,Frontend Developer,1,High School,5429,6076,31,244,12,12,12,4 - Very High,2,No,No,5.0,30.0,3,4.0,High,2012-11-19
5134,38,Female,Finance,FIN-05,Senior Accountant,3,Bachelor's,8607,10760,48,379,9,0,0,3 - High,4,No,No,11.0,36.0,0,2.0,Very High,2024-01-10
5135,44,Male,Operations,OPS-06,Process Engineer,1,Bachelor's,5084,5972,29,236,16,3,0,3 - High,4,No,No,2.0,37.0,0,3.0,Very High,2024-08-28
5136,34,Male,Human Resources,HR-01,HR Analyst,3,PhD,7641,9305,44,356,5,2,1,4 - Very High,3,No,No,10.0,24.0,0,4.0,Very High,08/25/2023
5137,40,Male,Finance,FIN-05,Financial Analyst,3,Master's,8914,10065,52,413,7,7,6,4 - Very High,3,No,No,13.0,26.0,0,,High,07/07/2018
5138,40,Male,Sales,SAL-03,Sales Director,2,PhD,8940,10503,51,411,8,3,2,4 - Very High,3,No,No,6.0,26.0,0,,High,2022-11-13
5139,24,Female,Marketing,MKT-04,Marketing Manager,1,High School,4467,5385,26,214,8,3,2,2 - Medium,3,No,No,6.0,21.0,0,5.0,Very High,06/02/2022
5140,28,Female,Engineering,ENG-02,Backend Developer,2,High School,7091,8248,42,336,0,0,0,1 - Low,3,No,Yes,3.0,40.0,0,2.0,High,10/25/2024
5141,48,Male,Engineering,ENG-02,DevOps Engineer,3,Bachelor's,8835,11283,51,402,19,4,4,4 - Very High,3,No,No,7.0,24.0,0,3.0,High,01/16/2020
5142,42,Female,Operations,OPS-06,Operations Analyst,3,PhD,9368,11866,52,427,18,15,12,4 - Very High,3,No,Yes,7.0,18.0,1,3.0,High,09/08/2012
5143,29,Male,Sales,SAL-03,Senior Sales Rep,4,Master's,8686,9770,50,406,3,0,0,4 - Very High,4,No,No,10.0,15.0,0,3.0,High,2024-11-03
5144,40,Male,Engineering,ENG-02,Frontend Developer,4,High School,10014,11726,59,479,4,3,2,2 - Medium,2,No,No,4.0,23.0,2,2.0,Medium,2022-06-10
5145,31,Male,Engineering,ENG-02,Frontend Developer,2,Master's,7358,8306,42,336,7,1,1,1 - Low,4,No,No,21.0,24.0,0,,High,2023-05-08
5146,38,Male,Sales,SAL-03,Business Development Rep,1,Bachelor's,4816,5436,28,222,7,3,0,2 - Medium,3,Yes,No,9.0,31.0,3,3.0,High,2024-05-18
5147,48,Male,Engineering,ENG-02,Backend Developer,1,Bachelor's,6451,8684,38,302,20,7,5,2 - Medium,4,No,No,22.0,39.0,0,,High,2019-08-19
5148,42,Male,Engineering,ENG-02,ML Engineer,3,Bachelor's,9363,11930,55,431,12,1,0,4 - Very High,3,No,No,5.0,33.0,1,5.0,Very High,2024-03-14
5149,33,Male,Engineering,ENG-02,ML Engineer,2,PhD,9717,11416,56,461,7,3,2,1 - Low,3,No,Yes,12.0,4.0,0,1.0,High,08/18/2022
5150,48,Female,Finance,FIN-05,Auditor,4,Master's,11470,14210,68,559,15,0,0,3 - High,3,No,No,9.0,28.0,5,3.0,High,2024-11-26
5151,30,Female,Operations,OPS-06,Operations Manager,4,PhD,10255,11424,59,467,4,1,1,3 - High,2,No,Yes,3.0,21.0,0,,Very High,2023-05-31
5152,38,Female,Engineering,ENG-02,Backend Developer,3,High School,7955,9882,45,355,4,3,2,2 - Medium,2,No,Yes,5.0,22.0,0,3.0,Medium,2022-11-09
5153,28,Male,Operations,OPS-06,Process Engineer,1,Master's,5184,6208,29,236,0,0,0,3 - High,2,No,No,16.0,15.0,0,,Medium,2025-03-08
5154,29,Female,Marketing,MKT-04,Content Strategist,1,High School,4675,6198,27,217,3,3,3,2 - Medium,2,No,Yes,10.0,,0,4.0,High,2022-03-20
5155,38,Male,Sales,SAL-03,Sales Rep,2,PhD,6304,8014,37,303,7,0,0,4 - Very High,4,No,No,7.0,25.0,2,4.0,High,2024-02-13
5156,49,Male,Engineering,ENG-02,Engineering Manager,2,Master's,9365,11352,54,424,13,10,3,4 - Very High,4,No,No,17.0,34.0,2,4.0,Very High,2021-11-29
5157,25,Male,Operations,OPS-06,Facilities Manager,2,PhD,5514,7542,33,270,4,1,0,3 - High,3,No,No,5.0,20.0,0,3.0,Very High,03/22/2024
5158,26,Male,Engineering,ENG-02,Backend Developer,2,Master's,7380,8698,42,334,4,0,0,2 - Medium,4,No,Yes,6.0,31.0,1,2.0,High,2024-08-21
5159,41,Non-Binary,Operations,OPS-06,Operations Manager,5,Bachelor's,11536,14921,66,539,0,0,0,4 - Very High,3,No,No,10.0,39.0,4,5.0,High,06/02/2024
5160,44,Male,Operations,OPS-06,Facilities Manager,1,Bachelor's,4356,5593,25,204,12,8,6,4 - Very High,3,No,No,10.0,12.0,0,3.0,High,05/28/2018
5161,36,Female,Sales,SAL-03,Sales Rep,1,Bachelor's,4871,6603,28,222,6,6,2,4 - Very High,3,No,No,2.0,24.0,0,3.0,High,11/06/2022
5162,21,Female,Finance,FIN-05,Finance Manager,3,Bachelor's,6705,8796,39,321,0,0,0,4 - Very High,3,No,No,6.0,,2,2.0,Medium,06/05/2024
5163,46,Female,Sales,SAL-03,Regional Sales Lead,3,Bachelor's,8869,11756,51,414,8,4,4,4 - Very High,3,No,No,20.0,,3,4.0,Very High,05/25/2020
5164,37,Male,Operations,OPS-06,Logistics Coordinator,1,Master's,4549,5756,27,218,4,1,0,3 - High,4,No,No,6.0,8.0,5,5.0,Very High,03/10/2024
5165,23,Male,Sales,SAL-03,Account Executive,1,High School,4390,5042,26,211,1,0,0,3 - High,3,No,Yes,16.0,35.0,3,4.0,Very High,05/09/2024
5166,32,Male,Human Resources,HR-01,HR Manager,5,High School,10597,12907,60,475,8,8,3,4 - Very High,3,No,No ,6.0,32.0,0,1.0,High,2021-03-19
5167,56,Non-Binary,Sales,SAL-03,Sales Director,3,High School,9458,11631,55,449,21,5,4,3 - High,4,No,No,11.0,34.0,0,4.0,Very High,2020-04-04
5168,23,Female,Engineering,ENG-02,Frontend Developer,3,Bachelor's,8993,11024,51,400,4,1,1,4 - Very High,3,No,No,,30.0,0,3.0,High,2023-07-09
5169,28,Male,Sales,SAL-03,Sales Rep,2,High School,5468,6221,31,245,5,2,1,4 - Very High,3,No,no,10.0,27.0,0,4.0,Very High,2023-08-23
5170,53,Female,Operations,OPS-06,Process Engineer,1,Bachelor's,4873,6220,28,226,13,8,1,3 - High,3,No,No,3.0,27.0,3,,High,2023-04-25
5171,38,Male,Sales,SAL-03,Regional Sales Lead,3,Master's,9942,13004,57,450,18,6,3,3 - High,2,No,No,4.0,29.0,0,4.0,Very High,2021-07-09
5172,24,Female,Engineering,ENG-02,DevOps Engineer,5,Bachelor's,12804,15928,75,617,2,1,1,4 - Very High,3,No,No,10.0,44.0,0,3.0,Very High,2023-12-14
5173,29,Male,Human Resources,HR-01,Benefits Specialist,2,Master's,6040,7089,34,273,1,1,1,1 - Low,3,No,Yes,6.0,32.0,1,3.0,Low,12/05/2023
5174,37,Male,Sales,SAL-03,Senior Sales Rep,3,Bachelor's,8163,10816,48,392,2,0,0,4 - Very High,4,Yes,No,19.0,22.0,2,3.0,Very High,2024-12-09
5175,29,Female,Engineering,ENG-02,Software Engineer,1,PhD,7120,8607,41,335,5,3,2,4 - Very High,4,No,No,25.0,25.0,0,4.0,Very High,2022-10-22
5176,40,Male,Engineering,ENG-02,Backend Developer,1,High School,4935,5599,28,231,8,6,0,4 - Very High,3,No,No,16.0,14.0,1,4.0,High,01/21/2024
5177,33,Female,Operations,OPS-06,Operations Analyst,1,PhD,5437,6359,31,246,1,1,0,3 - High,2,No,Yes,8.0,12.0,3,5.0,Medium,11/30/2024
5178,31,Female,Sales,SAL-03,Account Executive,2,Bachelor's,5834,7680,33,269,7,3,1,4 - Very High,4,No,No,5.0,14.0,0,5.0,Very High,2023-09-22
5179,32,Male,Sales,SAL-03,Business Development Rep,2,Master's,5260,7021,30,247,2,2,2,2 - Medium,2,Yes,Yes,6.0,30.0,0,4.0,Very High,2022-12-27
5180,34,Female,Engineering,ENG-02,Engineering Manager,4,High School,9335,12369,53,426,3,2,2,3 - High,2,No,No,30.0,37.0,2,4.0,Very High,2022-07-15
5181,21,Male,Operations,OPS-06,Supply Chain Analyst,4,Bachelor's,9048,10155,53,417,1,0,0,3 - High,3,No,No,2.0,34.0,1,4.0,Very high,2024-12-31
5182,26,Male,Engineering,ENG-02,Data Engineer,1,High School,6320,7448,37,305,4,0,0,3 - High,2,No,No,2.0,13.0,0,3.0,Very High,09/21/2024
5183,27,Male,Operations,OPS-06,Operations Manager,4,Master's,10457,12920,62,498,2,2,1,2 - Medium,2,No,Yes,9.0,33.0,1,3.0,Medium,2023-07-09
5184,44,Non-Binary,Sales,SAL-03,Sales Director,3,High School,9492,12223,56,459,17,4,3,4 - Very High,3,No,No,4.0,30.0,0,3.0,Medium,2021-07-09
5185,28,Female,Sales,SAL-03,Sales Rep,3,Master's,8394,9658,48,389,3,0,0,4 - Very High,2,No,No,10.0,22.0,0,3.0,High,04/15/2024
5186,37,Male,Engineering,ENG-02,DevOps Engineer,4,PhD,11878,14143,66,541,9,8,5,4 - Very High,4,No,No,5.0,45.0,0,4.0,High,2019-12-14
5187,26,Male,Sales,SAL-03,Sales Rep,2,Bachelor's,4998,5804,30,237,5,1,1,3 - High,4,No,No,17.0,27.0,0,2.0,High,08/09/2023
5188,26,Female,Sales,SAL-03,Senior Sales Rep,2,High School,5375,6839,31,248,2,0,0,3 - High,3,No,No,14.0,21.0,1,3.0,High,10/17/2024
5189,37,Female,Engineering,ENG-02,Software Engineer,3,Master's,9273,11991,53,428,6,3,0,3 - High,2,No,Yes,5.0,25.0,0,3.0,Very High,03/17/2024
5190,38,Female,Sales,SAL-03,Sales Manager,1,High School,5268,6642,30,247,16,7,5,2 - Medium,2,No,No,10.0,22.0,2,3.0,High,2019-07-25
5191,24,Male,Finance,FIN-05,Finance Manager,1,Master's,5693,7884,34,268,5,3,2,3 - High,4,No,No,3.0,40.0,1,,Very High,2022-11-06
5192,24,Female,Human Resources,HR-01,HR Analyst,2,High School,4158,5380,24,193,1,1,0,4 - Very High,3,No,No,6.0,31.0,2,4.0,Very High,2024-06-26
5193,31,Male,Engineering,ENG-02,Engineering Manager,3,Bachelor's,9628,12506,56,446,2,0,0,3 - High,2,No,No,13.0,33.0,2,,Very High,2024-03-19
5194,28,Female,Marketing,MKT-04,Digital Marketing Lead,1,Bachelor's,5121,6198,29,235,5,1,1,2 - Medium,4,No,No,10.0,30.0,1,1.0,Very High,2023-05-11
5195,48,Female,Sales,SAL-03,Account Executive,1,High School,5861,6701,33,261,22,22,1,4 - Very High,4,No,No,12.0,26.0,1,3.0,High,10/15/2023
5196,36,Female,Marketing,MKT-04,Marketing Analyst,2,Master's,6471,8809,38,300,9,3,1,2 - Medium,2,Yes,Yes,3.0,27.0,4,2.0,High,2023-03-30
5197,41,Male,Engineering,ENG-02,Frontend Developer,3,Bachelor's,9839,11571,57,451,9,9,6,4 - Very High,3,No,No,13.0,15.0,1,4.0,Very High,2018-05-19
5198,21,Female,Sales,SAL-03,Regional Sales Lead,2,Master's,5979,7093,35,285,0,0,0,3 - High,3,No,Yes,7.0,28.0,2,,Low,2024-12-18
5199,26,Female,Engineering,ENG-02,Software Engineer,1,Master's,6572,8486,38,309,7,4,2,4 - Very High,3,No,Yes,35.0,19.0,0,3.0,Low,02/18/2022
5200,28,Female,Engineering,ENG-02,Data Engineer,4,Bachelor's,10680,13236,62,487,2,0,0,3 - High,2,No,No,31.0,31.0,1,3.0,High,2024-06-13
5201,23,Female,Finance,FIN-05,Senior Accountant,1,PhD,6601,7303,38,301,2,1,0,3 - High,3,No,Yes,22.0,20.0,0,4.0,High,2024-03-13
5202,41,Female,Engineering,ENG-02,Software Engineer,2,Master's,8047,10360,47,385,3,0,0,4 - Very High,4,No,No,27.0,26.0,3,4.0,High,08/18/2024
5203,21,Male,Engineering,ENG-02,ML Engineer,2,PhD,8295,9965,47,376,1,0,0,4 - Very High,4,No,No,26.0,36.0,1,4.0,High,07/13/2024
5204,29,Female,Operations,OPS-06,Supply Chain Analyst,3,Bachelor's,6947,8869,39,314,2,0,0,3 - High,1,No,No,25.0,33.0,2,1.0,Very High,2024-09-17
5205,39,Female,Marketing,MKT-04,Growth Analyst,1,Bachelor's,4003,4869,24,193,1,1,0,3 - High,3,Yes,Yes,8.0,7.0,2,5.0,Medium,2024-09-08
5206,43,Non-Binary,Engineering,ENG-02,QA Engineer,1,Bachelor's,6105,7524,36,283,8,6,6,3 - High,4,No,No,5.0,17.0,4,5.0,Very High,2018-09-29
5207,44,Female,Engineering,ENG-02,QA Engineer,2,PhD,8677,10947,49,386,11,10,9,3 - High,2,No,No,4.0,24.0,3,2.0,High,2015-03-13
5208,50,Male,Engineering,ENG-02,Backend Developer,4,Bachelor's,11014,14907,65,514,16,9,1,4 - Very High,3,No,No,4.0,13.0,2,3.0,High,08/22/2023
5209,38,Female,Finance,FIN-05,Financial Analyst,3,Bachelor's,8167,9392,47,369,6,2,1,4 - Very High,4,No,No,5.0,28.0,0,3.0,High,2023-08-29
5210,29,Female,Marketing,MKT-04,Marketing Manager,4,Master's,9120,11543,54,444,1,0,0,3 - High,4,No,No,8.0,24.0,0,2.0,High,06/27/2024
5211,60,Male,Engineering,ENG-02,Staff Engineer,4,PhD,15135,18191,88,724,30,15,4,4 - Very High,3,No,No,6.0,29.0,0,4.0,Very High,2020-11-22
5212,37,Female,Engineering,ENG-02,ML Engineer,3,High School,10174,13839,59,476,9,3,3,1 - Low,2,No,Yes,4.0,29.0,1,4.0,Very High,2021-02-24
5213,28,Female,Operations,OPS-06,Facilities Manager,1,High School,3747,4587,21,166,0,0,0,3 - High,3,No,No,5.0,46.0,0,5.0,Very High,2024-10-24
5214,43,Non-Binary,Engineering,ENG-02,Backend Developer,1,High School,5769,7451,33,269,16,12,6,3 - High,3,No,Yes,6.0,29.0,0,3.0,Medium,03/04/2018
5215,45,Male,Sales,SAL-03,Regional Sales Lead,2,Bachelor's,7814,9510,45,364,18,11,3,3 - High,3,No,No,6.0,,0,4.0,Very High,2021-03-20
5216,27,Male,Operations,OPS-06,Operations Manager,1,PhD,4955,5688,29,239,0,0,0,4 - Very High,3,Yes,Yes,4.0,21.0,0,4.0,High,11/05/2024
5217,43,Female,Finance,FIN-05,Finance Manager,4,Bachelor's,11429,14101,67,529,20,10,10,2 - Medium,2,No,Yes,6.0,30.0,0,2.0,Medium,09/28/2014
5218,39,Female,Sales,SAL-03,Regional Sales Lead,2,Bachelor's,5697,6633,32,261,3,3,1,2 - Medium,3,No,No,5.0,9.0,3,1.0,High,2023-10-27
5219,29,Female,Operations,OPS-06,Supply Chain Analyst,4,Master's,8553,9947,51,403,0,0,0,3 - High,3,No,No,8.0,39.0,2,4.0,Very High,01/16/2025
5220,38,Female,Sales,SAL-03,Sales Director,2,Bachelor's,7317,8617,43,348,4,4,1,3 - High,2,No,Yes,2.0,32.0,2,3.0,Medium,2023-09-20
5221,31,Female,Operations,OPS-06,Operations Manager,2,Bachelor's,5853,7795,34,280,3,2,2,4 - Very High,3,No,No,3.0,31.0,0,4.0,Very High,11/25/2022
5222,37,Female,Engineering,ENG-02,Senior Engineer,4,High School,9995,13568,59,476,2,2,0,3 - High,3,No,No,7.0,28.0,2,5.0,High,2024-08-08
5223,46,Male,Finance,FIN-05,Financial Analyst,1,Bachelor's,5398,6492,32,257,18,4,0,2 - Medium,2,No,No,5.0,9.0,0,5.0,Very High,2024-09-21
5224,34,Male,Engineering,ENG-02,Frontend Developer,4,Bachelor's,10027,12675,57,453,7,0,0,3 - High,3,No,Yes,3.0,42.0,2,3.0,Medium,08/03/2024
5225,33,Female,Sales,SAL-03,Account Executive,2,Master's,7483,9685,42,341,11,5,3,3 - High,4,No,Yes,2.0,39.0,1,,Medium,2021-01-06
5226,38,Male,Engineering,ENG-02,Backend Developer,2,Bachelor's,7569,9400,43,340,14,14,2,3 - High,3,No,No,2.0,21.0,1,1.0,High,2022-12-27
5227,29,Female,Finance,FIN-05,Auditor,5,Bachelor's,11829,16061,70,576,1,1,1,4 - Very High,3,No,No,21.0,36.0,0,4.0,Very High,2024-05-15
5228,32,Male,Engineering,ENG-02,Software Engineer,3,Master's,7937,9293,45,364,3,3,0,3 - High,3,No,No,7.0,40.0,3,4.0,High,2024-01-02
5229,32,Female,Marketing,MKT-04,Marketing Analyst,2,High School,5717,6786,33,262,1,0,0,3 - High,4,No,No,9.0,17.0,1,5.0,Very High,2024-03-14
5230,30,Male,Finance,FIN-05,Tax Specialist,5,High School,10479,12282,60,484,2,2,0,2 - Medium,2,No,No,4.0,,2,2.0,High,09/05/2024
5231,34,Male,Sales,SAL-03,Business Development Rep,3,Bachelor's,6645,7334,38,299,3,2,0,4 - Very High,3,No,No,11.0,13.0,0,4.0,Very High,2024-12-13
5232,32,Female,Sales,SAL-03,Account Executive,1,Master's,5425,7257,31,245,3,3,0,4 - Very High,4,No,Yes,1.0,28.0,1,3.0,High,2024-04-30
5233,23,Female,Engineering,ENG-02,QA Engineer,1,High School,5009,6002,28,226,4,1,0,3 - High,4,No,No,3.0,30.0,0,4.0,Very High,07/31/2024
5234,32,Female,Operations,OPS-06,Facilities Manager,4,Master's,8772,10873,52,426,1,1,1,3 - High,3,Yes,No,10.0,11.0,1,2.0,Medium,2023-10-01
5235,35,Female,Finance,FIN-05,Financial Analyst,1,Bachelor's,4617,5348,27,212,10,4,3,4 - Very High,3,No,No,6.0,24.0,4,4.0,High,2021-12-31
5236,53,Female,Finance,FIN-05,Controller,2,High School,6372,8218,38,308,15,11,0,4 - Very High,3,No,No,11.0,26.0,4,3.0,Very High,04/20/2024
5237,41,Male,Engineering,ENG-02,Backend Developer,2,Master's,7481,9754,43,349,7,2,2,3 - High,3,No,Yes,12.0,22.0,3,4.0,High,07/11/2022
5238,29,Male,Sales,SAL-03,Sales Director,2,Master's,7798,9186,46,363,2,2,0,2 - Medium,2,No,Yes,6.0,28.0,0,3.0,Low,11/29/2024
5239,26,Male,Operations,OPS-06,Logistics Coordinator,2,High School,3944,5558,23,182,0,0,0,4 - Very High,4,No,No,6.0,4.0,0,4.0,Very High,2024-12-05
5240,33,Female,Sales,SAL-03,Business Development Rep,2,High School,6267,7652,36,282,7,6,2,3 - High,4,No,No,10.0,16.0,0,4.0,Very High,2022-06-28
5241,39,Male,Engineering,ENG-02,Engineering Manager,1,Master's,8318,9611,48,380,21,20,18,3 - High,2,No,No,16.0,9.0,0,3.0,Very High,2006-12-27
5242,35,Male,Finance,FIN-05,Tax Specialist,1,Bachelor's,4677,6336,27,215,9,2,1,3 - High,2,No,Yes,5.0,29.0,0,4.0,Very High,09/08/2023
5243,54,Male,Marketing,MKT-04,Content Strategist,1,Bachelor's,4607,5377,26,213,23,21,11,1 - Low,2,No,No,2.0,28.0,0,3.0,Very High,2013-12-24
5244,38,Male,Sales,SAL-03,Business Development Rep,3,PhD,8743,10911,50,399,2,2,2,3 - High,4,No,No,12.0,34.0,2,3.0,High,2022-10-23
5245,31,Female,Engineering,ENG-02,Frontend Developer,1,High School,5150,6212,30,240,6,0,0,2 - Medium,4,No,No,7.0,19.0,3,,High,2024-08-03
5246,39,Female,Finance,FIN-05,Senior Accountant,1,Bachelor's,5100,6796,30,236,18,8,8,3 - High,3,No,No,7.0,17.0,0,4.0,Very High,12/21/2016
5247,36,Male,Sales,SAL-03,Senior Sales Rep,3,PhD,10331,12644,61,490,12,7,4,4 - Very High,4,No,No,3.0,33.0,0,4.0,Very High,
5248,36,Male,Sales,SAL-03,Sales Rep,1,Bachelor's,4446,6324,26,211,12,4,2,3 - High,2,No,Yes,9.0,13.0,0,3.0,High,2022-07-31
5249,32,Male,Sales,SAL-03,Business Development Rep,1,PhD,5950,6852,34,279,7,1,0,3 - High,4,No,No,3.0,28.0,1,4.0,Very High,2024-08-14
5250,32,Male,Engineering,ENG-02,DevOps Engineer,3,Bachelor's,8181,10717,46,370,3,1,1,3 - High,3,Yes,Yes,4.0,26.0,0,4.0,High,10/10/2023
5251,45,Non-Binary,Finance,FIN-05,Tax Specialist,1,Master's,6917,8326,41,338,20,4,0,3 - High,4,No,No,6.0,25.0,0,5.0,Very High,2024-02-03
5252,44,Male,Sales,SAL-03,Sales Manager,1,Master's,6701,8931,38,313,18,12,9,2 - Medium,4,No,No,17.0,37.0,0,1.0,High,12/11/2015
5253,39,Male,Sales,SAL-03,Regional Sales Lead,3,Bachelor's,7199,9589,41,326,5,0,0,3 - High,4,No,No,9.0,41.0,2,5.0,Very High,11/28/2024
5254,29,Female,Engineering,ENG-02,Software Engineer,3,High School,8531,9760,51,413,6,1,0,3 - High,4,No,No,7.0,36.0,1,3.0,Very High,03/19/2024
5255,29,Female,Finance,FIN-05,Auditor,5,Bachelor's,10555,14228,62,490,2,2,1,4 - Very High,4,No,No,13.0,22.0,0,4.0,Very High,2023-04-25
5256,35,Male,Marketing,MKT-04,Content Strategist,2,Bachelor's,5806,6645,33,260,0,0,0,3 - High,3,No,Yes,3.0,38.0,3,,High,2024-08-15
5257,25,Female,Operations,OPS-06,Process Engineer,2,Bachelor's,4703,5925,27,218,0,0,0,4 - Very High,4,No,No,7.0,40.0,2,4.0,Very High,12/17/2024
5258,36,Male,Sales,SAL-03,Account Executive,1,Bachelor's,4963,5796,29,236,2,1,1,3 - High,4,No,Yes,21.0,31.0,2,5.0,High,2023-10-21
5259,23,Male,Marketing,MKT-04,SEO Specialist,3,Bachelor's,6575,7405,37,296,2,0,0,3 - High,1,No,Yes,9.0,20.0,1,3.0,High,11/12/2024
5260,23,Male,Human Resources,HR-01,HR Analyst,3,Master's,5800,6762,34,268,1,1,1,3 - High,4,No,No,10.0,22.0,0,3.0,Medium,2023-07-13
5261,43,Female,Operations,OPS-06,Operations Manager,3,Bachelor's,7562,10075,43,350,7,3,2,4 - Very High,4,No,No,13.0,17.0,5,3.0,High,2022-02-01
5262,47,Male,Operations,OPS-06,Process Engineer,3,High School,7574,10140,45,364,11,10,10,2 - Medium,4,No,No,35.0,35.0,0,4.0,Medium,2014-06-10
5263,54,Non-Binary,Human Resources,HR-01,Recruiter,1,Master's,5743,6736,33,268,20,15,9,4 - Very High,3,No,No,5.0,11.0,0,5.0,High,2015-11-14
5264,36,Female,Operations,OPS-06,Facilities Manager,1,Master's,4612,5664,27,215,1,1,1,3 - High,1,No,Yes,17.0,27.0,0,4.0,Medium,2023-10-03
5265,26,Non-Binary,Engineering,ENG-02,QA Engineer,2,PhD,7252,8146,42,339,1,1,0,1 - Low,2,No,Yes,6.0,,0,4.0,High,2024-12-08
5266,23,Male,Engineering,ENG-02,QA Engineer,2,Master's,7953,10273,45,369,9,6,5,4 - Very High,3,No,No,6.0,46.0,0,5.0,Very High,08/25/2019
5267,30,Female,Marketing,MKT-04,Marketing Analyst,2,Bachelor's,6785,8501,38,304,10,0,0,4 - Very High,3,No,No,14.0,11.0,0,4.0,Very High,01/29/2024
5268,36,Male,Marketing,MKT-04,Marketing Manager,2,High School,5961,7746,34,267,5,5,0,3 - High,3,No,No,13.0,28.0,2,5.0,Very High,10/21/2024
5269,40,Male,Finance,FIN-05,Financial Analyst,2,High School,5381,6354,30,240,5,1,0,4 - Very High,4,No,No,3.0,28.0,0,4.0,Very High,04/11/2024
5270,29,Male,Engineering,ENG-02,Software Engineer,4,Bachelor's,9330,12485,55,447,4,3,3,3 - High,3,No,No,10.0,31.0,1,,High,2021-04-26
5271,34,Male,Sales,SAL-03,Regional Sales Lead,3,High School,8073,10437,46,363,1,1,0,3 - High,3,No,No,8.0,35.0,3,4.0,High,02/26/2024
5272,34,Male,Operations,OPS-06,Facilities Manager,2,Bachelor's,5318,6124,31,246,2,1,0,4 - Very High,4,No,No,9.0,39.0,4,4.0,High,2024-10-23
5273,32,Female,Marketing,MKT-04,Growth Analyst,2,Master's,6528,7685,37,298,7,4,0,4 - Very High,3,No,No,10.0,23.0,0,4.0,Very High,2024-12-05
5274,37,Male,Operations,OPS-06,Operations Manager,4,Bachelor's,8142,10783,48,380,3,3,0,3 - High,3,No,Yes,26.0,21.0,1,1.0,Low,2024-12-04
5275,21,Female,Engineering,ENG-02,Engineering Manager,2,Bachelor's,7329,9321,43,343,0,0,0,4 - Very High,3,No,No,6.0,29.0,0,3.0,Very High,2024-09-21
5276,23,Female,Operations,OPS-06,Supply Chain Analyst,2,Bachelor's,5161,7171,29,235,1,0,0,3 - High,4,No,Yes,23.0,4.0,0,4.0,High,05/29/2024
5277,27,Female,Sales,SAL-03,Regional Sales Lead,2,High School,6278,7395,35,281,8,0,0,4 - Very High,4,No,No,6.0,22.0,1,4.0,Very High,2024-05-01
5278,39,Male,Finance,FIN-05,Controller,2,Bachelor's,8100,9248,46,375,10,4,1,3 - High,3,No,Yes,10.0,21.0,0,,Very High,2023-11-18
5279,31,Female,Human Resources,HR-01,HR Coordinator,3,Master's,7009,8335,40,325,5,4,4,2 - Medium,4,No,No,9.0,31.0,2,,Very High,2020-11-23
5280,35,Male,Engineering,ENG-02,Senior Engineer,2,Bachelor's,8981,10818,53,428,15,0,0,4 - Very High,4,No,Yes,9.0,21.0,0,4.0,Very High,07/18/2024
5281,33,Female,Sales,SAL-03,Sales Rep,2,Bachelor's,5245,7069,30,245,4,0,0,4 - Very High,3,No,Yes,4.0,28.0,1,,Low,2024-07-19
5282,47,Female,Engineering,ENG-02,Backend Developer,3,PhD,9846,12021,57,450,12,1,0,1 - Low,4,No,No,11.0,31.0,1,2.0,Very High,12/19/2024
5283,38,Male,Engineering,ENG-02,Senior Engineer,4,Bachelor's,11474,13132,65,520,14,12,9,2 - Medium,3,No,No,12.0,25.0,0,4.0,Very High,09/23/2015
5284,32,Male,Finance,FIN-05,Auditor,1,Master's,4730,5488,28,225,4,4,2,3 - High,4,No,No,6.0,42.0,2,3.0,Medium,2022-02-10
5285,37,Female,Operations,OPS-06,Operations Manager,1,Bachelor's,5051,6186,29,236,1,1,1,4 - Very High,3,No,No,6.0,11.0,1,5.0,Very High,2023-10-03
5286,32,Female,Sales,SAL-03,Sales Director,3,Master's,11182,13670,63,505,10,1,1,4 - Very High,3,No,No,11.0,36.0,0,1.0,Very High,2023-09-19
5287,26,Female,Human Resources,HR-01,HR Analyst,3,Bachelor's,6741,8008,38,305,0,0,0,3 - High,4,No,No,4.0,25.0,2,3.0,High,2024-11-28
5288,51,Male,Engineering,ENG-02,DevOps Engineer,2,High School,8753,10170,51,415,17,17,5,4 - Very High,3,No,No,4.0,19.0,0,3.0,Very High,2019-10-27
5289,38,Female,Human Resources,HR-01,Benefits Specialist,1,Master's,4203,5484,24,196,5,0,0,3 - High,4,No,No,4.0,32.0,2,3.0,Medium,2024-03-01
5290,37,Female,Operations,OPS-06,Logistics Coordinator,1,Master's,4981,6157,29,234,8,1,1,3 - High,3,No,No,,20.0,0,3.0,Medium,03/11/2023
5291,33,Female,Marketing,MKT-04,Digital Marketing Lead,1,Master's,5621,7782,32,252,7,7,1,2 - Medium,3,No,No,8.0,19.0,0,3.0,Very High,2023-09-05
5292,31,Female,Marketing,MKT-04,SEO Specialist,3,Master's,8204,9854,47,371,4,4,1,2 - Medium,3,No,No,9.0,22.0,1,2.0,Very High,12/17/2023
5293,37,Female,Engineering,ENG-02,Senior Engineer,2,Master's,6784,9220,39,310,1,0,0,3 - High,4,No,No,18.0,42.0,2,4.0,Very High,2024-02-23
5294,28,Female,Operations,OPS-06,Supply Chain Analyst,1,Bachelor's,4743,6049,27,218,8,0,0,3 - High,3,Yes,Yes,6.0,23.0,0,3.0,Low,05/20/2024
5295,40,Male,Engineering,ENG-02,Staff Engineer,2,Bachelor's,9418,10900,54,432,10,0,0,3 - High,3,Yes,No,5.0,22.0,1,3.0,Very High,2024-03-02
5296,41,Female,Engineering,ENG-02,QA Engineer,1,High School,5343,6730,30,246,13,11,9,3 - High,3,No,Yes,8.0,9.0,1,,Medium,2015-06-04
5297,43,Female,Sales,SAL-03,Business Development Rep,1,Bachelor's,5249,6968,31,248,12,1,1,4 - Very High,3,No,No,7.0,16.0,2,2.0,Medium,2023-05-18
5298,23,Female,Finance,FIN-05,Financial Analyst,2,Bachelor's,5784,7366,33,260,4,0,0,4 - Very High,2,No,No,10.0,27.0,1,3.0,Medium,01/25/2024
5299,43,Non-Binary,Finance,FIN-05,Senior Accountant,5,High School,13050,15005,74,585,16,7,6,3 - High,4,No,No,10.0,34.0,1,3.0,Medium,09/12/2018
5300,44,Male,Engineering,ENG-02,Staff Engineer,5,Bachelor's,15318,17129,90,724,16,12,10,4 - Very High,4,No,No,3.0,28.0,2,4.0,High,11/12/2014
5301,33,Female,Sales,SAL-03,Sales Director,3,High School,7074,8532,41,323,1,1,1,2 - Medium,3,No,Yes,9.0,,3,4.0,Very High,12/23/2023
5302,34,Female,Engineering,ENG-02,QA Engineer,3,Bachelor's,8324,10275,47,373,8,8,4,4 - Very High,4,No,Yes,4.0,30.0,0,3.0,Medium,2020-09-26
5303,34,Female,Engineering,ENG-02,Engineering Manager,1,Bachelor's,5710,7260,34,279,8,3,2,4 - Very High,4,No,No,2.0,37.0,0,3.0,Medium,12/17/2022
5304,39,Female,Marketing,MKT-04,Digital Marketing Lead,3,Bachelor's,7266,8808,41,327,7,6,2,3 - High,4,No,No,9.0,28.0,4,3.0,Very High,09/06/2022
5305,31,Male,Engineering,ENG-02,Staff Engineer,2,Master's,8110,9121,48,376,5,2,2,3 - High,3,No,No,7.0,27.0,2,,Very High,02/08/2022
5306,51,Female,Engineering,ENG-02,DevOps Engineer,3,Bachelor's,9783,11709,57,469,15,12,10,2 - Medium,4,No,No,3.0,23.0,8,,Very High,2014-03-14
5307,30,Female,Sales,SAL-03,Sales Rep,4,Bachelor's,8266,9468,47,384,8,1,1,4 - Very High,3,No,No,9.0,31.0,1,4.0,Very High,2023-12-28
5308,41,Female,Sales,SAL-03,Sales Director,2,Bachelor's,8946,10810,50,399,11,7,4,4 - Very High,4,Yes,Yes,9.0,36.0,1,4.0,Medium,04/15/2020
5309,35,Female,Engineering,ENG-02,Staff Engineer,2,High School,7490,8543,43,346,0,0,0,1 - Low,2,No,Yes,6.0,20.0,3,,Low,2025-05-11
5310,40,Female,Operations,OPS-06,Facilities Manager,2,Bachelor's,5203,6238,30,241,8,3,3,4 - Very High,3,No,Yes,11.0,25.0,2,3.0,Medium,07/04/2021
5311,34,Male,Marketing,MKT-04,Marketing Manager,1,High School,5038,6883,29,230,15,10,9,2 - Medium,2,No,Yes,4.0,14.0,1,3.0,Medium,2015-10-04
5312,56,Male,Sales,SAL-03,Sales Manager,3,High School,9531,10660,55,452,21,5,4,4 - Very High,3,No,No,7.0,37.0,0,4.0,Very High,2020-03-27
5313,35,Male,Sales,SAL-03,Sales Rep,2,Bachelor's,5604,6514,33,271,2,0,0,3 - High,4,No,No,25.0,25.0,3,,High,2024-05-12
5314,32,Female,Operations,OPS-06,Operations Manager,2,High School,6264,7013,36,283,5,5,5,3 - High,3,No,yes,15.0,30.0,0,3.0,Low,12/26/2019
5315,27,Female,Sales,SAL-03,Business Development Rep,1,Bachelor's,4368,5000,26,211,1,0,0,3 - High,1,No,No,5.0,38.0,4,1.0,Very High,2024-03-22
5316,32,Male,Operations,OPS-06,Process Engineer,2,Bachelor's,6311,7940,37,296,8,3,0,4 - Very High,4,No,No,3.0,31.0,0,,Very High,2024-08-02
5317,23,Male,Sales,SAL-03,Business Development Rep,3,High School,5812,7483,34,280,0,0,0,4 - Very High,3,No,Yes,10.0,31.0,0,,Low,2024-06-06
5318,35,Male,Operations,OPS-06,Operations Manager,1,High School,4051,4782,24,194,0,0,0,3 - High,3,No,Yes,2.0,7.0,2,3.0,Medium,11/19/2024
5319,27,Male,Operations,OPS-06,Operations Analyst,1,High School,4431,5371,25,197,2,0,0,3 - High,3,No,No,1.0,33.0,0,3.0,High,07/10/2024
5320,23,Male,Engineering,ENG-02,Backend Developer,2,Bachelor's,6035,6805,34,272,1,1,0,4 - Very High,3,No,No,2.0,31.0,0,3.0,High,2024-06-03
5321,40,Male,Finance,FIN-05,Financial Analyst,4,Bachelor's,10705,12413,63,514,8,8,6,3 - High,3,No,No ,7.0,25.0,0,4.0,High,10/08/2018
5322,38,Male,Engineering,ENG-02,Backend Developer,3,Master's,8752,11457,51,403,7,1,0,2 - Medium,2,No,No,4.0,18.0,0,2.0,High,2024-03-30
5323,35,Male,Engineering,ENG-02,Frontend Developer,2,High School,5458,6675,31,243,4,1,0,4 - Very High,4,No,No,4.0,26.0,3,4.0,Very High,2024-05-30
5324,35,Female,Operations,OPS-06,Logistics Coordinator,3,Master's,7492,10059,44,359,7,6,4,2 - Medium,2,No,Yes,6.0,27.0,3,3.0,Medium,2020-07-15
5325,28,Female,Marketing,MKT-04,Brand Manager,2,Bachelor's,6964,7748,41,330,5,1,1,2 - Medium,2,No,No,6.0,25.0,0,1.0,High,2023-06-28
5326,33,Male,Engineering,ENG-02,Data Engineer,3,Bachelor's,8342,9916,49,397,6,0,0,3 - High,2,No,No,4.0,23.0,2,3.0,High,2024-11-08
5327,40,Female,Engineering,ENG-02,Staff Engineer,3,High School,8913,10811,52,424,5,2,1,2 - Medium,2,Yes,Yes,12.0,20.0,3,4.0,High,2023-11-24
5328,27,Female,Marketing,MKT-04,Brand Manager,4,Bachelor's,9234,11157,52,423,2,2,2,3 - High,2,No,No,15.0,21.0,2,1.0,Very High,2023-04-21
5329,46,Male,Human Resources,HR-01,HR Manager,3,High School,6965,9405,41,333,0,0,0,2 - Medium,2,Yes,No,13.0,31.0,5,3.0,Very High,2024-11-22
5330,34,Female,Engineering,ENG-02,Engineering Manager,1,High School,6406,8451,37,301,4,0,0,4 - Very High,3,No,No,14.0,25.0,0,4.0,Very High,2024-06-29
5331,21,Male,Marketing,MKT-04,SEO Specialist,3,Master's,7041,8551,41,332,1,0,0,4 - Very High,4,No,No,7.0,8.0,0,5.0,Very High,2024-04-08
5332,21,Male,Operations,OPS-06,Operations Manager,2,High School,5017,6436,28,229,0,0,0,4 - Very High,2,No,No,8.0,19.0,0,5.0,Very High,2025-04-18
5333,27,Female,Engineering,ENG-02,Staff Engineer,2,PhD,7894,9479,45,358,1,0,0,4 - Very High,3,No,No,7.0,41.0,0,3.0,High,2024-11-20
5334,45,Female,Engineering,ENG-02,Backend Developer,2,Bachelor's,6749,8190,38,311,25,3,1,3 - High,3,No,No,21.0,34.0,0,4.0,Very High,2023-12-01
5335,34,Female,Finance,FIN-05,Auditor,3,Bachelor's,8367,11041,50,403,11,9,1,4 - Very High,4,No,No,12.0,31.0,1,5.0,Very High,05/24/2023
5336,37,Female,Finance,FIN-05,Controller,4,Bachelor's,12940,17500,73,575,13,5,1,3 - High,2,No,Yes,5.0,29.0,1,,High,2023-01-13
5337,46,Female,Sales,SAL-03,Regional Sales Lead,2,Bachelor's,7229,9237,42,332,14,4,3,4 - Very High,3,No,No,5.0,26.0,0,3.0,High,2021-11-05
5338,52,Male,Sales,SAL-03,Regional Sales Lead,3,Bachelor's,8666,11531,49,401,16,4,3,3 - High,2,No,No,6.0,46.0,3,3.0,High,2021-03-18
5339,21,Male,Engineering,ENG-02,Backend Developer,1,PhD,6958,7878,39,319,1,1,1,4 - Very High,3,No,No,9.0,41.0,2,4.0,High,2023-08-10
5340,21,Female,Sales,SAL-03,Sales Manager,1,Bachelor's,5363,7146,31,246,0,0,0,2 - Medium,2,No,No,12.0,25.0,1,3.0,High,06/26/2024
5341,29,Male,Human Resources,HR-01,Benefits Specialist,4,Bachelor's,9061,11923,53,434,6,5,0,2 - Medium,4,No,Yes,3.0,51.0,1,4.0,Very High,08/16/2024
5342,23,Non-Binary,Engineering,ENG-02,Backend Developer,1,Bachelor's,5021,6651,28,229,2,1,1,3 - High,4,No,No,5.0,15.0,0,4.0,Very High,11/20/2023
5343,33,Female,Engineering,ENG-02,Senior Engineer,2,Bachelor's,8250,9386,48,384,5,4,4,2 - Medium,4,No,No,9.0,27.0,3,2.0,Medium,2020-12-23
5344,46,Male,Operations,OPS-06,Supply Chain Analyst,1,Master's,5771,7122,34,273,20,13,11,4 - Very High,1,No,Yes,9.0,21.0,0,4.0,Medium,2013-02-11
5345,42,Female,Engineering,ENG-02,Data Engineer,3,High School,7749,9657,44,347,12,7,7,2 - Medium,2,No,Yes,12.0,20.0,0,5.0,Medium,2017-12-07
5346,28,Female,Marketing,MKT-04,Marketing Manager,1,Master's,5215,6200,30,244,2,2,1,3 - High,3,No,No,12.0,8.0,0,2.0,Very High,2023-10-07
5347,39,Male,Finance,FIN-05,Finance Manager,2,High School,5554,6763,32,256,6,4,1,4 - Very High,2,No,No,7.0,16.0,4,4.0,Very High,2023-07-30
5348,27,Male,Sales,SAL-03,Sales Manager,3,Master's,7361,8836,43,350,2,1,1,3 - High,2,No,No,9.0,37.0,0,3.0,High,2023-10-31
5349,34,Male,Operations,OPS-06,Operations Manager,2,Bachelor's,6805,8334,39,314,10,5,4,4 - Very High,2,No,No,15.0,26.0,0,4.0,Very High,2020-02-08
5350,26,Male,Engineering,ENG-02,Engineering Manager,3,High School,7982,9099,47,386,2,1,0,4 - Very High,3,No,No,12.0,13.0,2,,Very High,2024-02-26
5351,21,Non-Binary,Operations,OPS-06,Logistics Coordinator,4,Bachelor's,7367,9005,43,342,3,1,1,4 - Very High,3,No,No,8.0,30.0,0,4.0,High,2023-02-23
5352,36,Male,Finance,FIN-05,Controller,1,High School,4818,6101,27,217,1,1,1,4 - Very High,4,No,No,21.0,24.0,2,4.0,High,2023-12-02
5353,37,Male,Sales,SAL-03,Regional Sales Lead,4,Bachelor's,10374,13560,59,465,5,0,0,4 - Very High,3,No,Yes,4.0,18.0,2,5.0,Very High,2024-07-06
5354,31,Female,Operations,OPS-06,Supply Chain Analyst,1,High School,4606,6340,26,208,11,10,3,2 - Medium,2,No,Yes,8.0,8.0,0,3.0,Low,2021-01-17
5355,38,Female,Marketing,MKT-04,Marketing Analyst,3,Bachelor's,7764,9238,44,361,12,3,1,3 - High,4,No,Yes,12.0,40.0,0,4.0,High,2023-09-25
5356,37,Male,Finance,FIN-05,Finance Manager,1,Bachelor's,5339,6857,31,247,6,5,5,3 - High,3,No,No,4.0,27.0,0,3.0,Medium,2019-11-23
5357,34,Female,Engineering,ENG-02,Engineering Manager,1,Master's,7851,10289,46,361,10,5,3,3 - High,4,No,No,9.0,18.0,1,1.0,Very High,09/21/2021
5358,35,Male,Finance,FIN-05,Tax Specialist,2,High School,6286,7983,35,275,9,4,0,4 - Very High,3,No,No,4.0,28.0,1,4.0,Very High,2024-08-27
5359,22,Male,Engineering,ENG-02,Data Engineer,2,Master's,7730,9578,46,375,1,1,1,2 - Medium,1,No,Yes,6.0,33.0,3,3.0,Medium,2023-12-28
5360,26,Female,Engineering,ENG-02,Software Engineer,2,Bachelor's,7084,9504,41,328,1,1,1,4 - Very High,3,Yes,No,16.0,9.0,0,4.0,Very High,2023-11-09
5361,30,Male,Marketing,MKT-04,Marketing Analyst,1,Master's,5571,7084,32,256,2,1,0,4 - Very High,3,No,No,3.0,27.0,0,3.0,Medium,10/12/2024
5362,36,Female,Operations,OPS-06,Process Engineer,1,Master's,5446,7111,32,256,4,4,1,3 - High,4,No,No,13.0,36.0,0,4.0,Very High,04/17/2023
5363,25,Female,Sales,SAL-03,Sales Manager,5,Master's,13597,17518,76,603,2,0,0,4 - Very High,2,No,No,11.0,49.0,0,4.0,Very High,2024-03-26
5364,28,Male,Sales,SAL-03,Sales Rep,1,Master's,4329,5405,25,203,4,4,0,4 - Very High,3,No,No,8.0,39.0,1,4.0,Very High,2024-11-09
5365,41,Female,Engineering,ENG-02,Staff Engineer,3,Bachelor's,11394,12987,67,530,12,11,10,4 - Very High,4,Yes,Yes,6.0,23.0,1,5.0,High,2014-09-04
5366,28,Male,Engineering,ENG-02,QA Engineer,3,Bachelor's,7677,9961,44,361,14,6,4,1 - Low,1,No,Yes,6.0,31.0,0,2.0,High,2020-01-30
5367,32,Female,Engineering,ENG-02,Engineering Manager,1,Master's,5905,7460,34,270,1,1,1,3 - High,3,No,No,9.0,18.0,2,4.0,High,2024-02-01
5368,33,Male,Sales,SAL-03,Regional Sales Lead,2,Bachelor's,5875,7757,34,277,8,7,2,3 - High,4,No,No,14.0,36.0,0,3.0,Medium,02/12/2022
5369,32,Female,Engineering,ENG-02,DevOps Engineer,3,Bachelor's,8646,11353,49,400,2,2,1,2 - Medium,4,No,No,11.0,31.0,2,4.0,Very High,09/12/2023
5370,25,Female,Marketing,MKT-04,Brand Manager,2,Bachelor's,6864,8411,40,324,1,1,1,4 - Very High,4,No,No,12.0,27.0,0,4.0,Very High,2023-12-22
5371,21,Male,Engineering,ENG-02,Frontend Developer,3,Master's,7409,9031,42,331,1,0,0,4 - Very High,3,No,No,9.0,18.0,0,4.0,Very High,2024-05-31
5372,23,Male,Finance,FIN-05,Senior Accountant,3,Master's,8003,10179,46,373,0,0,0,4 - Very High,2,No,Yes,7.0,11.0,0,2.0,Low,11/16/2024
5373,32,Male,Human Resources,HR-01,Recruiter,2,Master's,5035,6193,29,237,1,0,0,3 - High,2,No,No,7.0,38.0,0,1.0,Very High,2024-10-05
5374,28,Female,Operations,OPS-06,Operations Analyst,2,High School,4887,6697,29,231,2,1,0,3 - High,2,No,No,4.0,22.0,0,3.0,High,05/21/2024
5375,23,Non-Binary,Engineering,ENG-02,Frontend Developer,4,Bachelor's,9524,10990,56,460,1,0,0,4 - Very High,3,No,No,10.0,24.0,1,3.0,High,10/07/2024
5376,25,Female,Marketing,MKT-04,Marketing Analyst,3,Master's,6748,8151,38,305,4,2,2,3 - High,3,No,No,6.0,35.0,0,1.0,High,2022-11-30
5377,23,Male,Engineering,ENG-02,Data Engineer,2,High School,7083,8641,41,324,1,0,0,4 - Very High,3,No,No,17.0,28.0,0,5.0,Very High,2024-03-13
5378,23,Female,Engineering,ENG-02,Engineering Manager,3,Bachelor's,10492,14117,59,470,1,1,0,3 - High,3,No,No,6.0,24.0,0,,Very High,2024-11-11
5379,54,Male,Engineering,ENG-02,Engineering Manager,2,Master's,10179,13103,58,460,28,19,18,3 - High,2,Yes,Yes,8.0,23.0,1,5.0,High,2006-08-19
5380,39,Female,Engineering,ENG-02,QA Engineer,1,High School,4712,6279,27,220,8,8,0,1 - Low,2,No,Yes,4.0,21.0,0,3.0,Medium,08/30/2024
5381,31,Female,Engineering,ENG-02,Frontend Developer,2,Bachelor's,6984,9443,41,328,1,0,0,3 - High,2,No,Yes,18.0,37.0,3,,Very High,2024-11-16
5382,26,Female,Operations,OPS-06,Operations Analyst,3,Bachelor's,5802,6363,32,255,0,0,0,4 - Very High,4,No,no,10.0,26.0,2,3.0,High,2024-09-08
5383,29,Male,Engineering,ENG-02,Data Engineer,2,Master's,8374,11161,48,394,6,4,2,3 - High,4,No,No,11.0,36.0,0,4.0,Very High,2022-04-20
5384,34,Female,Sales,SAL-03,Business Development Rep,3,Master's,8640,11351,49,391,3,2,1,3 - High,3,No,No,6.0,15.0,4,3.0,High,04/02/2023
5385,33,Female,Sales,SAL-03,Senior Sales Rep,1,Bachelor's,5339,6925,31,244,3,3,0,3 - High,4,No,No,4.0,19.0,0,,Very High,2024-11-13
5386,38,Female,Human Resources,HR-01,HR Coordinator,2,Master's,5166,6203,30,247,10,1,1,3 - High,4,No,No,16.0,22.0,0,4.0,Very High,11/04/2023
5387,46,Female,Engineering,ENG-02,Engineering Manager,3,Master's,11147,13532,65,527,18,15,5,3 - High,3,No,No,9.0,47.0,1,3.0,High,03/21/2019
5388,42,Male,Human Resources,HR-01,Recruiter,2,Bachelor's,6306,8087,37,299,20,6,1,3 - High,3,No,No,22.0,22.0,1,4.0,High,2023-06-12
5389,31,Male,Engineering,ENG-02,Engineering Manager,1,High School,6512,8758,38,310,7,2,1,4 - Very High,4,No,No,9.0,25.0,0,4.0,High,2023-08-08
5390,25,Female,Human Resources,HR-01,HR Director,1,Bachelor's,5420,6922,30,241,1,1,0,3 - High,4,No,No,21.0,19.0,0,2.0,Very High,01/25/2024
5391,49,Male,Operations,OPS-06,Facilities Manager,1,Master's,4696,6327,28,225,8,0,0,4 - Very High,3,No,No,11.0,,4,5.0,Very High,2024-07-10
5392,36,Male,Engineering,ENG-02,QA Engineer,3,High School,8713,10313,51,400,12,10,10,3 - High,2,No,No,7.0,22.0,0,2.0,High,2014-06-18
5393,28,Female,Human Resources,HR-01,HR Manager,5,Master's,11382,14740,67,542,4,1,0,4 - Very High,3,No,No,13.0,41.0,0,4.0,Very High,2024-03-29
5394,24,Female,Sales,SAL-03,Regional Sales Lead,5,Master's,11664,13868,68,553,5,0,0,2 - Medium,2,No,Yes,12.0,15.0,0,,High,2024-03-04
5395,34,Female,Finance,FIN-05,Financial Analyst,2,PhD,7200,9382,41,336,7,3,3,4 - Very High,3,No,No,,29.0,2,5.0,High,03/23/2021
5396,26,Male,Engineering,ENG-02,ML Engineer,5,High School,15316,17380,86,687,1,0,0,4 - Very High,3,Yes,No,7.0,32.0,0,,Very High,2024-02-22
5397,53,Male,Engineering,ENG-02,Backend Developer,2,Bachelor's,7390,8801,42,330,17,14,6,2 - Medium,2,No,Yes,11.0,17.0,1,3.0,Medium,2018-01-04
5398,30,Female,Finance,FIN-05,Finance Manager,4,Bachelor's,11180,14563,63,511,7,0,0,4 - Very High,2,No,Yes,6.0,18.0,0,3.0,Low,2024-05-29
5399,39,Female,Engineering,ENG-02,ML Engineer,2,Master's,7954,10242,45,353,4,1,1,3 - High,4,No,No,6.0,27.0,0,4.0,Very High,2023-06-12
5400,34,Male,Sales,SAL-03,Regional Sales Lead,3,Master's,9336,11768,54,426,11,0,0,3 - High,4,No,No,11.0,22.0,0,2.0,High,2024-08-16
5401,24,Male,Engineering,ENG-02,QA Engineer,1,High School,5201,7150,29,234,0,0,0,1 - Low,3,No,No,5.0,30.0,0,2.0,Medium,12/01/2024
5402,27,Female,Engineering,ENG-02,Frontend Developer,3,PhD,8422,11224,48,378,2,1,1,3 - High,3,No,Yes,6.0,18.0,1,4.0,Very High,04/05/2023
5403,52,Female,Operations,OPS-06,Operations Manager,2,Bachelor's,6952,8350,40,322,23,12,12,3 - High,3,No,No,5.0,26.0,0,3.0,Medium,10/14/2012
5404,21,Non-Binary,Finance,FIN-05,Tax Specialist,5,High School,9227,11634,53,425,5,1,1,4 - Very High,4,No,No,11.0,24.0,2,4.0,Very High,2023-07-24
5405,41,Female,Sales,SAL-03,Sales Rep,2,High School,4670,6547,26,209,6,2,0,3 - High,3,Yes,Yes,3.0,20.0,0,3.0,Medium,12/31/2024
5406,32,Male,Engineering,ENG-02,Frontend Developer,1,Master's,6193,7708,36,284,3,1,1,3 - High,2,No,Yes,8.0,18.0,0,4.0,High,06/25/2023
5407,42,Female,Sales,SAL-03,Senior Sales Rep,3,Bachelor's,7436,8514,43,338,14,14,13,4 - Very High,4,No,No,13.0,21.0,0,4.0,Very High,05/26/2011
5408,22,Male,Operations,OPS-06,Process Engineer,1,Master's,5359,7314,32,260,0,0,0,2 - Medium,3,Yes,Yes,5.0,12.0,0,3.0,High,12/19/2024
5409,25,Male,Finance,FIN-05,Senior Accountant,3,PhD,8206,9713,47,370,3,0,0,4 - Very High,3,No,No,6.0,24.0,0,2.0,Medium,2024-08-25
5410,28,Male,Operations,OPS-06,Logistics Coordinator,1,Bachelor's,4846,5817,28,227,5,5,1,3 - High,4,No,No,12.0,29.0,1,4.0,Very High,2023-10-02
5411,29,Non-Binary,Engineering,ENG-02,Senior Engineer,4,Bachelor's,12031,13510,68,546,5,4,3,3 - High,4,No,No,14.0,10.0,0,3.0,very high,2021-07-20
5412,47,Female,Marketing,MKT-04,Content Strategist,4,Bachelor's,8573,11704,48,384,21,18,9,3 - High,4,No,No,2.0,42.0,1,3.0,High,2015-06-28
5413,39,Female,Engineering,ENG-02,ML Engineer,4,High School,10251,12371,59,477,1,0,0,4 - Very High,2,No,No,8.0,38.0,0,3.0,High,2024-02-21
5414,50,Female,Engineering,ENG-02,DevOps Engineer,1,High School,5874,6430,35,283,21,19,12,4 - Very High,4,No,no,9.0,34.0,1,4.0,High,02/27/2012
5415,21,Female,Sales,SAL-03,Business Development Rep,1,Master's,5580,6306,33,268,7,5,0,3 - High,2,No,No,9.0,22.0,0,2.0,Very High,04/16/2024
5416,21,Non-Binary,Engineering,ENG-02,Staff Engineer,3,Master's,11781,15324,67,551,1,0,0,3 - High,3,No,No,12.0,35.0,0,5.0,Very High,2024-09-07
5417,47,Female,Engineering,ENG-02,DevOps Engineer,1,High School,6262,8096,36,291,11,4,4,4 - Very High,3,No,No,12.0,14.0,1,4.0,Very High,2020-11-28
5418,33,Male,Operations,OPS-06,Supply Chain Analyst,3,High School,5724,7509,33,260,3,2,2,3 - High,4,No,Yes,8.0,33.0,2,3.0,Medium,2022-04-18
5419,29,Male,Operations,OPS-06,Supply Chain Analyst,2,Bachelor's,5436,6400,31,255,0,0,0,3 - High,2,No,No,15.0,36.0,1,2.0,High,12/15/2024
5420,30,Male,Engineering,ENG-02,Software Engineer,2,Master's,7400,9195,44,350,3,3,2,4 - Very High,4,No,No,11.0,42.0,3,3.0,High,2022-07-03
5421,32,Male,Engineering,ENG-02,Staff Engineer,5,High School,15662,18788,90,714,5,5,2,3 - High,4,No,No,8.0,21.0,0,2.0,Medium,2022-05-14
5422,24,Female,Operations,OPS-06,Operations Manager,3,Master's,7972,9846,47,369,5,0,0,4 - Very High,1,No,No,4.0,22.0,0,5.0,Very High,2024-09-04
5423,44,Female,Operations,OPS-06,Facilities Manager,2,Bachelor's,5304,6392,30,238,9,8,1,3 - High,3,Yes,No,16.0,23.0,0,3.0,Very High,2023-05-16
5424,35,Non-Binary,Sales,SAL-03,Account Executive,2,Bachelor's,7010,8092,40,319,4,2,0,2 - Medium,4,No,No,2.0,21.0,1,3.0,Medium,2024-06-13
5425,47,Male,Sales,SAL-03,Sales Director,5,Bachelor's,13589,17866,77,609,10,0,0,3 - High,4,No,Yes,14.0,30.0,1,5.0,Medium,10/19/2024
5426,27,Male,Engineering,ENG-02,Senior Engineer,4,Bachelor's,12447,16132,71,570,6,6,3,3 - High,4,No,No,17.0,31.0,1,,Very High,2021-12-07
5427,38,Male,Engineering,ENG-02,Frontend Developer,1,Bachelor's,5516,6592,31,245,24,23,0,3 - High,4,No,No,4.0,20.0,0,4.0,Very High,2024-08-09
5428,34,Male,Engineering,ENG-02,DevOps Engineer,1,Master's,6506,8425,36,292,6,0,0,2 - Medium,2,No,No,9.0,28.0,1,3.0,Very High,2024-04-19
5429,40,Female,Engineering,ENG-02,Senior Engineer,2,Bachelor's,7942,9448,45,368,11,8,0,2 - Medium,4,No,No,12.0,29.0,0,5.0,Very High,2024-06-20
5430,31,Male,Engineering,ENG-02,Data Engineer,1,High School,5913,7675,34,269,9,9,9,1 - Low,2,Yes,No,13.0,16.0,0,1.0,High,2015-12-17
5431,21,Female,Sales,SAL-03,Business Development Rep,2,High School,5167,6847,31,246,2,0,0,3 - High,3,No,No,10.0,19.0,2,3.0,Medium,2024-05-02
5432,26,Female,Engineering,ENG-02,DevOps Engineer,1,High School,5208,6640,31,250,0,0,0,2 - Medium,4,No,Yes,4.0,25.0,2,4.0,Very High,12/23/2024
5433,27,Female,Engineering,ENG-02,Senior Engineer,4,Bachelor's,11528,15148,66,520,0,0,0,3 - High,3,No,Yes,9.0,33.0,0,2.0,Medium,08/11/2024
5434,56,Female,Sales,SAL-03,Sales Rep,2,PhD,6579,8400,39,310,28,27,4,3 - High,4,No,No,11.0,25.0,0,3.0,Medium,2020-08-22
5435,47,Female,Marketing,MKT-04,Marketing Analyst,1,Bachelor's,5690,6442,32,255,12,10,6,4 - Very High,4,No,No,12.0,14.0,0,,Very High,2018-09-29
5436,52,Male,Human Resources,HR-01,HR Manager,3,Bachelor's,8096,9179,47,372,20,3,3,2 - Medium,2,No,No,6.0,24.0,1,5.0,High,2021-06-30
5437,26,Male,Operations,OPS-06,Supply Chain Analyst,4,Master's,7843,10282,45,367,4,4,3,4 - Very High,3,No,Yes,11.0,28.0,0,,Medium,2021-05-27
5438,33,Male,Sales,SAL-03,Sales Director,3,High School,9145,10821,54,438,6,0,0,3 - High,2,No,No,5.0,26.0,2,3.0,High,
5439,27,Male,Marketing,MKT-04,Marketing Analyst,3,Bachelor's,6315,7978,36,284,3,1,1,4 - Very High,4,No,No,3.0,31.0,3,5.0,Very High,07/10/2023
5440,40,Female,Operations,OPS-06,Logistics Coordinator,2,Master's,6004,7154,35,278,3,1,1,4 - Very High,3,No,No,6.0,29.0,0,4.0,Very High,2023-12-10
5441,26,Male,Marketing,MKT-04,Marketing Manager,3,Master's,8721,9975,50,406,1,1,0,4 - Very High,4,No,No,15.0,34.0,1,,High,04/27/2024
5442,41,Male,Engineering,ENG-02,Data Engineer,3,Bachelor's,9913,11446,57,467,15,11,3,4 - Very High,3,No,No,2.0,31.0,0,4.0,Very High,2021-11-13
5443,34,Female,Engineering,ENG-02,Data Engineer,4,PhD,13522,15826,76,623,3,3,1,1 - Low,4,No,Yes,19.0,30.0,3,3.0,Medium,2023-11-23
5444,33,Female,Marketing,MKT-04,Digital Marketing Lead,2,Bachelor's,5928,6782,34,279,1,1,0,4 - Very High,4,No,No,18.0,28.0,2,2.0,High,11/29/2024
5445,29,Male,Human Resources,HR-01,HR Coordinator,3,Bachelor's,6340,8273,36,283,0,0,0,2 - Medium,3,No,No,13.0,37.0,0,3.0,Medium,07/10/2024
5446,31,Female,Sales,SAL-03,Business Development Rep,3,High School,7264,9528,41,328,3,2,1,2 - Medium,2,No,No,10.0,26.0,0,3.0,Very High,2023-03-11
5447,35,Male,Engineering,ENG-02,Frontend Developer,1,High School,4745,6484,27,218,3,2,2,2 - Medium,2,No,No,3.0,7.0,0,3.0,High,2022-04-03
5448,38,Male,Engineering,ENG-02,Software Engineer,3,Bachelor's,7924,10672,46,368,13,9,5,4 - Very High,3,No,No,6.0,19.0,1,5.0,Very High,2019-03-15
5449,41,Female,Finance,FIN-05,Financial Analyst,3,Master's,7855,10553,45,362,6,5,0,3 - High,3,No,No,3.0,20.0,0,2.0,Very High,2024-01-19
5450,27,Female,Human Resources,HR-01,HR Director,3,Bachelor's,6450,8685,37,291,4,2,1,2 - Medium,2,No,Yes,10.0,29.0,2,,Medium,2023-06-13
5451,36,Male,Sales,SAL-03,Sales Rep,2,High School,5967,8362,35,287,5,1,1,3 - High,4,No,No,7.0,27.0,1,3.0,Very High,2023-12-01
5452,40,Male,Operations,OPS-06,Facilities Manager,2,Master's,5754,6489,34,271,8,5,4,2 - Medium,3,No,No,6.0,25.0,2,2.0,Medium,12/21/2020
5453,21,Female,Finance,FIN-05,Tax Specialist,2,High School,5245,6505,29,230,6,4,3,3 - High,2,No,No,5.0,25.0,0,3.0,High,2021-02-15
5454,31,Female,Operations,OPS-06,Facilities Manager,3,Master's,8107,10400,48,389,9,9,4,4 - Very High,4,No,No,3.0,19.0,0,4.0,High,2020-09-23
5455,35,Female,Engineering,ENG-02,Senior Engineer,5,Master's,16390,20972,94,770,7,0,0,4 - Very High,2,No,Yes,21.0,31.0,1,3.0,High,2024-07-09
5456,30,Female,Engineering,ENG-02,Data Engineer,4,Bachelor's,9930,12186,56,447,4,4,4,2 - Medium,3,No,Yes,30.0,32.0,0,3.0,Low,2020-11-10
5457,21,Female,Marketing,MKT-04,Digital Marketing Lead,1,Bachelor's,4807,6387,27,215,0,0,0,1 - Low,2,No,Yes,4.0,22.0,0,3.0,High,10/09/2024
5458,36,Female,Engineering,ENG-02,QA Engineer,1,Bachelor's,5021,6887,29,229,11,8,6,4 - Very High,3,No,No,10.0,17.0,0,4.0,Very High,09/11/2018
5459,46,Female,Engineering,ENG-02,Senior Engineer,2,Bachelor's,9541,11813,56,460,17,7,0,4 - Very High,3,No,No,14.0,19.0,0,3.0,High,07/08/2024
5460,23,Male,Human Resources,HR-01,HR Analyst,2,Master's,4823,6542,29,239,3,1,0,4 - Very High,3,No,No,5.0,21.0,0,3.0,High,07/14/2024
5461,46,Male,Engineering,ENG-02,Engineering Manager,1,High School,6762,7856,40,317,10,7,3,4 - Very High,4,No,No,3.0,13.0,2,4.0,Very High,2021-11-28
5462,41,Male,Marketing,MKT-04,Marketing Manager,2,Bachelor's,6880,9166,39,310,7,5,0,2 - Medium,2,No,No,11.0,16.0,5,2.0,High,2024-05-05
5463,34,Non-Binary,Operations,OPS-06,Operations Manager,4,High School,7216,9094,41,322,0,0,0,3 - High,4,Yes,No,13.0,21.0,2,4.0,Very High,2024-08-07
5464,32,Female,Sales,SAL-03,Sales Rep,1,Bachelor's,4439,5154,26,212,7,3,0,3 - High,3,No,No,8.0,25.0,1,1.0,High,03/08/2024
5465,26,Male,Sales,SAL-03,Sales Rep,2,Master's,5580,7419,32,253,1,0,0,3 - High,2,No,No,26.0,30.0,0,1.0,Medium,12/13/2024
5466,32,Female,Sales,SAL-03,Sales Manager,3,Bachelor's,8229,11058,49,388,5,1,1,4 - Very High,4,No,No,11.0,42.0,1,5.0,High,2023-03-14
5467,31,Male,Sales,SAL-03,Regional Sales Lead,2,Bachelor's,6669,9087,38,303,5,1,1,4 - Very High,4,No,No,7.0,31.0,2,2.0,High,01/31/2023
5468,28,Male,Human Resources,HR-01,Benefits Specialist,3,Master's,7193,8608,41,322,0,0,0,1 - Low,4,No,No,10.0,6.0,1,2.0,Very High,05/23/2024
5469,28,Non-Binary,Finance,FIN-05,Finance Manager,4,Bachelor's,10879,14838,65,531,6,0,0,3 - High,4,No,No,12.0,24.0,0,3.0,Medium,2024-11-09
5470,33,Female,Sales,SAL-03,Sales Director,2,High School,7372,9076,42,345,7,7,0,3 - High,2,Yes,Yes,9.0,26.0,1,3.0,Medium,09/12/2024
5471,38,Male,Human Resources,HR-01,HR Manager,4,Bachelor's,10039,12307,57,457,7,5,4,3 - High,2,No,No,9.0,28.0,0,2.0,Medium,06/28/2020
5472,38,Male,Sales,SAL-03,Account Executive,3,Master's,8006,9238,47,377,0,0,0,4 - Very High,4,No,No,5.0,16.0,0,3.0,Very High,2025-03-21
5473,32,Male,Marketing,MKT-04,Brand Manager,3,Master's,9024,11238,53,419,5,0,0,3 - High,3,No,No,9.0,29.0,0,2.0,Medium,2024-06-26
5474,36,Female,Operations,OPS-06,Operations Analyst,4,Bachelor's,8025,10009,45,371,7,3,0,3 - High,4,No,No,4.0,34.0,0,2.0,High,02/15/2024
5475,27,Female,Sales,SAL-03,Senior Sales Rep,1,High School,4997,6553,29,229,2,0,0,1 - Low,4,No,Yes,8.0,26.0,2,2.0,High,04/12/2024
5476,26,Male,Sales,SAL-03,Business Development Rep,2,Bachelor's,5825,7524,33,270,6,0,0,3 - High,4,No,Yes,12.0,34.0,1,3.0,Low,2024-12-01
5477,23,Male,Engineering,ENG-02,DevOps Engineer,2,Master's,7873,10023,46,374,2,2,1,4 - Very High,3,No,No,23.0,20.0,0,2.0,Medium,2023-09-14
5478,23,Male,Engineering,ENG-02,Staff Engineer,2,Master's,7779,10552,45,364,7,1,1,4 - Very High,3,No,No,7.0,22.0,0,4.0,Very High,2023-04-20
5479,26,Male,Finance,FIN-05,Auditor,3,Master's,7823,9872,45,359,0,0,0,2 - Medium,4,No,Yes,11.0,30.0,1,3.0,Low,12/15/2024
5480,37,Female,Engineering,ENG-02,Data Engineer,1,Bachelor's,5968,7063,34,273,9,9,8,4 - Very High,3,No,No,2.0,13.0,2,4.0,Very High,04/11/2016
5481,30,Male,Sales,SAL-03,Regional Sales Lead,4,Master's,9730,12625,56,459,0,0,0,4 - Very High,4,Yes,No,4.0,40.0,5,4.0,High,2025-02-13
5482,42,Female,Sales,SAL-03,Business Development Rep,1,Bachelor's,4950,6286,28,220,8,8,2,1 - Low,2,No,No,10.0,10.0,0,,Very High,10/16/2022
5483,31,Female,Human Resources,HR-01,HR Manager,5,Master's,12210,15402,73,577,10,5,4,3 - High,4,No,No,12.0,35.0,2,3.0,Very High,2020-05-06
5484,50,Female,Finance,FIN-05,Auditor,5,High School,13223,15753,78,633,14,0,0,3 - High,4,No,No,5.0,43.0,1,4.0,Very High,2024-10-11
5485,40,Male,Engineering,ENG-02,Data Engineer,4,Bachelor's,10604,14117,61,500,11,2,0,3 - High,3,Yes,No,5.0,16.0,1,3.0,Very High,2024-11-17
5486,30,Male,Human Resources,HR-01,HR Director,3,High School,6590,8325,38,300,1,1,0,3 - High,2,No,No,9.0,22.0,3,4.0,Very High,2024-08-01
5487,38,Female,Sales,SAL-03,Sales Rep,2,High School,5479,7315,32,251,0,0,0,3 - High,4,No,No,4.0,21.0,2,3.0,Medium,2024-09-02
5488,29,Male,Finance,FIN-05,Finance Manager,2,Master's,7600,8834,44,350,2,2,2,3 - High,3,No,No,3.0,17.0,1,,Medium,03/14/2023
5489,25,Male,Marketing,MKT-04,Digital Marketing Lead,1,High School,4409,5310,25,201,5,3,2,4 - Very High,3,No,No,4.0,28.0,1,4.0,Very High,2022-10-03
5490,31,Male,Engineering,ENG-02,QA Engineer,3,Master's,9019,10736,51,413,9,8,7,3 - High,4,No,No,13.0,29.0,1,4.0,Very High,2017-03-11
5491,21,Female,Operations,OPS-06,Operations Analyst,2,Bachelor's,5326,6231,31,245,0,0,0,4 - Very High,3,No,No,15.0,28.0,0,3.0,Very High,2024-11-18
5492,50,Female,Engineering,ENG-02,Software Engineer,2,High School,6194,7993,35,281,19,15,4,4 - Very High,4,No,No,11.0,17.0,1,4.0,High,2020-08-30
5493,21,Non-Binary,Sales,SAL-03,Business Development Rep,2,Bachelor's,4810,6333,28,222,0,0,0,4 - Very High,3,No,No,11.0,38.0,0,4.0,Very High,06/03/2024
5494,33,Male,Sales,SAL-03,Senior Sales Rep,2,Master's,7262,9639,42,336,7,1,1,2 - Medium,4,No,No,4.0,25.0,0,3.0,High,2023-12-22
5495,45,Female,Finance,FIN-05,Auditor,2,High School,5712,7426,32,251,12,9,8,1 - Low,3,No,Yes,14.0,34.0,2,3.0,High,09/24/2016
5496,26,Male,Engineering,ENG-02,QA Engineer,1,Master's,4752,6439,27,220,1,1,1,2 - Medium,4,No,No,5.0,17.0,0,4.0,Very High,01/03/2024
5497,26,Male,Operations,OPS-06,Operations Manager,5,High School,11399,15391,64,526,1,0,0,3 - High,3,No,No,3.0,38.0,0,3.0,High,2024-02-25
5498,27,Female,Sales,SAL-03,Sales Manager,3,Master's,8921,11224,52,413,6,2,0,4 - Very High,3,No,Yes,2.0,49.0,4,,High,07/07/2024
5499,26,Male,Sales,SAL-03,Sales Director,4,Bachelor's,10599,12075,60,488,0,0,0,3 - High,4,No,Yes,7.0,28.0,2,,High,2025-01-12
5500,30,Male,Human Resources,HR-01,HR Director,4,High School,8452,11635,50,403,5,4,1,4 - Very High,4,No,No,6.0,27.0,0,4.0,Very High,05/16/2023
5501,22,Female,Sales,SAL-03,Account Executive,2,Bachelor's,7194,8320,41,333,3,0,0,3 - High,4,No,No,7.0,32.0,1,3.0,Very High,05/27/2024
5502,40,Male,Engineering,ENG-02,QA Engineer,1,Bachelor's,5112,6068,29,238,13,3,0,4 - Very High,4,No,No,8.0,19.0,1,3.0,Medium,2024-05-23
5503,44,Male,Sales,SAL-03,Sales Rep,1,Bachelor's,4462,5403,26,209,12,9,2,3 - High,2,No,No,10.0,34.0,2,4.0,Very High,2022-11-09
5504,44,Male,Marketing,MKT-04,Marketing Manager,1,Master's,7118,8360,40,327,20,15,0,2 - Medium,3,No,Yes,6.0,19.0,3,3.0,High,2024-06-08
5505,31,Female,Engineering,ENG-02,DevOps Engineer,3,Bachelor's,9491,12721,54,440,0,0,0,2 - Medium,2,No,No,8.0,18.0,2,2.0,Medium,2024-05-08
5506,45,Male,Marketing,MKT-04,Digital Marketing Lead,4,Bachelor's,9969,11463,57,461,15,7,3,2 - Medium,4,No,No,12.0,26.0,0,3.0,High,2021-11-08
5507,43,Male,Marketing,MKT-04,Brand Manager,1,Bachelor's,5174,6079,30,243,4,4,0,4 - Very High,3,No,No,5.0,16.0,1,4.0,Very High,2024-08-17
5508,47,Male,Operations,OPS-06,Logistics Coordinator,4,High School,9099,11581,53,428,19,8,1,2 - Medium,4,No,No,8.0,33.0,0,1.0,High,2023-09-02
5509,25,Female,Finance,FIN-05,Finance Manager,3,High School,7084,9015,40,328,4,0,0,1 - Low,3,No,No,21.0,29.0,2,3.0,Very High,05/06/2024
5510,37,Female,Operations,OPS-06,Facilities Manager,5,High School,10916,14754,61,498,4,0,0,2 - Medium,3,No,No,4.0,23.0,0,2.0,High,2024-03-31
5511,29,Male,Operations,OPS-06,Operations Manager,5,Master's,12829,15482,72,570,0,0,0,4 - Very High,4,No,No,,34.0,1,4.0,Very High,2024-10-18
5512,38,Female,Sales,SAL-03,Regional Sales Lead,5,Bachelor's,12379,14622,73,599,16,1,0,3 - High,3,No,Yes,8.0,32.0,4,3.0,Low,06/09/2024
5513,28,Female,Human Resources,HR-01,HR Coordinator,3,Bachelor's,5973,6759,34,275,1,0,0,4 - Very High,3,No,No,6.0,36.0,5,2.0,Medium,2024-03-31
5514,28,Male,Operations,OPS-06,Logistics Coordinator,1,High School,4307,5467,26,212,1,0,0,3 - High,2,No,Yes,21.0,26.0,2,4.0,Medium,2024-01-20
5515,23,Non-Binary,Engineering,ENG-02,Backend Developer,2,Master's,7378,8559,42,338,0,0,0,3 - High,2,Yes,No,12.0,32.0,0,5.0,Very High,01/23/2025
5516,44,Female,Sales,SAL-03,Regional Sales Lead,5,Master's,13370,14978,76,617,2,0,0,3 - High,4,No,No,7.0,41.0,0,2.0,High,2024-01-13
5517,36,Female,Operations,OPS-06,Facilities Manager,2,PhD,6698,8997,38,311,2,0,0,4 - Very High,3,No,Yes,6.0,17.0,4,5.0,Medium,2024-12-24
5518,48,Male,Engineering,ENG-02,Staff Engineer,3,Bachelor's,11168,12411,64,523,27,11,0,3 - High,2,No,Yes,5.0,23.0,1,,Medium,2024-12-08
5519,30,Male,Marketing,MKT-04,SEO Specialist,4,PhD,10650,13259,63,500,5,1,0,2 - Medium,3,No,No,6.0,38.0,0,2.0,High,2024-07-14
5520,35,Female,Marketing,MKT-04,Marketing Manager,3,Master's,8560,11521,49,402,2,0,0,1 - Low,3,No,No,8.0,31.0,4,3.0,High,2024-09-17
5521,41,Male,Engineering,ENG-02,Software Engineer,1,Bachelor's,5350,6495,30,246,11,6,2,4 - Very High,3,No,No,5.0,9.0,0,1.0,Very High,2022-03-09
5522,60,Male,Sales,SAL-03,Sales Director,4,Master's,14147,16296,80,651,30,2,1,2 - Medium,2,Yes,No,4.0,36.0,1,2.0,Very High,2023-11-23
5523,37,Male,Human Resources,HR-01,HR Analyst,1,Bachelor's,4766,6559,27,212,13,4,1,2 - Medium,2,No,No,9.0,10.0,1,4.0,Very High,2023-04-10
5524,21,Male,Sales,SAL-03,Regional Sales Lead,2,Bachelor's,5747,7972,33,265,1,1,1,4 - Very High,3,No,Yes,5.0,13.0,1,3.0,Medium,03/02/2024
5525,21,Female,Sales,SAL-03,Sales Director,5,Bachelor's,12214,14586,72,566,0,0,0,3 - High,3,No,Yes,15.0,17.0,1,,Low,2024-07-10
5526,30,Male,Finance,FIN-05,Tax Specialist,3,Master's,8799,9780,52,410,6,3,1,3 - High,4,No,No,15.0,20.0,0,1.0,Medium,10/28/2023
5527,23,Male,Sales,SAL-03,Sales Rep,2,High School,4874,6001,29,229,1,0,0,2 - Medium,4,No,No,10.0,17.0,0,4.0,High,2024-09-10
5528,26,Female,Engineering,ENG-02,Software Engineer,2,Bachelor's,7381,8660,41,323,2,2,0,3 - High,3,No,Yes,6.0,46.0,0,5.0,High,2024-03-10
5529,50,Male,Sales,SAL-03,Senior Sales Rep,1,Master's,5711,7432,34,276,15,12,4,1 - Low,2,No,Yes,4.0,23.0,2,,High,2020-07-17
5530,41,Male,Finance,FIN-05,Controller,1,Master's,7582,8658,43,341,14,9,2,4 - Very High,3,No,No,12.0,8.0,0,3.0,High,2022-05-19
5531,49,Female,Finance,FIN-05,Finance Manager,3,Bachelor's,8024,9979,45,357,15,10,1,2 - Medium,3,No,Yes,14.0,30.0,4,2.0,Medium,2023-12-05
5532,33,Male,Human Resources,HR-01,Recruiter,3,Bachelor's,6187,8398,36,295,6,0,0,3 - High,4,No,No,9.0,30.0,0,4.0,Very High,2024-12-13
5533,21,Female,Finance,FIN-05,Controller,1,High School,5195,6657,30,239,1,0,0,3 - High,2,No,No,4.0,16.0,0,2.0,High,2024-05-29
5534,25,Male,Marketing,MKT-04,Content Strategist,1,Master's,5486,6582,31,253,4,0,0,4 - Very High,3,No,No,6.0,21.0,0,4.0,Very High,
5535,29,Female,Marketing,MKT-04,SEO Specialist,2,Bachelor's,5501,7300,32,254,1,0,0,4 - Very High,3,No,No,7.0,16.0,0,3.0,Very High,04/25/2024
5536,35,Male,Sales,SAL-03,Regional Sales Lead,3,Bachelor's,8647,11269,49,386,12,11,6,3 - High,4,No,No,19.0,30.0,2,3.0,Very High,07/17/2018
5537,37,Male,Operations,OPS-06,Facilities Manager,3,Bachelor's,6581,7891,37,292,8,5,4,4 - Very High,4,No,No,11.0,26.0,0,5.0,Very High,03/14/2020
5538,27,Female,Engineering,ENG-02,ML Engineer,2,PhD,9636,11503,55,447,4,4,1,4 - Very High,2,No,No,9.0,22.0,1,3.0,Very High,2023-04-20
5539,25,Male,Marketing,MKT-04,Growth Analyst,3,Master's,8374,10614,50,394,4,4,2,4 - Very High,3,No,No,3.0,39.0,1,3.0,High,2022-12-12
5540,26,Female,Finance,FIN-05,Controller,1,Bachelor's,4613,5659,26,205,0,0,0,3 - High,4,No,No,11.0,21.0,1,3.0,Very High,11/01/2024
5541,49,Male,Engineering,ENG-02,Frontend Developer,2,Master's,8052,10173,46,363,18,1,1,4 - Very High,3,No,No,8.0,16.0,0,4.0,Very High,2023-03-09
5542,21,Male,Sales,SAL-03,Regional Sales Lead,3,PhD,8420,11268,48,392,2,0,0,4 - Very High,3,No,No,7.0,30.0,2,4.0,Very High,06/26/2024
5543,24,Male,Sales,SAL-03,Sales Manager,4,Bachelor's,9101,11112,52,416,0,0,0,4 - Very High,4,No,No,13.0,39.0,1,3.0,Medium,2024-07-29
5544,37,Female,Engineering,ENG-02,Software Engineer,1,PhD,7100,8501,41,330,1,0,0,3 - High,4,No,No,,17.0,0,5.0,Very High,11/13/2024
5545,34,Female,Marketing,MKT-04,Brand Manager,3,PhD,9291,11694,55,443,1,1,1,3 - High,3,No,No,8.0,24.0,3,3.0,High,11/21/2023
5546,48,Female,Finance,FIN-05,Controller,3,Bachelor's,9229,11010,54,430,16,6,5,2 - Medium,3,No,No,8.0,35.0,0,2.0,Very High,2019-12-09
5547,22,Male,Engineering,ENG-02,Data Engineer,1,Master's,6443,7406,36,288,0,0,0,4 - Very High,4,No,No,5.0,0.0,0,5.0,Very High,2024-07-18
5548,23,Female,Engineering,ENG-02,Senior Engineer,2,High School,7757,8839,45,355,2,0,0,4 - Very High,3,No,No,5.0,29.0,3,4.0,Very High,04/12/2024
5549,34,Female,Sales,SAL-03,Business Development Rep,1,Master's,4383,6112,26,213,2,2,1,4 - Very High,2,No,Yes,13.0,26.0,3,3.0,Medium,2023-12-23
5550,27,Male,Operations,OPS-06,Supply Chain Analyst,1,Bachelor's,4357,5642,25,197,0,0,0,4 - Very High,2,No,No,10.0,11.0,2,3.0,High,09/01/2024
5551,38,Male,Operations,OPS-06,Logistics Coordinator,3,High School,6746,7990,39,318,6,4,3,2 - Medium,2,No,No,11.0,25.0,2,3.0,High,2021-08-29
5552,31,Female,Marketing,MKT-04,Growth Analyst,1,Master's,5208,6804,30,245,3,2,2,3 - High,3,No,Yes,5.0,18.0,0,5.0,High,01/09/2022
5553,31,Male,Finance,FIN-05,Senior Accountant,4,Bachelor's,9060,12292,54,434,0,0,0,2 - Medium,3,No,Yes,9.0,26.0,2,5.0,High,2024-12-26
5554,25,Female,Engineering,ENG-02,Backend Developer,1,Master's,6627,8730,38,312,1,1,1,4 - Very High,3,No,No,7.0,24.0,3,3.0,Medium,2023-10-10
5555,35,Male,Sales,SAL-03,Senior Sales Rep,2,Master's,6310,7800,37,298,4,0,0,2 - Medium,2,No,Yes,4.0,35.0,0,,High,02/03/2024
5556,21,Female,Sales,SAL-03,Account Executive,1,Bachelor's,5460,6594,31,243,1,1,1,3 - High,3,No,Yes,7.0,15.0,0,3.0,Medium,2023-12-15
5557,32,Female,Finance,FIN-05,Tax Specialist,2,Master's,6324,7893,37,295,2,0,0,4 - Very High,3,No,No,8.0,31.0,2,,Very High,2024-07-02
5558,27,Male,Operations,OPS-06,Logistics Coordinator,1,High School,4199,5317,24,191,4,1,0,2 - Medium,3,No,No,15.0,22.0,0,2.0,High,02/20/2024
5559,39,Female,Engineering,ENG-02,Backend Developer,1,Bachelor's,6157,7135,35,286,7,2,0,4 - Very High,3,No,Yes,5.0,29.0,0,3.0,Medium,2024-10-29
5560,29,Female,Human Resources,HR-01,HR Manager,1,Bachelor's,4701,6249,27,215,1,0,0,3 - High,2,No,No,10.0,23.0,0,5.0,High,2024-07-09
5561,28,Male,Operations,OPS-06,Logistics Coordinator,3,High School,5015,6101,30,240,1,1,1,4 - Very High,4,No,No,6.0,,1,3.0,Very High,04/20/2024
5562,37,Female,Engineering,ENG-02,Senior Engineer,4,High School,12658,14586,73,577,11,6,4,3 - High,2,No,No,7.0,22.0,0,3.0,Very High,2020-03-21
5563,23,Male,Human Resources,HR-01,HR Manager,5,Bachelor's,11759,13147,66,533,1,0,0,3 - High,4,No,No,9.0,32.0,1,4.0,Very High,2024-08-07
5564,43,Female,Sales,SAL-03,Account Executive,4,Bachelor's,11772,13937,68,556,15,5,5,3 - High,4,No,No,9.0,32.0,0,4.0,Very High,2019-05-30
5565,28,Female,Sales,SAL-03,Account Executive,4,Master's,10176,13419,57,451,6,6,2,2 - Medium,4,No,No,9.0,27.0,2,4.0,Very High,07/31/2022
5566,46,Female,Marketing,MKT-04,Digital Marketing Lead,3,Bachelor's,7285,8695,43,344,10,5,2,4 - Very High,3,No,No,10.0,16.0,2,4.0,Very High,2022-03-04
5567,25,Male,Finance,FIN-05,Senior Accountant,3,Master's,9089,12212,53,431,2,1,0,4 - Very High,3,No,No,10.0,22.0,1,4.0,High,2024-03-25
5568,41,Female,Finance,FIN-05,Tax Specialist,3,Bachelor's,8984,11944,52,418,17,1,0,1 - Low,4,No,No,4.0,23.0,0,3.0,Medium,10/24/2024
5569,31,Male,Engineering,ENG-02,Senior Engineer,3,Master's,10222,12385,60,471,8,2,2,4 - Very High,2,No,No,9.0,27.0,0,4.0,High,2022-10-31
5570,32,Female,Operations,OPS-06,Operations Analyst,3,Bachelor's,6897,8652,39,319,4,1,1,4 - Very High,3,No,No,8.0,40.0,0,,High,2023-10-21
5571,24,Male,Engineering,ENG-02,Senior Engineer,2,Master's,8617,10896,48,377,2,2,0,2 - Medium,3,No,No,5.0,31.0,0,3.0,Very High,11/13/2024
5572,40,Female,Marketing,MKT-04,Content Strategist,2,Bachelor's,6306,8499,37,299,13,1,0,4 - Very High,3,No,No,4.0,12.0,0,4.0,Very High,07/24/2024
5573,39,Male,Sales,SAL-03,Sales Manager,3,PhD,9220,11979,52,409,7,5,2,3 - High,3,No,No,15.0,22.0,0,3.0,High,10/22/2022
5574,32,Female,Operations,OPS-06,Supply Chain Analyst,2,Bachelor's,5112,6857,29,228,10,3,0,3 - High,1,No,Yes,6.0,29.0,0,2.0,Medium,2024-07-29
5575,26,Male,Engineering,ENG-02,Engineering Manager,4,Bachelor's,9898,12984,55,451,1,0,0,3 - High,2,No,Yes,13.0,18.0,0,,high,2024-06-06
5576,30,Female,Marketing,MKT-04,SEO Specialist,3,Master's,7154,9932,42,346,6,0,0,3 - High,3,No,Yes,7.0,28.0,1,3.0,Low,2024-06-16
5577,38,Male,Marketing,MKT-04,Brand Manager,2,High School,5789,7687,33,262,11,9,6,2 - Medium,3,Yes,Yes,7.0,25.0,2,1.0,Medium,2018-02-22
5578,26,Female,Engineering,ENG-02,DevOps Engineer,4,High School,10263,12654,60,489,1,0,0,2 - Medium,2,No,No,38.0,28.0,0,3.0,High,2024-04-02
5579,27,Female,Marketing,MKT-04,Digital Marketing Lead,4,Bachelor's,10218,11704,59,483,3,1,0,4 - Very High,4,No,No,4.0,29.0,2,2.0,Very High,12/30/2024
5580,21,Female,Engineering,ENG-02,Frontend Developer,3,Master's,7905,10105,45,368,1,1,0,3 - High,3,No,Yes,5.0,28.0,0,4.0,High,2024-12-11
5581,30,Male,Engineering,ENG-02,DevOps Engineer,3,Bachelor's,9892,11178,58,456,0,0,0,2 - Medium,2,No,No,9.0,19.0,2,1.0,Medium,
5582,46,Male,Sales,SAL-03,Regional Sales Lead,2,Master's,7399,8446,44,350,19,8,8,4 - Very High,2,No,No,11.0,31.0,0,4.0,Very High,2016-03-08
5583,31,Female,Engineering,ENG-02,Senior Engineer,2,Bachelor's,7792,9260,44,362,9,4,3,4 - Very High,3,No,No,6.0,17.0,0,5.0,Very High,2021-06-09
5584,29,Male,Operations,OPS-06,Operations Manager,1,Bachelor's,5155,6973,29,229,9,5,3,4 - Very High,4,No,No,24.0,25.0,1,3.0,High,2021-08-21
5585,35,Female,Engineering,ENG-02,DevOps Engineer,2,Bachelor's,8512,9337,49,385,5,0,0,2 - Medium,1,Yes,Yes,6.0,16.0,2,3.0,Medium,04/12/2024
5586,50,Female,Operations,OPS-06,Supply Chain Analyst,1,Bachelor's,4792,6417,28,220,19,4,3,4 - Very High,3,No,No,7.0,27.0,0,,High,2021-01-07
5587,39,Non-Binary,Marketing,MKT-04,SEO Specialist,3,High School,6201,7004,37,300,4,4,0,3 - High,1,No,Yes,17.0,14.0,1,2.0,Low,2024-10-21
5588,36,Male,Finance,FIN-05,Tax Specialist,1,Master's,5828,7473,34,269,8,1,0,3 - High,3,No,No,7.0,18.0,1,4.0,High,08/15/2024
5589,55,Female,Marketing,MKT-04,Brand Manager,1,Bachelor's,6366,7756,36,295,14,3,3,3 - High,3,No,No,9.0,26.0,3,3.0,High,08/12/2021
5590,32,Female,Finance,FIN-05,Finance Manager,4,Master's,11724,15348,67,528,7,3,1,3 - High,4,No,No,6.0,24.0,3,,Medium,2023-07-28
5591,21,Female,Engineering,ENG-02,QA Engineer,3,High School,6730,8883,40,329,5,2,1,3 - High,3,No,Yes,8.0,35.0,1,4.0,High,2023-10-14
5592,35,Male,Operations,OPS-06,Supply Chain Analyst,4,Master's,8136,9397,48,379,3,0,0,2 - Medium,1,No,Yes,13.0,20.0,1,4.0,Medium,02/03/2024
5593,40,Female,Operations,OPS-06,Operations Analyst,2,Master's,5450,7247,31,246,11,0,0,4 - Very High,4,No,No,33.0,18.0,0,4.0,High,08/03/2024
5594,40,Female,Finance,FIN-05,Finance Manager,2,High School,6276,7747,36,294,5,5,5,4 - Very High,3,No,Yes,9.0,25.0,4,4.0,Medium,11/05/2019
5595,34,Non-Binary,Marketing,MKT-04,Growth Analyst,1,Bachelor's,4444,6043,26,206,0,0,0,3 - High,2,No,No,3.0,21.0,1,2.0,High,2024-05-29
5596,31,Male,Engineering,ENG-02,Frontend Developer,1,Master's,5533,6682,33,269,2,1,0,2 - Medium,4,Yes,Yes,23.0,31.0,1,2.0,High,2024-02-05
5597,28,Non-Binary,Marketing,MKT-04,Digital Marketing Lead,2,Master's,6715,7769,39,317,1,0,0,4 - Very High,4,No,No,4.0,24.0,0,4.0,High,2024-05-10
5598,49,Female,Engineering,ENG-02,Staff Engineer,2,Bachelor's,8252,9948,48,387,15,12,1,4 - Very High,3,No,No,5.0,16.0,1,5.0,Very High,2023-03-17
5599,29,Female,Sales,SAL-03,Senior Sales Rep,2,Bachelor's,6571,7511,38,306,1,1,0,3 - High,3,No,No,6.0,47.0,0,4.0,Very High,2024-03-23
5600,28,Male,Sales,SAL-03,Sales Manager,2,Bachelor's,7014,8592,40,322,8,7,3,4 - Very High,3,No,No,4.0,27.0,0,4.0,Very High,2021-06-14
5601,25,Male,Finance,FIN-05,Finance Manager,1,Master's,5101,6988,30,237,1,1,0,4 - Very High,3,No,No,13.0,10.0,0,3.0,Very High,12/18/2024
5602,36,Male,Engineering,ENG-02,Staff Engineer,3,Master's,12321,15872,71,569,13,9,9,3 - High,4,No,No,11.0,26.0,0,5.0,Very High,2015-05-14
5603,32,Male,Operations,OPS-06,Supply Chain Analyst,4,Bachelor's,9079,11801,52,408,9,7,2,2 - Medium,2,No,Yes,13.0,36.0,0,3.0,Medium,07/15/2022
5604,34,Non-Binary,Marketing,MKT-04,SEO Specialist,3,High School,7076,8569,40,324,9,7,0,3 - High,4,No,No,18.0,35.0,5,2.0,High,2024-05-03
5605,34,Male,Human Resources,HR-01,HR Director,2,High School,4725,6182,28,228,0,0,0,3 - High,3,No,No,4.0,21.0,7,,High,2024-11-27
5606,30,Female,Engineering,ENG-02,QA Engineer,1,High School,4904,5932,28,227,0,0,0,4 - Very High,3,No,Yes,12.0,20.0,0,4.0,Medium,2024-10-31
5607,26,Male,Operations,OPS-06,Process Engineer,5,Bachelor's,9992,12270,57,464,5,2,2,4 - Very High,4,No,No,6.0,32.0,0,,Very High,2022-04-07
5608,25,Female,Sales,SAL-03,Sales Director,3,High School,7500,9434,43,346,3,2,1,3 - High,4,No,No,5.0,26.0,0,5.0,High,2023-01-16
5609,48,Male,Operations,OPS-06,Operations Analyst,1,Master's,5233,6926,31,251,18,10,7,4 - Very High,4,No,No,2.0,21.0,0,4.0,High,03/25/2017
5610,22,Male,Human Resources,HR-01,Recruiter,1,High School,3763,4838,21,170,3,0,0,4 - Very High,3,No,No,4.0,17.0,1,2.0,Very high,2024-01-17
5611,42,Male,Engineering,ENG-02,ML Engineer,4,Bachelor's,12519,16024,71,579,15,12,8,4 - Very High,3,No,No,5.0,28.0,0,4.0,Very High,07/23/2016
5612,51,Male,Operations,OPS-06,Process Engineer,2,Master's,7102,8741,41,328,16,8,7,3 - High,3,No,No,5.0,26.0,1,2.0,Medium,2017-01-18
5613,44,Female,Sales,SAL-03,Regional Sales Lead,2,Master's,7238,8267,43,352,2,2,2,4 - Very High,4,No,No,6.0,27.0,0,3.0,Medium,2022-07-27
5614,26,Female,Marketing,MKT-04,SEO Specialist,3,Bachelor's,5748,7397,33,260,0,0,0,3 - High,4,No,No ,5.0,30.0,1,3.0,High,2024-08-26
5615,35,Female,Finance,FIN-05,Finance Manager,1,Bachelor's,4910,5891,29,232,6,2,0,3 - High,4,No,No,50.0,37.0,1,3.0,High,2024-04-24
5616,38,Male,Finance,FIN-05,Controller,3,Bachelor's,9573,11472,56,460,13,10,6,2 - Medium,2,No,No,11.0,25.0,0,3.0,Very High,02/22/2018
5617,54,Female,Engineering,ENG-02,Senior Engineer,3,Bachelor's,10496,13488,61,496,20,10,1,4 - Very High,3,No,No,16.0,23.0,3,3.0,Medium,2023-06-01
5618,25,Male,Operations,OPS-06,Process Engineer,4,Master's,7841,9518,45,367,0,0,0,2 - Medium,3,No,Yes,21.0,24.0,0,4.0,High,2024-10-24
5619,45,Male,Sales,SAL-03,Account Executive,4,High School,10377,11532,59,471,7,2,2,4 - Very High,3,No,No,4.0,28.0,3,4.0,High,2022-02-14
5620,28,Male,Sales,SAL-03,Sales Manager,2,Bachelor's,6769,8914,39,309,0,0,0,4 - Very High,4,No,No,7.0,18.0,1,5.0,Very High,10/28/2024
5621,38,Male,Sales,SAL-03,Account Executive,1,Master's,6267,7201,37,299,4,2,2,3 - High,2,No,No,9.0,8.0,1,5.0,High,2022-02-09
5622,30,Female,Finance,FIN-05,Tax Specialist,3,High School,7231,8901,42,337,11,3,1,4 - Very High,4,No,No,10.0,,0,5.0,High,2023-02-15
5623,39,Male,Sales,SAL-03,Regional Sales Lead,3,Bachelor's,9777,11009,56,452,15,11,9,3 - High,3,No,Yes,5.0,29.0,0,3.0,High,2015-07-13
5624,37,Female,Operations,OPS-06,Process Engineer,3,Bachelor's,6979,7932,40,326,2,2,2,3 - High,3,No,No,6.0,34.0,3,3.0,High,03/29/2023
5625,27,Male,Sales,SAL-03,Account Executive,2,Bachelor's,6727,8204,39,314,1,0,0,3 - High,3,Yes,Yes,7.0,7.0,2,3.0,High,2024-11-01
5626,37,Male,Operations,OPS-06,Supply Chain Analyst,1,Master's,4784,6511,28,228,7,3,2,3 - High,2,No,No,7.0,17.0,2,5.0,Very High,2022-08-27
5627,40,Female,Sales,SAL-03,Sales Manager,3,Bachelor's,9199,11597,52,414,9,1,1,2 - Medium,4,No,Yes,5.0,29.0,2,3.0,Medium,2023-04-17
5628,50,Female,Operations,OPS-06,Operations Analyst,3,High School,6750,7832,38,301,22,14,1,4 - Very High,4,No,No,4.0,40.0,1,4.0,Very High,2023-10-02
5629,37,Female,Engineering,ENG-02,Data Engineer,5,Bachelor's,15680,17171,91,721,16,12,0,3 - High,2,Yes,Yes,9.0,25.0,1,3.0,Medium,2024-11-04
5630,46,Female,Operations,OPS-06,Process Engineer,2,Bachelor's,5740,7481,33,263,10,10,4,3 - High,2,No,No,14.0,18.0,2,,Medium,05/06/2020
5631,36,Female,Finance,FIN-05,Tax Specialist,1,Master's,4459,5507,25,199,1,0,0,4 - Very High,3,No,No,16.0,27.0,4,3.0,Medium,10/09/2024
5632,29,Female,Operations,OPS-06,Operations Manager,5,Bachelor's,12242,13852,71,565,5,3,3,2 - Medium,3,No,Yes,5.0,30.0,0,1.0,High,2021-11-02
5633,27,Female,Engineering,ENG-02,Backend Developer,1,Master's,5490,6163,32,260,0,0,0,3 - High,2,No,No,8.0,44.0,0,2.0,Medium,2024-11-23
5634,34,Female,Marketing,MKT-04,Marketing Manager,1,Bachelor's,5659,6636,33,271,5,5,0,2 - Medium,3,No,No,29.0,1.0,3,4.0,Very High,2024-10-26
5635,34,Non-Binary,Operations,OPS-06,Facilities Manager,4,High School,8923,11299,52,413,9,1,0,4 - Very High,2,No,Yes,9.0,38.0,2,4.0,High,07/27/2024
5636,24,Female,Sales,SAL-03,Sales Manager,2,Master's,6671,8976,38,298,6,2,2,4 - Very High,4,No,No,2.0,35.0,1,4.0,Very High,03/19/2022
5637,47,Male,Sales,SAL-03,Sales Director,4,Bachelor's,11229,13081,67,528,6,3,3,4 - Very High,3,No,No,4.0,43.0,2,4.0,Very High,2021-07-07
5638,22,Male,Operations,OPS-06,Supply Chain Analyst,2,Master's,6295,7259,36,294,2,0,0,2 - Medium,4,No,No,7.0,18.0,0,5.0,Very High,04/30/2024
5639,54,Male,Marketing,MKT-04,Growth Analyst,2,Bachelor's,6840,8374,40,314,27,6,4,3 - High,2,No,No,4.0,26.0,2,,Very High,01/14/2020
5640,27,Male,Human Resources,HR-01,HR Coordinator,4,Bachelor's,7547,8381,44,357,6,3,3,4 - Very High,4,Yes,No,5.0,40.0,0,3.0,High,05/01/2021
5641,29,Male,Engineering,ENG-02,Backend Developer,2,Bachelor's,7525,8708,42,334,6,2,2,3 - High,2,Yes,Yes,6.0,27.0,0,4.0,High,2022-03-14
5642,23,Male,Sales,SAL-03,Sales Manager,2,Bachelor's,6674,8709,39,317,1,0,0,3 - High,3,No,Yes,5.0,18.0,0,5.0,High,2024-11-16
5643,40,Female,Sales,SAL-03,Sales Rep,3,High School,6383,8037,36,292,16,10,9,4 - Very High,3,No,No,8.0,25.0,1,4.0,Very High,2015-01-05
5644,21,Male,Operations,OPS-06,Logistics Coordinator,1,Bachelor's,3955,4592,23,189,1,1,1,2 - Medium,2,No,Yes,5.0,34.0,3,3.0,Low,2023-12-28
5645,29,Female,Finance,FIN-05,Financial Analyst,1,Master's,4913,5976,28,221,0,0,0,3 - High,2,Yes,Yes,8.0,22.0,0,3.0,Low,02/15/2025
5646,39,Non-Binary,Marketing,MKT-04,Digital Marketing Lead,4,Bachelor's,10706,12866,63,507,10,1,1,2 - Medium,2,No,Yes,4.0,39.0,2,2.0,Very High,06/15/2023
5647,49,Female,Operations,OPS-06,Operations Analyst,3,Master's,6491,7975,37,300,9,5,4,2 - Medium,3,No,Yes,4.0,44.0,0,2.0,Medium,2020-04-19
5648,25,Male,Operations,OPS-06,Supply Chain Analyst,1,Bachelor's,4601,6038,27,213,3,3,3,3 - High,2,No,No,5.0,13.0,0,2.0,Medium,04/24/2021
5649,24,Female,Engineering,ENG-02,Staff Engineer,5,PhD,19422,22028,113,891,1,1,0,3 - High,2,No,No,3.0,16.0,3,5.0,Very High,11/28/2024
5650,38,Female,Engineering,ENG-02,Frontend Developer,1,Bachelor's,5572,6845,33,270,6,6,3,4 - Very High,3,No,No,13.0,12.0,0,5.0,High,2021-09-29
5651,36,Male,Engineering,ENG-02,Engineering Manager,4,Master's,13665,18510,81,645,2,1,1,4 - Very High,4,No,No,7.0,28.0,2,4.0,Very High,2023-12-13
5652,44,Male,Sales,SAL-03,Sales Director,5,Bachelor's,16658,22011,97,789,16,5,3,4 - Very High,4,No,No,3.0,23.0,1,4.0,Very High,2021-10-31
5653,21,Male,Operations,OPS-06,Logistics Coordinator,1,Bachelor's,4241,5706,24,193,9,2,1,4 - Very High,2,No,No,6.0,13.0,0,3.0,Very High,2023-05-22
5654,24,Male,Sales,SAL-03,Sales Director,3,Master's,9825,11040,56,445,4,4,1,2 - Medium,3,No,No,5.0,28.0,0,4.0,Very High,01/16/2023
5655,24,Male,Finance,FIN-05,Auditor,5,PhD,13537,18152,80,640,0,0,0,2 - Medium,2,No,No,4.0,31.0,2,,High,2025-01-11
5656,29,Female,Engineering,ENG-02,QA Engineer,1,High School,4969,6194,28,230,1,1,0,3 - High,3,Yes,Yes,16.0,31.0,0,2.0,High,2024-01-17
5657,45,Female,Marketing,MKT-04,Content Strategist,2,High School,5878,7575,34,276,19,1,1,3 - High,4,No,No,6.0,23.0,0,1.0,High,2023-08-23
5658,31,Female,Sales,SAL-03,Senior Sales Rep,1,Master's,5195,6243,30,243,2,2,1,4 - Very High,3,No,No,20.0,37.0,1,4.0,Very High,2023-11-01
5659,30,Non-Binary,Sales,SAL-03,Sales Rep,4,Bachelor's,9645,11871,56,447,3,0,0,2 - Medium,2,No,No,20.0,47.0,3,3.0,High,2024-08-03
5660,23,Male,Engineering,ENG-02,Frontend Developer,2,Bachelor's,5992,7022,35,282,7,0,0,4 - Very High,3,No,No,7.0,35.0,0,4.0,Very high,02/23/2024
5661,28,Male,Finance,FIN-05,Tax Specialist,1,Master's,5336,6408,30,242,1,0,0,3 - High,4,No,No,4.0,40.0,0,3.0,Very High,2024-02-04
5662,36,Female,Finance,FIN-05,Senior Accountant,1,High School,5113,6558,29,233,2,2,0,4 - Very High,3,No,No,8.0,26.0,1,3.0,Very High,2024-10-09
5663,30,Female,Sales,SAL-03,Account Executive,1,High School,4527,5352,27,213,5,4,0,3 - High,4,No,No,2.0,19.0,0,3.0,Medium,2024-09-13
5664,45,Female,Engineering,ENG-02,Senior Engineer,2,Bachelor's,6678,8351,38,311,4,4,1,4 - Very High,3,Yes,No,4.0,23.0,2,3.0,High,2023-07-02
5665,23,Male,Engineering,ENG-02,Engineering Manager,4,Bachelor's,10429,13222,59,477,1,0,0,3 - High,3,No,No,3.0,31.0,3,2.0,Very High,2024-08-12
5666,42,Female,Operations,OPS-06,Supply Chain Analyst,1,PhD,6621,7920,38,312,17,14,11,2 - Medium,2,No,Yes,5.0,5.0,1,,Medium,01/27/2013
5667,25,Non-Binary,Sales,SAL-03,Regional Sales Lead,4,Bachelor's,10523,13213,61,483,2,1,0,4 - Very High,3,No,No,5.0,28.0,0,2.0,High,2024-07-01
5668,36,Female,Finance,FIN-05,Finance Manager,1,Bachelor's,6322,7295,38,309,12,12,2,3 - High,1,No,No,9.0,23.0,1,5.0,Very High,2022-03-06
5669,44,Male,Sales,SAL-03,Regional Sales Lead,2,Master's,7435,9644,42,343,6,0,0,3 - High,3,No,No,7.0,16.0,1,3.0,Very High,2024-05-26
5670,22,Male,Finance,FIN-05,Controller,1,Master's,6061,8392,35,278,4,3,0,4 - Very High,4,No,No,12.0,29.0,0,,Medium,
5671,33,Male,Engineering,ENG-02,Staff Engineer,2,High School,8243,10943,48,391,9,6,5,4 - Very High,3,No,No,3.0,21.0,0,3.0,High,2019-04-12
5672,28,Male,Engineering,ENG-02,Senior Engineer,4,Master's,10633,12313,61,492,4,0,0,4 - Very High,3,No,No,13.0,25.0,1,5.0,Very High,2024-05-13
5673,57,Female,Finance,FIN-05,Auditor,5,Bachelor's,11455,13816,67,527,25,17,7,4 - Very High,3,No,No,9.0,39.0,0,1.0,Very High,2017-09-09
5674,22,Female,Engineering,ENG-02,QA Engineer,3,High School,7404,9055,43,343,0,0,0,3 - High,2,No,No,8.0,26.0,0,3.0,Very High,2024-09-04
5675,29,Male,Marketing,MKT-04,Digital Marketing Lead,3,Bachelor's,6664,7942,38,300,0,0,0,2 - Medium,4,No,No,33.0,24.0,2,,Very High,11/23/2024
5676,41,Male,Marketing,MKT-04,Marketing Manager,2,Bachelor's,7367,8385,43,339,10,2,2,4 - Very High,3,No,No,8.0,25.0,1,4.0,Very High,02/06/2022
5677,21,Female,Sales,SAL-03,Sales Rep,3,High School,6353,8212,36,288,0,0,0,3 - High,1,No,Yes,7.0,21.0,0,2.0,High,2024-10-22
5678,28,Female,Marketing,MKT-04,Growth Analyst,2,Bachelor's,5303,6489,30,245,3,1,1,3 - High,3,No,Yes,14.0,5.0,0,1.0,Low,
5679,45,Male,Engineering,ENG-02,Staff Engineer,2,High School,7437,9611,43,344,3,3,2,3 - High,2,No,No,9.0,14.0,4,2.0,Very High,2022-03-27
5680,37,Female,Human Resources,HR-01,Recruiter,4,High School,8100,9550,46,366,5,4,2,4 - Very High,4,No,No,7.0,30.0,2,4.0,High,04/27/2022
5681,25,Male,Finance,FIN-05,Tax Specialist,2,Bachelor's,5069,6577,29,228,2,0,0,3 - High,3,No,No,3.0,4.0,0,2.0,Medium,2024-06-02
5682,25,Male,Engineering,ENG-02,Data Engineer,1,Master's,6580,8567,37,303,1,0,0,2 - Medium,2,No,No,3.0,34.0,0,,High,2024-05-24
5683,25,Female,Marketing,MKT-04,Brand Manager,5,Master's,11871,13560,68,553,1,1,0,4 - Very High,3,Yes,No,8.0,30.0,0,4.0,Very High,01/09/2024
5684,27,Male,Operations,OPS-06,Process Engineer,3,Master's,7882,10289,46,367,3,1,0,3 - High,4,No,No,10.0,27.0,2,3.0,High,2024-03-08
5685,21,Female,Operations,OPS-06,Facilities Manager,3,Bachelor's,6230,8052,36,288,2,0,0,4 - Very High,3,No,No,3.0,9.0,0,2.0,Medium,2024-09-27
5686,34,Female,Finance,FIN-05,Senior Accountant,1,High School,4653,5463,27,215,0,0,0,1 - Low,1,No,Yes,6.0,20.0,2,2.0,Low,02/05/2024
5687,30,Female,Finance,FIN-05,Senior Accountant,2,Bachelor's,6253,7947,35,284,4,4,3,4 - Very High,4,No,No,4.0,28.0,1,2.0,Very High,2021-02-07
5688,46,Male,Engineering,ENG-02,ML Engineer,2,Bachelor's,7989,9153,45,370,21,3,1,4 - Very High,3,No,Yes,6.0,18.0,0,4.0,Medium,11/12/2023
5689,40,Female,Sales,SAL-03,Regional Sales Lead,4,High School,8874,10621,51,404,13,12,12,2 - Medium,2,Yes,Yes,6.0,25.0,1,3.0,High,2012-12-27
5690,33,Female,Marketing,MKT-04,Marketing Analyst,3,Bachelor's,6742,9031,40,322,10,7,0,4 - Very High,2,No,No,12.0,26.0,2,5.0,Very High,2024-12-10
5691,48,Male,Finance,FIN-05,Finance Manager,4,Bachelor's,12662,14441,71,571,18,15,14,2 - Medium,3,No,No,3.0,23.0,1,1.0,High,2010-11-17
5692,41,Non-Binary,Engineering,ENG-02,Staff Engineer,2,Bachelor's,8515,10505,50,400,6,2,1,2 - Medium,2,Yes,No,3.0,,0,1.0,High,05/01/2023
5693,25,Female,Operations,OPS-06,Process Engineer,2,Master's,5913,7890,34,278,4,3,2,3 - High,2,No,No,7.0,13.0,1,3.0,High,2022-03-10
5694,36,Male,Engineering,ENG-02,Frontend Developer,1,Bachelor's,5149,6355,30,246,0,0,0,3 - High,4,No,No,7.0,46.0,4,4.0,Very High,2024-11-12
5695,36,Male,Sales,SAL-03,Sales Manager,1,Bachelor's,5799,6571,34,267,1,1,1,2 - Medium,2,No,No,5.0,30.0,0,2.0,Very High,12/30/2023
5696,30,Male,Finance,FIN-05,Financial Analyst,2,Bachelor's,5368,6693,32,262,4,2,2,4 - Very High,4,No,No,19.0,21.0,1,4.0,High,09/22/2022
5697,52,Male,Sales,SAL-03,Regional Sales Lead,4,High School,11582,13806,69,548,22,7,3,4 - Very High,4,No,No,13.0,24.0,0,4.0,Very High,09/03/2021
5698,43,Female,Sales,SAL-03,Account Executive,5,Master's,14026,15808,79,634,12,11,7,4 - Very High,2,No,Yes,16.0,28.0,0,3.0,Very High,2017-01-14
5699,23,Male,Marketing,MKT-04,Content Strategist,2,Bachelor's,5572,7331,32,259,2,2,1,3 - High,4,No,No,40.0,6.0,1,3.0,Medium,2023-06-10
5700,27,Male,Human Resources,HR-01,HR Analyst,3,High School,5367,7020,31,253,3,3,3,4 - Very High,4,No,No,10.0,26.0,0,4.0,Very High,04/30/2021
5701,44,Male,Operations,OPS-06,Supply Chain Analyst,3,Master's,7101,8645,41,337,9,4,2,3 - High,1,No,No,4.0,22.0,2,1.0,High,2022-01-25
5702,37,Male,Engineering,ENG-02,ML Engineer,4,Master's,15890,20842,92,750,16,14,0,3 - High,4,No,No,12.0,24.0,0,3.0,Medium,2024-06-14
5703,29,Female,Sales,SAL-03,Regional Sales Lead,2,High School,5344,7241,30,238,2,0,0,4 - Very High,2,No,No,2.0,21.0,2,3.0,High,2024-12-25
5704,41,Female,Engineering,ENG-02,ML Engineer,2,Master's,9100,11719,53,434,5,5,0,3 - High,4,No,No,8.0,34.0,2,3.0,Very High,2024-11-01
5705,34,Male,Engineering,ENG-02,Data Engineer,2,PhD,8682,10391,51,417,4,2,0,3 - High,4,No,No,14.0,27.0,0,5.0,Very High,12/06/2024
5706,32,Male,Finance,FIN-05,Auditor,2,Bachelor's,5797,6701,33,262,3,0,0,3 - High,4,No,No,20.0,14.0,1,4.0,Very High,10/24/2024
5707,42,Female,Operations,OPS-06,Operations Analyst,1,Bachelor's,4311,5385,25,198,5,4,0,4 - Very High,3,No,No,,24.0,3,4.0,Very High,01/12/2024
5708,46,Male,Engineering,ENG-02,Senior Engineer,2,High School,9100,11631,52,422,22,6,0,4 - Very High,3,No,No,6.0,23.0,0,1.0,High,05/19/2024
5709,37,Male,Engineering,ENG-02,Software Engineer,3,High School,7249,9910,42,330,3,2,1,4 - Very High,3,No,No,8.0,39.0,5,3.0,Very High,2023-01-19
5710,22,Male,Operations,OPS-06,Facilities Manager,1,Master's,4579,5842,27,220,1,1,0,3 - High,4,No,No,18.0,24.0,2,5.0,Very High,2024-12-12
5711,44,Male,Finance,FIN-05,Tax Specialist,1,Bachelor's,5989,6719,34,276,17,16,4,3 - High,3,No,No,3.0,32.0,0,,Medium,10/23/2020
5712,33,Female,Finance,FIN-05,Auditor,4,Master's,9779,11352,55,446,7,3,3,3 - High,2,No,No,18.0,23.0,2,2.0,High,2021-08-17
5713,38,Female,Operations,OPS-06,Process Engineer,4,Bachelor's,10579,11935,60,476,12,2,1,3 - High,2,No,No,13.0,35.0,0,,Very High,2023-08-29
5714,34,Male,Sales,SAL-03,Account Executive,4,Master's,8977,11322,51,400,0,0,0,2 - Medium,3,No,No,6.0,21.0,4,2.0,High,2024-10-21
5715,42,Female,Engineering,ENG-02,Frontend Developer,2,Bachelor's,6616,8544,39,316,4,1,0,4 - Very High,4,No,No,9.0,25.0,2,4.0,Very High,04/12/2024
5716,43,Female,Sales,SAL-03,Sales Manager,4,High School,10143,13255,60,494,8,4,2,3 - High,3,No,No,8.0,23.0,3,4.0,Very High,2022-02-08
5717,26,Male,Sales,SAL-03,Business Development Rep,3,Master's,6698,7847,39,306,0,0,0,2 - Medium,2,No,No,8.0,10.0,1,3.0,Medium,2025-02-05
5718,35,Female,Sales,SAL-03,Sales Rep,2,Master's,7284,8543,42,339,12,2,1,2 - Medium,3,Yes,Yes,9.0,26.0,0,,Medium,
5719,29,Female,Sales,SAL-03,Regional Sales Lead,5,Master's,13405,17215,76,606,11,1,0,3 - High,4,No,No,8.0,25.0,1,3.0,High,2024-11-16
5720,23,Female,Human Resources,HR-01,HR Director,1,High School,4650,6346,27,216,0,0,0,3 - High,3,No,No,9.0,36.0,0,3.0,Medium,12/17/2024
5721,28,Male,Sales,SAL-03,Sales Manager,1,Bachelor's,4502,6001,25,203,1,0,0,4 - Very High,4,No,No,3.0,28.0,1,3.0,High,2024-05-29
5722,38,Male,Finance,FIN-05,Financial Analyst,2,Bachelor's,6660,8529,39,311,8,8,8,3 - High,2,Yes,Yes,9.0,39.0,0,4.0,High,2016-11-01
5723,41,Female,Finance,FIN-05,Controller,2,Bachelor's,8133,10993,47,385,11,0,0,3 - High,3,No,No,10.0,39.0,0,3.0,High,2024-05-30
5724,44,Male,Sales,SAL-03,Sales Manager,1,Bachelor's,6565,7687,37,293,12,12,7,4 - Very High,4,No,No,13.0,28.0,2,3.0,High,09/21/2017
5725,31,Male,Sales,SAL-03,Sales Director,5,Master's,12932,16363,75,596,4,0,0,4 - Very High,4,No,No,4.0,17.0,0,3.0,Very High,02/12/2024
5726,42,Female,Sales,SAL-03,Sales Manager,2,Bachelor's,7136,9771,41,328,9,2,2,4 - Very High,3,No,No,16.0,30.0,1,2.0,High,04/21/2022
5727,40,Male,Marketing,MKT-04,Growth Analyst,1,Bachelor's,5155,6340,30,238,2,2,2,4 - Very High,3,No,No,20.0,27.0,1,4.0,Very High,2023-04-03
5728,37,Female,Operations,OPS-06,Facilities Manager,1,Bachelor's,5155,6833,30,245,9,6,2,4 - Very High,3,No,No,9.0,17.0,0,4.0,High,07/22/2022
5729,37,Female,Sales,SAL-03,Sales Director,4,Bachelor's,10892,14562,61,487,2,2,0,2 - Medium,2,No,No,24.0,24.0,0,5.0,Very High,2024-06-24
5730,24,Non-Binary,Human Resources,HR-01,Recruiter,3,Master's,6726,8484,38,311,4,1,1,2 - Medium,3,No,Yes,11.0,17.0,0,4.0,Medium,2023-05-04
5731,30,Male,Engineering,ENG-02,Engineering Manager,1,Master's,6659,8739,39,308,8,7,4,2 - Medium,1,No,Yes,5.0,33.0,0,3.0,High,11/18/2020
5732,24,Male,Operations,OPS-06,Operations Analyst,1,Bachelor's,3799,4631,22,177,3,2,2,3 - High,3,No,No,13.0,42.0,0,,Very High,09/03/2022
5733,40,Male,Finance,FIN-05,Finance Manager,2,High School,7377,9954,42,340,7,6,3,4 - Very High,4,No,No,5.0,17.0,1,4.0,High,2021-07-11
5734,29,Male,Operations,OPS-06,Supply Chain Analyst,2,Master's,5347,6162,30,237,0,0,0,3 - High,4,No,Yes,4.0,20.0,0,4.0,Medium,2024-08-19
5735,48,Male,Operations,OPS-06,Supply Chain Analyst,1,High School,4475,6320,26,206,8,8,8,3 - High,3,No,No,47.0,11.0,1,3.0,Low,09/24/2016
5736,38,Male,Marketing,MKT-04,Brand Manager,4,PhD,12189,14015,69,545,9,3,0,2 - Medium,3,No,Yes,7.0,38.0,4,,High,
5737,30,Male,Operations,OPS-06,Supply Chain Analyst,1,Master's,5530,7383,31,253,8,3,2,3 - High,4,Yes,Yes,7.0,31.0,1,3.0,Medium,2022-04-17
5738,57,Female,Marketing,MKT-04,Marketing Analyst,1,Bachelor's,4615,5104,26,214,26,25,17,2 - Medium,2,No,No,2.0,28.0,0,,Medium,02/16/2007
5739,29,Male,Engineering,ENG-02,Frontend Developer,1,Bachelor's,6043,6844,34,273,1,0,0,4 - Very High,3,No,Yes,7.0,37.0,2,5.0,Medium,2024-07-20
5740,42,Female,Finance,FIN-05,Controller,2,Bachelor's,6735,8199,40,327,7,7,6,3 - High,3,No,No,17.0,14.0,3,5.0,Very High,2018-06-07
5741,35,Male,Sales,SAL-03,Sales Manager,1,Bachelor's,5040,5990,29,238,5,3,1,3 - High,3,No,No,9.0,28.0,0,5.0,Very High,2023-02-02
5742,43,Male,Engineering,ENG-02,ML Engineer,3,Bachelor's,10630,13872,61,487,4,2,2,3 - High,2,No,No,7.0,23.0,1,5.0,Very High,2022-10-15
5743,34,Female,Operations,OPS-06,Logistics Coordinator,3,High School,5695,6582,33,265,10,7,0,3 - High,3,No,No,6.0,31.0,0,,High,2024-01-30
5744,56,Female,Operations,OPS-06,Facilities Manager,1,High School,4341,5506,25,204,23,2,1,4 - Very High,3,No,No,31.0,18.0,1,3.0,Medium,2023-09-24
5745,37,Female,Finance,FIN-05,Auditor,3,Master's,8423,10570,49,403,5,4,2,3 - High,1,No,No,3.0,25.0,2,5.0,Very High,2022-09-24
5746,42,Male,Sales,SAL-03,Account Executive,1,Bachelor's,5174,7080,30,244,2,0,0,4 - Very High,3,No,No,9.0,28.0,5,4.0,Very High,2024-07-26
5747,55,Female,Engineering,ENG-02,Backend Developer,2,Master's,8565,10161,49,400,21,8,5,3 - High,4,No,Yes,32.0,52.0,1,4.0,Medium,2019-01-16
5748,46,Male,Finance,FIN-05,Senior Accountant,1,Bachelor's,6226,8373,37,299,16,0,0,4 - Very High,3,No,No,4.0,17.0,0,,Medium,2024-12-29
5749,26,Female,Finance,FIN-05,Tax Specialist,1,Master's,5863,7113,33,263,4,0,0,3 - High,3,No,No,17.0,29.0,0,,High,2024-10-15
5750,38,Female,Engineering,ENG-02,Staff Engineer,3,Bachelor's,10596,14216,60,475,6,6,6,2 - Medium,3,No,Yes,24.0,34.0,0,2.0,Low,2019-04-20
5751,33,Male,Human Resources,HR-01,HR Manager,2,Master's,6002,7438,34,274,2,2,0,3 - High,2,No,No,5.0,41.0,1,3.0,High,2024-01-11
5752,32,Male,Sales,SAL-03,Sales Manager,2,Bachelor's,6794,9151,39,308,1,1,0,3 - High,3,No,Yes,7.0,23.0,0,5.0,High,2024-07-15
5753,32,Male,Human Resources,HR-01,Recruiter,2,Bachelor's,6083,7356,35,285,12,5,4,3 - High,4,No,No,14.0,28.0,1,5.0,High,
5754,41,Male,Sales,SAL-03,Sales Director,2,PhD,9604,12979,55,451,18,8,3,2 - Medium,4,No,No ,8.0,19.0,1,3.0,Medium,2021-10-12
5755,44,Female,Sales,SAL-03,Account Executive,4,PhD,14067,16285,83,654,16,9,4,4 - Very High,3,No,Yes,7.0,44.0,1,5.0,High,2020-03-12
5756,33,Male,Engineering,ENG-02,DevOps Engineer,4,Master's,13032,15672,73,601,6,1,0,2 - Medium,2,No,No,27.0,44.0,1,3.0,High,09/11/2024
5757,30,Non-Binary,Sales,SAL-03,Business Development Rep,4,Bachelor's,7537,10146,43,349,4,3,3,3 - High,3,No,No,6.0,30.0,1,1.0,Very High,04/27/2021
5758,36,Female,Operations,OPS-06,Operations Manager,1,Master's,6317,8163,36,294,19,3,0,2 - Medium,3,Yes,Yes,12.0,2.0,0,1.0,Very High,
5759,25,Female,Marketing,MKT-04,SEO Specialist,1,Master's,5350,6581,32,263,0,0,0,4 - Very High,4,No,No,2.0,26.0,1,5.0,Very High,08/30/2024
5760,58,Female,Engineering,ENG-02,QA Engineer,4,PhD,12461,15946,72,576,20,18,13,2 - Medium,4,No,Yes,3.0,20.0,4,3.0,Medium,2011-03-13
5761,39,Female,Engineering,ENG-02,Staff Engineer,2,Bachelor's,8894,10417,51,409,13,10,1,4 - Very High,4,No,No,7.0,38.0,2,4.0,Very High,01/20/2023
5762,35,Male,Human Resources,HR-01,HR Manager,3,Bachelor's,7463,10104,43,339,3,2,0,4 - Very High,3,No,No,13.0,38.0,2,3.0,Very High,2024-03-21
5763,33,Female,Sales,SAL-03,Senior Sales Rep,1,PhD,5749,7563,32,253,1,0,0,4 - Very High,3,No,No,13.0,25.0,2,2.0,Very High,06/07/2024
5764,54,Male,Sales,SAL-03,Sales Manager,1,Bachelor's,6147,8175,35,285,22,3,2,2 - Medium,2,No,No,16.0,29.0,2,1.0,Very High,2022-11-06
5765,47,Female,Human Resources,HR-01,HR Manager,2,Master's,6510,9023,38,303,19,18,6,4 - Very High,4,No,No,8.0,24.0,0,4.0,Very High,2018-02-18
5766,28,Male,Sales,SAL-03,Sales Manager,1,Bachelor's,5115,6905,30,240,6,0,0,4 - Very High,3,No,No,5.0,18.0,0,2.0,Very High,06/23/2024
5767,21,Female,Sales,SAL-03,Senior Sales Rep,1,Master's,6181,7554,35,288,3,0,0,4 - Very High,3,No,Yes,8.0,17.0,1,3.0,High,2024-03-10
5768,47,Male,Sales,SAL-03,Regional Sales Lead,4,Master's,13795,18089,79,628,16,3,2,4 - Very High,4,No,No,2.0,37.0,2,3.0,Medium,2022-02-07
5769,32,Female,Sales,SAL-03,Account Executive,3,High School,7709,9910,45,355,1,1,1,3 - High,4,No,No,18.0,32.0,0,3.0,High,08/27/2023
5770,33,Male,Sales,SAL-03,Account Executive,1,Master's,5396,6282,31,248,8,2,2,4 - Very High,4,No,No,5.0,32.0,1,3.0,High,02/12/2022
5771,40,Male,Sales,SAL-03,Sales Manager,2,Bachelor's,7196,10022,41,332,5,5,0,4 - Very High,3,No,No,6.0,22.0,1,5.0,High,02/22/2024
5772,27,Male,Operations,OPS-06,Facilities Manager,1,Master's,4745,6687,27,214,8,6,4,3 - High,4,No,Yes,2.0,17.0,0,3.0,High,06/17/2020
5773,34,Female,Engineering,ENG-02,QA Engineer,2,High School,5263,6707,30,243,0,0,0,4 - Very High,3,No,No,8.0,11.0,0,,Very High,11/17/2024
5774,27,Female,Operations,OPS-06,Process Engineer,2,Bachelor's,5141,6129,30,245,5,0,0,4 - Very High,3,No,No,18.0,8.0,1,4.0,Very High,08/28/2024
5775,42,Female,Finance,FIN-05,Controller,1,Master's,6039,8006,36,293,10,3,3,3 - High,2,No,No,4.0,22.0,1,3.0,High,2021-07-27
5776,39,Female,Finance,FIN-05,Controller,2,Master's,8109,9755,48,384,6,1,0,3 - High,3,No,No,7.0,23.0,3,5.0,Very High,08/13/2024
5777,26,Male,Marketing,MKT-04,Brand Manager,3,High School,6581,7726,38,304,3,2,2,2 - Medium,3,No,No,14.0,41.0,2,,High,10/05/2022
5778,42,Male,Marketing,MKT-04,Marketing Manager,2,Master's,6138,8038,35,277,5,2,2,3 - High,2,No,Yes,16.0,43.0,1,5.0,High,2022-10-21
5779,23,Male,Sales,SAL-03,Sales Director,2,PhD,8468,10038,47,369,2,1,1,4 - Very High,2,No,No,50.0,25.0,2,4.0,medium,2023-01-31
5780,21,Male,Finance,FIN-05,Auditor,2,High School,5779,7400,33,265,3,2,2,3 - High,1,No,No,6.0,28.0,0,3.0,Medium,2022-11-03
5781,33,Female,Engineering,ENG-02,ML Engineer,2,High School,6909,9332,40,327,0,0,0,4 - Very High,1,No,No,7.0,10.0,0,3.0,High,2024-12-25
5782,21,Female,Engineering,ENG-02,Senior Engineer,2,Master's,7481,9975,44,347,0,0,0,3 - High,3,No,Yes,11.0,27.0,0,3.0,Medium,2024-07-01
5783,32,Female,Sales,SAL-03,Regional Sales Lead,2,Bachelor's,5940,7062,34,270,2,1,1,1 - Low,3,No,No,10.0,13.0,0,1.0,High,04/28/2023
5784,30,Female,Operations,OPS-06,Process Engineer,1,Bachelor's,4846,6063,28,228,7,6,5,2 - Medium,4,No,No,10.0,6.0,1,4.0,Very High,02/07/2019
5785,25,Male,Sales,SAL-03,Sales Manager,2,Bachelor's,6862,8105,40,320,6,5,1,2 - Medium,1,Yes,Yes,4.0,21.0,1,3.0,Medium,2023-09-28
5786,30,Male,Engineering,ENG-02,Frontend Developer,4,PhD,10424,12971,58,477,2,2,0,2 - Medium,2,No,Yes,9.0,35.0,0,3.0,Very High,2024-07-11
5787,44,Male,Operations,OPS-06,Operations Manager,1,Master's,6558,8388,37,301,18,12,11,3 - High,4,No,No,18.0,12.0,2,3.0,High,07/14/2013
5788,43,Female,Engineering,ENG-02,DevOps Engineer,3,High School,9381,10997,53,425,7,7,4,3 - High,3,No,Yes,4.0,20.0,0,3.0,High,2020-10-12
5789,34,Female,Marketing,MKT-04,Brand Manager,1,Bachelor's,5216,6414,30,244,8,3,2,4 - Very High,4,No,No,5.0,28.0,0,3.0,Very High,2022-09-02
5790,32,Female,Operations,OPS-06,Facilities Manager,3,Bachelor's,7216,9018,42,340,2,0,0,4 - Very High,3,No,No,5.0,28.0,1,5.0,Very High,2024-05-13
5791,38,Male,Engineering,ENG-02,QA Engineer,4,Master's,10763,12473,64,502,6,5,2,2 - Medium,3,Yes,Yes,19.0,32.0,0,3.0,Medium,01/01/2023
5792,27,Male,Sales,SAL-03,Sales Rep,1,Master's,5468,6996,31,248,4,2,1,3 - High,4,No,No,5.0,14.0,0,3.0,High,2023-09-23
5793,37,Female,Sales,SAL-03,Senior Sales Rep,4,High School,9567,12605,54,425,2,2,1,3 - High,3,No,No,15.0,28.0,2,3.0,High,2023-01-25
5794,27,Female,Engineering,ENG-02,Engineering Manager,3,High School,8909,11097,53,424,0,0,0,4 - Very High,2,No,No,18.0,41.0,3,4.0,Very High,09/03/2024
5795,28,Female,Human Resources,HR-01,HR Analyst,3,High School,5967,7349,34,279,9,6,4,2 - Medium,3,No,Yes,21.0,28.0,0,4.0,Medium,2020-09-26
5796,33,Male,Sales,SAL-03,Account Executive,2,Master's,8083,10727,46,362,7,7,5,4 - Very High,2,No,Yes,8.0,2.0,2,5.0,High,2019-05-14
5797,29,Female,Engineering,ENG-02,Backend Developer,4,Master's,12616,16616,72,568,2,2,0,4 - Very High,3,No,No,3.0,29.0,0,,High,04/09/2024
5798,45,Female,Marketing,MKT-04,Content Strategist,1,High School,4386,5138,26,211,7,4,0,3 - High,2,No,No,13.0,31.0,1,2.0,Medium,2024-11-09
5799,39,Female,Human Resources,HR-01,Recruiter,3,Bachelor's,5680,6608,33,260,1,1,0,3 - High,4,No,Yes,10.0,30.0,0,4.0,Very High,06/30/2024
5800,26,Male,Sales,SAL-03,Sales Director,4,Bachelor's,11212,12766,63,515,2,2,0,1 - Low,2,No,Yes,18.0,37.0,1,2.0,High,2024-08-21
5801,36,Female,Engineering,ENG-02,Data Engineer,1,Bachelor's,7160,9133,42,330,8,6,1,4 - Very High,4,Yes,No,11.0,17.0,2,5.0,Very High,2023-07-24
5802,22,Male,Sales,SAL-03,Sales Manager,4,High School,8230,11003,49,399,0,0,0,2 - Medium,3,No,No,14.0,43.0,3,3.0,High,11/22/2024
5803,27,Male,Marketing,MKT-04,Marketing Analyst,2,Bachelor's,5261,6283,31,252,4,4,4,3 - High,2,No,Yes,3.0,20.0,0,4.0,Very High,2020-12-22
5804,37,Female,Human Resources,HR-01,HR Director,1,High School,4971,5795,29,238,9,3,0,3 - High,3,No,No,13.0,35.0,2,3.0,High,07/03/2024
5805,33,Female,Operations,OPS-06,Process Engineer,1,Bachelor's,5263,6168,31,247,4,0,0,3 - High,4,No,Yes,6.0,33.0,0,3.0,Low,2024-01-18
5806,29,Male,Finance,FIN-05,Tax Specialist,2,Bachelor's,6151,7872,36,288,1,1,1,3 - High,4,No,No,7.0,17.0,0,2.0,Medium,2023-10-14
5807,33,Female,Sales,SAL-03,Regional Sales Lead,2,High School,5270,6645,31,246,0,0,0,2 - Medium,2,No,No,7.0,21.0,3,5.0,High,05/29/2025
5808,38,Male,Operations,OPS-06,Operations Analyst,1,Master's,5097,6320,29,234,9,2,0,4 - Very High,3,No,No,14.0,27.0,4,4.0,Very High,2024-12-30
5809,40,Female,Sales,SAL-03,Account Executive,1,PhD,5514,7519,32,257,2,1,1,4 - Very High,3,No,No,6.0,27.0,2,4.0,Very High,2023-07-05
5810,35,Male,Engineering,ENG-02,Staff Engineer,4,High School,11706,13300,69,547,6,4,1,3 - High,4,Yes,Yes,6.0,16.0,0,3.0,Low,09/02/2023
5811,29,Male,Operations,OPS-06,Facilities Manager,3,Master's,6392,8297,36,295,8,3,3,2 - Medium,3,Yes,Yes,28.0,34.0,3,3.0,Low,2021-06-23
5812,32,Female,Human Resources,HR-01,HR Director,2,Bachelor's,5522,7502,31,244,7,3,2,3 - High,2,No,No,12.0,34.0,1,1.0,Very High,2022-02-25
5813,25,Male,Finance,FIN-05,Senior Accountant,3,High School,6105,6929,35,283,5,2,1,3 - High,4,No,No,9.0,26.0,0,,High,2023-05-18
5814,38,Female,Sales,SAL-03,Business Development Rep,3,High School,6239,7532,35,282,12,6,1,4 - Very High,4,No,No,13.0,15.0,2,4.0,Very High,2023-07-18
5815,54,Male,Engineering,ENG-02,Software Engineer,2,Master's,8458,11542,50,394,24,16,0,3 - High,2,No,No,5.0,17.0,0,2.0,Medium,2024-12-24
5816,48,Female,Engineering,ENG-02,Engineering Manager,3,PhD,13024,14722,73,587,11,8,3,3 - High,4,No,No,2.0,20.0,1,4.0,Very High,2021-08-23
5817,35,Male,Operations,OPS-06,Operations Manager,1,Bachelor's,4114,5426,23,184,1,0,0,3 - High,3,Yes,Yes,10.0,13.0,2,4.0,High,2024-07-04
5818,40,Male,Engineering,ENG-02,QA Engineer,2,Master's,6371,7481,36,283,1,0,0,2 - Medium,2,No,Yes,1.0,20.0,4,3.0,Medium,2024-01-31
5819,21,Male,Sales,SAL-03,Sales Director,3,High School,7323,8702,43,339,0,0,0,4 - Very High,4,No,No,9.0,28.0,1,5.0,Very High,2025-01-23
5820,32,Male,Operations,OPS-06,Supply Chain Analyst,3,Bachelor's,6762,8632,40,326,10,6,5,2 - Medium,3,No,Yes,11.0,43.0,6,4.0,High,06/15/2019
5821,21,Male,Human Resources,HR-01,Benefits Specialist,4,Master's,8419,10038,49,386,0,0,0,2 - Medium,3,No,Yes,,35.0,0,3.0,Medium,2024-07-11
5822,32,Male,Engineering,ENG-02,Staff Engineer,3,Bachelor's,8489,11106,49,404,4,4,4,1 - Low,4,No,No,5.0,28.0,0,,High,06/28/2020
5823,36,Male,Operations,OPS-06,Logistics Coordinator,1,Bachelor's,4442,5491,26,206,3,0,0,3 - High,3,Yes,No,13.0,23.0,1,3.0,High,07/14/2024
5824,21,Female,Operations,OPS-06,Supply Chain Analyst,4,Bachelor's,8573,10446,48,379,3,2,1,4 - Very High,3,No,No,25.0,22.0,0,4.0,Very High,2023-08-10
5825,42,Male,Finance,FIN-05,Tax Specialist,4,PhD,11815,15150,70,563,7,0,0,3 - High,3,No,Yes,4.0,,0,3.0,Low,2024-02-16
5826,23,Male,Marketing,MKT-04,SEO Specialist,1,Bachelor's,4939,6285,28,228,0,0,0,3 - High,2,No,No,8.0,21.0,2,5.0,High,2024-04-13
5827,58,Female,Marketing,MKT-04,Digital Marketing Lead,4,Bachelor's,11961,15932,70,577,22,20,0,4 - Very High,4,No,No,17.0,33.0,5,4.0,Very High,2024-04-10
5828,24,Male,Operations,OPS-06,Operations Manager,1,High School,3821,4398,22,180,2,2,0,3 - High,2,No,No,4.0,20.0,0,4.0,Very High,2024-07-13
5829,21,Male,Marketing,MKT-04,Content Strategist,1,Bachelor's,5031,6669,30,236,0,0,0,2 - Medium,2,No,No,8.0,31.0,1,1.0,Very High,03/07/2025
5830,45,Female,Engineering,ENG-02,QA Engineer,1,PhD,5989,6928,34,275,16,1,0,4 - Very High,2,No,No,7.0,30.0,0,4.0,Very High,2024-01-30
5831,37,Male,Finance,FIN-05,Finance Manager,2,Master's,8065,9878,48,384,15,15,6,4 - Very High,4,Yes,No,3.0,0.0,0,3.0,Very High,2018-01-08
5832,30,Male,Sales,SAL-03,Business Development Rep,1,High School,3705,4523,22,173,1,0,0,3 - High,4,No,No,6.0,18.0,1,2.0,Medium,2024-03-11
5833,25,Female,Human Resources,HR-01,HR Analyst,4,Bachelor's,6520,7733,38,311,1,1,0,4 - Very High,3,No,No,11.0,3.0,0,5.0,Very High,05/17/2024
5834,27,Male,Sales,SAL-03,Regional Sales Lead,2,PhD,7412,8791,43,342,4,2,1,3 - High,1,No,No,6.0,35.0,0,1.0,Very High,2023-11-24
5835,31,Male,Engineering,ENG-02,DevOps Engineer,3,Bachelor's,7884,9922,44,361,2,0,0,4 - Very High,3,No,No,3.0,27.0,1,4.0,Very High,06/09/2024
5836,42,Female,Marketing,MKT-04,Growth Analyst,1,PhD,5487,6103,32,264,7,0,0,4 - Very High,4,No,Yes,29.0,29.0,3,,Low,2024-03-02
5837,26,Female,Sales,SAL-03,Senior Sales Rep,2,Bachelor's,5748,7823,33,268,1,0,0,4 - Very High,3,No,No,3.0,19.0,0,5.0,High,2024-03-28
5838,51,Female,Sales,SAL-03,Regional Sales Lead,3,High School,8765,9950,51,406,22,8,0,3 - High,4,No,No,6.0,20.0,1,3.0,Very High,2024-05-13
5839,40,Male,Operations,OPS-06,Operations Manager,1,High School,4556,5490,26,205,10,5,0,3 - High,4,No,Yes,15.0,22.0,5,,Medium,2024-03-16
5840,22,Female,Engineering,ENG-02,Backend Developer,2,High School,6930,8028,41,333,0,0,0,2 - Medium,3,No,No,4.0,49.0,0,5.0,High,09/04/2024
5841,25,Non-Binary,Sales,SAL-03,Business Development Rep,4,Bachelor's,8380,9624,50,396,4,0,0,3 - High,4,No,No,8.0,19.0,0,,High,01/20/2024
5842,41,Female,Marketing,MKT-04,Marketing Manager,4,High School,9234,11342,52,422,9,6,2,4 - Very High,4,No,No,8.0,40.0,1,3.0,High,2022-04-06
5843,21,Male,Engineering,ENG-02,Data Engineer,5,Bachelor's,12717,14829,74,605,4,0,0,1 - Low,3,Yes,Yes,16.0,37.0,0,3.0,Low,05/20/2024
5844,28,Male,Operations,OPS-06,Operations Analyst,1,High School,4218,5456,24,192,3,1,1,2 - Medium,3,No,No,7.0,17.0,1,3.0,High,2023-06-24
5845,37,Female,Engineering,ENG-02,Senior Engineer,4,Bachelor's,13649,15125,79,649,11,8,6,2 - Medium,3,No,Yes,9.0,21.0,0,1.0,Medium,2018-05-22
5846,49,Female,Marketing,MKT-04,Marketing Analyst,2,Bachelor's,6007,7975,35,275,6,1,0,4 - Very High,3,No,No,10.0,40.0,4,1.0,Medium,2024-11-04
5847,30,Male,Engineering,ENG-02,DevOps Engineer,1,Master's,5878,7237,35,283,1,0,0,2 - Medium,1,No,Yes,19.0,32.0,0,4.0,High,2024-04-24
5848,27,Non-Binary,Marketing,MKT-04,Marketing Manager,1,Master's,5225,7092,31,244,0,0,0,1 - Low,2,No,Yes,11.0,24.0,3,3.0,Medium,06/15/2025
5849,44,Female,Operations,OPS-06,Logistics Coordinator,3,Master's,6502,8481,37,303,7,1,1,2 - Medium,3,No,Yes,9.0,29.0,2,2.0,Low,2023-12-30
5850,36,Female,Finance,FIN-05,Senior Accountant,3,Master's,8159,9588,47,386,2,0,0,2 - Medium,4,Yes,No,5.0,44.0,1,,Very High,2024-02-09
5851,22,Male,Sales,SAL-03,Account Executive,1,Bachelor's,5161,6639,30,245,1,1,0,4 - Very High,3,Yes,Yes,11.0,30.0,0,4.0,Medium,2024-07-14
5852,31,Male,Operations,OPS-06,Supply Chain Analyst,3,Master's,6165,7100,36,283,1,0,0,3 - High,2,No,No,9.0,18.0,2,4.0,Very High,2024-04-20
5853,33,Male,Engineering,ENG-02,Backend Developer,1,Master's,5974,7393,34,271,4,3,0,3 - High,3,No,No,4.0,22.0,0,3.0,Very High,2024-10-12
5854,36,Male,Sales,SAL-03,Business Development Rep,1,Bachelor's,5782,6739,33,267,10,2,1,4 - Very High,3,No,No,3.0,20.0,0,3.0,High,2023-06-18
5855,40,Male,Engineering,ENG-02,Backend Developer,2,Master's,9539,12618,54,444,18,18,18,2 - Medium,3,No,No,11.0,34.0,0,3.0,High,12/17/2006
5856,31,Male,Marketing,MKT-04,Marketing Manager,2,Bachelor's,5912,7075,34,267,4,4,4,3 - High,3,No,Yes,5.0,29.0,2,3.0,Medium,07/04/2020
5857,40,Male,Marketing,MKT-04,SEO Specialist,2,Master's,7714,10047,44,360,16,12,9,4 - Very High,4,No,No,5.0,7.0,0,3.0,Very High,08/26/2015
5858,27,Male,Engineering,ENG-02,QA Engineer,4,High School,8252,11152,47,381,7,1,0,4 - Very High,4,No,No,10.0,14.0,1,3.0,High,01/05/2024
5859,22,Male,Finance,FIN-05,Tax Specialist,3,Master's,6867,8337,40,329,0,0,0,4 - Very High,2,No,No,13.0,27.0,0,3.0,High,
5860,29,Female,Engineering,ENG-02,ML Engineer,2,PhD,9609,10649,55,432,0,0,0,4 - Very High,4,No,No,11.0,9.0,3,4.0,Very High,2024-08-29
5861,35,Female,Engineering,ENG-02,Frontend Developer,1,Bachelor's,6325,7209,36,286,4,1,0,2 - Medium,3,No,Yes,23.0,33.0,3,3.0,Low,2024-08-21
5862,32,Male,Operations,OPS-06,Operations Analyst,2,Bachelor's,4878,6062,27,213,4,3,0,4 - Very High,4,No,No,8.0,29.0,1,3.0,High,2024-05-27
5863,25,Male,Human Resources,HR-01,HR Director,1,High School,4840,6281,28,220,10,9,4,3 - High,2,No,no,3.0,22.0,1,3.0,High,2020-07-22
5864,21,Male,Engineering,ENG-02,Frontend Developer,4,Master's,9957,12720,56,450,0,0,0,4 - Very High,3,No,No,3.0,17.0,3,3.0,Medium,2024-12-11
5865,44,Female,Operations,OPS-06,Facilities Manager,4,Bachelor's,8057,10552,47,386,7,0,0,4 - Very High,2,No,No,7.0,20.0,5,5.0,High,2024-06-22
5866,34,Male,Operations,OPS-06,Facilities Manager,2,Master's,6472,7416,38,304,7,4,1,4 - Very High,3,No,No,6.0,30.0,2,4.0,Very High,2023-11-24
5867,36,Male,Sales,SAL-03,Sales Rep,3,High School,6607,8153,37,291,5,2,1,3 - High,3,No,Yes,14.0,29.0,4,4.0,Very High,2023-03-17
5868,43,Male,Marketing,MKT-04,Digital Marketing Lead,2,High School,5256,6942,31,249,5,2,2,1 - Low,3,No,No,15.0,32.0,1,2.0,High,12/25/2022
5869,25,Male,Marketing,MKT-04,Growth Analyst,1,Bachelor's,5144,6639,30,242,2,0,0,4 - Very High,3,No,Yes,13.0,30.0,0,3.0,Medium,2024-09-15
5870,39,Female,Marketing,MKT-04,Marketing Manager,2,Bachelor's,5184,7169,31,252,1,0,0,2 - Medium,3,Yes,No,2.0,14.0,2,3.0,High,06/13/2024
5871,44,Male,Sales,SAL-03,Senior Sales Rep,1,Bachelor's,5423,6172,32,251,18,5,4,3 - High,3,No,No,9.0,16.0,0,3.0,High,11/01/2020
5872,34,Female,Operations,OPS-06,Supply Chain Analyst,3,Bachelor's,6875,7623,39,316,0,0,0,3 - High,1,No,Yes,18.0,22.0,5,5.0,High,11/01/2024
5873,39,Female,Sales,SAL-03,Business Development Rep,3,Bachelor's,7969,10872,45,361,5,1,0,4 - Very High,4,No,No,12.0,26.0,2,4.0,Very High,07/12/2024
5874,39,Female,Finance,FIN-05,Finance Manager,1,PhD,7557,8532,43,352,11,6,5,2 - Medium,3,No,No,12.0,41.0,0,1.0,High,2019-09-06
5875,39,Female,Finance,FIN-05,Controller,1,Bachelor's,4849,6532,28,220,0,0,0,2 - Medium,4,No,Yes,8.0,41.0,2,3.0,Medium,12/29/2024
5876,33,Female,Sales,SAL-03,Regional Sales Lead,4,Master's,9466,12403,54,444,0,0,0,3 - High,4,No,No,18.0,26.0,3,3.0,High,2024-11-28
5877,33,Female,Operations,OPS-06,Operations Manager,3,Master's,7447,9794,43,354,0,0,0,3 - High,4,No,Yes,13.0,27.0,1,4.0,High,2024-11-22
5878,40,Male,Engineering,ENG-02,Data Engineer,1,Master's,7053,9490,41,323,12,3,2,2 - Medium,1,No,Yes,5.0,21.0,0,3.0,Medium,08/25/2022
5879,26,Male,Marketing,MKT-04,Content Strategist,3,Bachelor's,6795,8645,40,321,1,0,0,2 - Medium,1,No,Yes,3.0,33.0,0,3.0,High,2024-08-11
5880,21,Male,Sales,SAL-03,Regional Sales Lead,4,Bachelor's,9672,12468,55,445,0,0,0,3 - High,4,No,No,3.0,18.0,0,5.0,High,2024-09-18
5881,36,Male,Finance,FIN-05,Financial Analyst,3,Bachelor's,7153,8516,41,334,9,6,3,3 - High,1,No,Yes,,12.0,2,4.0,High,08/22/2021
5882,59,Female,Human Resources,HR-01,HR Coordinator,2,Bachelor's,5458,6796,32,263,30,23,8,4 - Very High,4,No,Yes,4.0,27.0,0,4.0,High,2016-10-11
5883,24,Female,Sales,SAL-03,Sales Rep,1,Master's,4547,5331,26,211,3,2,1,4 - Very High,3,No,Yes,8.0,22.0,2,4.0,High,09/13/2023
5884,44,Female,Human Resources,HR-01,HR Coordinator,2,PhD,6223,7291,37,299,15,11,3,3 - High,3,No,Yes,13.0,10.0,1,2.0,Medium,2021-11-21
5885,59,Male,Finance,FIN-05,Tax Specialist,5,Bachelor's,12302,16631,72,569,25,6,1,4 - Very High,4,No,No,3.0,41.0,0,2.0,High,2023-06-06
5886,35,Female,Engineering,ENG-02,Engineering Manager,2,PhD,9520,10526,56,452,17,3,0,4 - Very High,2,No,No,6.0,18.0,0,2.0,Very High,09/03/2024
5887,22,Male,Engineering,ENG-02,QA Engineer,2,High School,5982,7143,35,284,0,0,0,2 - Medium,2,No,No ,5.0,20.0,1,5.0,Very High,2024-09-20
5888,25,Male,Operations,OPS-06,Supply Chain Analyst,1,PhD,5182,6060,30,240,0,0,0,4 - Very High,3,No,No,5.0,18.0,3,,Very High,11/28/2024
5889,30,Female,Operations,OPS-06,Operations Analyst,1,Bachelor's,4476,5575,25,200,3,1,1,3 - High,4,No,No,20.0,14.0,2,,Very High,2023-03-25
5890,40,Male,Finance,FIN-05,Senior Accountant,4,Bachelor's,9325,12397,54,444,8,6,3,3 - High,2,No,Yes,16.0,30.0,0,3.0,Medium,05/04/2021
5891,35,Female,Operations,OPS-06,Facilities Manager,2,High School,5656,6301,32,260,11,7,6,3 - High,4,No,No,14.0,33.0,0,,Very High,2018-06-06
5892,21,Female,Operations,OPS-06,Supply Chain Analyst,1,Bachelor's,4820,6163,27,222,1,0,0,2 - Medium,4,No,Yes,15.0,15.0,2,3.0,Low,04/20/2024
5893,30,Male,Operations,OPS-06,Logistics Coordinator,1,Bachelor's,4196,5560,24,188,2,2,1,1 - Low,2,No,Yes,7.0,24.0,0,4.0,Very High,07/29/2023
5894,38,Female,Human Resources,HR-01,HR Analyst,4,High School,8326,9992,49,402,11,4,0,3 - High,3,No,No,6.0,16.0,2,1.0,Medium,2024-12-29
5895,22,Female,Engineering,ENG-02,DevOps Engineer,2,Master's,7770,9369,45,370,1,0,0,4 - Very High,4,No,Yes,12.0,,0,4.0,High,06/24/2024
5896,37,Male,Engineering,ENG-02,Staff Engineer,3,Bachelor's,10311,12558,58,471,15,2,0,3 - High,4,No,No,4.0,33.0,0,4.0,Very High,2024-10-01
5897,24,Male,Marketing,MKT-04,Growth Analyst,2,PhD,8287,9625,49,398,9,0,0,3 - High,4,No,No,21.0,36.0,2,,Very High,08/22/2024
5898,32,Male,Sales,SAL-03,Senior Sales Rep,1,Master's,6465,7298,38,311,12,7,1,3 - High,3,No,No,8.0,19.0,0,3.0,High,2023-10-02
5899,43,Non-Binary,Sales,SAL-03,Business Development Rep,1,High School,5007,6352,28,229,6,6,4,3 - High,2,No,No,18.0,21.0,1,5.0,Very High,2020-03-23
5900,23,Female,Human Resources,HR-01,HR Coordinator,1,Bachelor's,3417,4865,19,156,1,1,1,4 - Very High,3,No,No,2.0,,0,3.0,Very High,2023-10-04
5901,29,Female,Operations,OPS-06,Logistics Coordinator,3,Master's,6821,8789,40,315,6,2,0,4 - Very High,3,No,No,7.0,30.0,0,2.0,High,2024-02-29
5902,24,Male,Finance,FIN-05,Senior Accountant,4,Bachelor's,8770,10934,51,405,0,0,0,3 - High,3,No,No,16.0,21.0,2,3.0,Medium,2024-07-25
5903,27,Female,Engineering,ENG-02,Staff Engineer,2,Bachelor's,8529,10242,49,391,2,1,0,4 - Very High,2,Yes,Yes,15.0,27.0,0,4.0,High,10/24/2024
5904,33,Male,Sales,SAL-03,Account Executive,2,Bachelor's,6920,8457,41,323,8,5,5,3 - High,2,No,No,17.0,20.0,0,4.0,Very High,2019-12-14
5905,35,Male,Operations,OPS-06,Supply Chain Analyst,4,High School,6934,8951,41,336,1,1,0,3 - High,1,No,No,4.0,52.0,4,3.0,High,2024-10-03
5906,31,Male,Human Resources,HR-01,HR Director,1,Bachelor's,4458,5143,26,211,8,2,0,3 - High,4,No,No,6.0,14.0,0,3.0,Very High,2024-05-06
5907,34,Male,Sales,SAL-03,Regional Sales Lead,4,Master's,12774,15383,75,592,12,6,5,2 - Medium,1,Yes,Yes,9.0,24.0,1,4.0,High,07/24/2019
5908,38,Male,Finance,FIN-05,Controller,4,Bachelor's,11304,12806,65,520,1,0,0,4 - Very High,4,No,Yes,2.0,39.0,3,4.0,High,2024-12-16
5909,26,Female,Engineering,ENG-02,ML Engineer,3,Master's,10926,13969,62,508,10,0,0,2 - Medium,3,No,No,5.0,42.0,0,3.0,Very High,2024-01-27
5910,48,Male,Marketing,MKT-04,Marketing Analyst,3,High School,6903,9216,39,319,22,7,2,4 - Very High,3,No,Yes,9.0,37.0,0,5.0,High,2022-10-01
5911,34,Male,Engineering,ENG-02,Backend Developer,2,Bachelor's,7642,8810,43,338,3,1,1,3 - High,2,No,No,,28.0,4,2.0,Very High,2023-05-09
5912,26,Female,Sales,SAL-03,Business Development Rep,1,Bachelor's,4656,5363,26,214,0,0,0,1 - Low,2,No,No,5.0,32.0,0,3.0,High,2024-09-28
5913,35,Female,Operations,OPS-06,Facilities Manager,2,Master's,5637,6450,33,271,6,1,0,2 - Medium,4,No,No,2.0,17.0,5,2.0,High,2024-11-16
5914,43,Male,Marketing,MKT-04,Content Strategist,3,High School,6213,8085,37,291,2,2,1,3 - High,3,No,No,3.0,14.0,2,3.0,High,11/14/2023
5915,33,Male,Engineering,ENG-02,Frontend Developer,2,Master's,7532,10284,43,344,14,2,1,1 - Low,2,No,No,10.0,21.0,0,2.0,Very High,11/04/2023
5916,28,Female,Engineering,ENG-02,Software Engineer,1,Bachelor's,6970,8719,40,320,18,14,8,4 - Very High,3,No,No,5.0,21.0,3,3.0,High,01/05/2016
5917,29,Male,Finance,FIN-05,Controller,1,High School,5586,6863,31,255,7,7,5,3 - High,2,No,Yes,37.0,14.0,0,5.0,Medium,10/06/2019
5918,28,Female,Sales,SAL-03,Account Executive,2,Bachelor's,5619,7106,32,258,6,4,2,4 - Very High,3,No,No,5.0,30.0,0,4.0,Very High,04/30/2022
5919,30,Male,Sales,SAL-03,Sales Rep,2,Bachelor's,6045,7472,34,274,5,1,0,4 - Very High,2,No,No,14.0,50.0,0,3.0,High,2024-04-06
5920,35,Female,Sales,SAL-03,Sales Director,2,High School,7861,10579,45,366,10,5,0,4 - Very High,2,Yes,Yes,6.0,26.0,2,3.0,Medium,06/26/2024
5921,29,Male,Finance,FIN-05,Senior Accountant,2,Bachelor's,6304,8167,37,304,2,0,0,4 - Very High,3,No,No,11.0,29.0,2,3.0,High,2024-11-23
5922,34,Male,Engineering,ENG-02,Senior Engineer,3,Master's,11360,12502,65,533,7,4,4,3 - High,3,No,No,7.0,37.0,0,2.0,High,05/18/2020
5923,24,Male,Operations,OPS-06,Operations Analyst,1,Bachelor's,3715,4758,21,167,2,0,0,2 - Medium,1,No,Yes,5.0,21.0,0,1.0,High,2024-09-30
5924,36,Female,Finance,FIN-05,Finance Manager,4,Bachelor's,10979,12821,65,526,8,4,1,2 - Medium,3,No,No,23.0,16.0,2,3.0,High,2023-04-29
5925,45,Male,Marketing,MKT-04,Brand Manager,1,PhD,7271,8661,42,331,20,13,5,4 - Very High,3,No,Yes,12.0,33.0,0,4.0,High,09/11/2019
5926,39,Male,Operations,OPS-06,Operations Manager,1,Master's,5325,6246,32,254,11,3,0,4 - Very High,3,No,No,7.0,11.0,3,4.0,Very High,2024-07-31
5927,38,Male,Sales,SAL-03,Sales Manager,2,Bachelor's,6801,8686,38,302,7,5,0,4 - Very High,3,No,No,9.0,29.0,1,5.0,High,2024-05-02
5928,42,Male,Sales,SAL-03,Regional Sales Lead,2,High School,6189,7482,35,284,6,6,0,3 - High,3,No,No,9.0,34.0,4,4.0,Very High,12/14/2024
5929,43,Male,Finance,FIN-05,Controller,3,Bachelor's,8590,10156,50,394,14,4,4,2 - Medium,2,No,No,8.0,28.0,0,3.0,Very High,2020-01-16
5930,24,Female,Sales,SAL-03,Sales Rep,4,PhD,9784,11552,56,446,2,2,0,3 - High,2,No,No,37.0,32.0,0,3.0,High,2024-07-19
5931,24,Male,Marketing,MKT-04,Digital Marketing Lead,3,High School,6236,7630,35,282,1,1,0,2 - Medium,2,No,No,10.0,23.0,0,3.0,Very High,01/02/2024
5932,25,Male,Finance,FIN-05,Controller,1,Master's,5268,6383,30,245,2,2,2,3 - High,3,No,No,24.0,12.0,1,4.0,Very High,10/09/2022
5933,45,Male,Finance,FIN-05,Controller,1,Bachelor's,5500,7566,32,257,10,3,3,3 - High,3,No,Yes,7.0,18.0,0,4.0,High,2021-01-21
5934,38,Male,Sales,SAL-03,Sales Director,5,Bachelor's,15548,18990,91,734,17,1,0,4 - Very High,2,No,No,16.0,35.0,3,4.0,Very High,04/03/2024
5935,31,Female,Marketing,MKT-04,Brand Manager,3,Bachelor's,8750,12033,50,402,17,6,1,4 - Very High,4,No,Yes,11.0,35.0,0,4.0,Medium,2023-03-09
5936,34,Non-Binary,Operations,OPS-06,Supply Chain Analyst,3,Master's,6951,8471,41,325,5,3,2,3 - High,4,No,No,10.0,34.0,0,2.0,Very High,2022-11-03
5937,30,Non-Binary,Engineering,ENG-02,DevOps Engineer,2,Bachelor's,8415,11349,50,404,3,3,3,2 - Medium,2,No,No,15.0,26.0,1,1.0,High,10/10/2021
5938,34,Female,Engineering,ENG-02,Software Engineer,1,Master's,6415,7772,38,308,3,2,0,2 - Medium,2,No,Yes,3.0,34.0,0,,High,2024-02-01
5939,32,Female,Marketing,MKT-04,Growth Analyst,4,Master's,8289,10653,49,401,0,0,0,3 - High,2,No,Yes,14.0,23.0,2,,Very High,05/20/2024
5940,30,Female,Sales,SAL-03,Senior Sales Rep,2,Bachelor's,5675,6828,32,262,4,1,1,2 - Medium,4,No,No,10.0,20.0,0,4.0,Very High,2023-02-03
5941,40,Female,Marketing,MKT-04,Brand Manager,4,Bachelor's,10754,12903,61,500,6,6,4,3 - High,3,No,Yes,11.0,31.0,3,4.0,Medium,2020-09-18
5942,35,Female,Engineering,ENG-02,Software Engineer,3,High School,7996,10348,45,358,7,1,1,4 - Very High,3,No,No,7.0,26.0,0,,Very High,2023-05-06
5943,33,Female,Engineering,ENG-02,Engineering Manager,2,Bachelor's,8106,9561,48,380,1,1,1,3 - High,4,No,No,6.0,36.0,1,,High,2023-08-30
5944,44,Non-Binary,Marketing,MKT-04,Brand Manager,1,High School,4562,5903,27,219,10,5,0,2 - Medium,4,No,No,9.0,28.0,3,3.0,Medium,2024-12-24
5945,44,Female,Engineering,ENG-02,Senior Engineer,3,Bachelor's,10190,11733,60,493,8,3,3,4 - Very High,4,No,No,7.0,53.0,0,4.0,Very High,2021-08-13
5946,26,Male,Operations,OPS-06,Operations Manager,4,Master's,9489,12477,54,436,8,1,0,4 - Very High,3,No,No,8.0,17.0,0,4.0,High,08/26/2024
5947,33,Non-Binary,Engineering,ENG-02,Staff Engineer,2,Bachelor's,8533,11025,48,393,1,1,1,2 - Medium,3,No,No,7.0,31.0,2,3.0,Medium,07/04/2023
5948,38,Female,Human Resources,HR-01,HR Director,4,Bachelor's,8536,10411,48,386,4,3,2,4 - Very High,3,No,No,6.0,18.0,0,3.0,Medium,01/23/2022
5949,21,Female,Human Resources,HR-01,HR Analyst,3,Bachelor's,6688,8048,39,318,1,1,1,4 - Very High,4,No,No,14.0,29.0,2,4.0,Very High,2023-09-22
5950,29,Male,Operations,OPS-06,Process Engineer,2,PhD,5953,7722,34,277,0,0,0,3 - High,4,No,No,4.0,33.0,3,,High,2025-02-05
5951,33,Female,Sales,SAL-03,Sales Rep,1,Master's,6117,6894,35,276,12,8,6,3 - High,4,No,No,8.0,25.0,0,3.0,Very High,10/13/2018
5952,29,Female,Marketing,MKT-04,Marketing Manager,5,Bachelor's,13410,15237,78,624,13,13,2,3 - High,2,No,No,23.0,31.0,0,5.0,Very High,2022-01-27
5953,44,Female,Engineering,ENG-02,DevOps Engineer,2,Bachelor's,7669,10195,45,363,19,16,10,3 - High,4,No,No,6.0,14.0,0,2.0,High,2014-06-24
5954,32,Female,Sales,SAL-03,Business Development Rep,4,Bachelor's,8965,11686,53,425,6,1,1,4 - Very High,3,No,No,2.0,22.0,1,4.0,Very High,2023-03-26
5955,27,Male,Marketing,MKT-04,Brand Manager,1,Bachelor's,4901,5664,28,225,2,1,1,1 - Low,3,No,Yes,6.0,15.0,0,3.0,Medium,02/18/2023
5956,27,Female,Operations,OPS-06,Logistics Coordinator,2,Master's,6020,7195,34,269,3,1,0,3 - High,2,No,Yes,6.0,37.0,1,4.0,Medium,08/14/2024
5957,25,Male,Sales,SAL-03,Business Development Rep,2,PhD,6786,9006,39,316,2,2,0,4 - Very High,3,No,No,5.0,20.0,0,5.0,Very High,2024-10-02
5958,36,Non-Binary,Operations,OPS-06,Logistics Coordinator,1,PhD,5544,7288,32,252,6,1,0,4 - Very High,2,No,No,2.0,19.0,3,2.0,Very High,2024-10-24
5959,28,Non-Binary,Engineering,ENG-02,ML Engineer,4,Master's,13089,14691,76,600,5,2,0,4 - Very High,3,No,Yes,12.0,25.0,1,4.0,High,09/30/2024
5960,28,Female,Engineering,ENG-02,Engineering Manager,1,High School,5496,6831,32,254,2,2,2,2 - Medium,2,No,Yes,15.0,28.0,0,4.0,Very High,11/07/2022
5961,41,Male,Sales,SAL-03,Business Development Rep,1,Master's,4738,5834,27,220,6,1,0,3 - High,3,No,No,7.0,4.0,1,2.0,Very High,2024-05-01
5962,41,Female,Human Resources,HR-01,Recruiter,4,Master's,9262,11527,53,416,5,3,0,4 - Very High,3,No,No,14.0,60.0,1,5.0,Very High,2024-11-12
5963,28,Male,Sales,SAL-03,Account Executive,2,High School,6288,8054,36,286,1,1,0,2 - Medium,2,No,No,6.0,33.0,0,2.0,High,09/10/2024
5964,41,Female,Sales,SAL-03,Regional Sales Lead,2,Bachelor's,8037,10325,45,357,22,3,0,3 - High,3,No,No,6.0,31.0,3,4.0,Very High,10/20/2024
5965,36,Male,Engineering,ENG-02,Software Engineer,1,Bachelor's,6565,8886,39,315,10,1,1,3 - High,3,No,Yes,19.0,33.0,1,3.0,Low,2023-06-12
5966,34,Male,Operations,OPS-06,Operations Manager,5,Bachelor's,9579,11221,57,460,3,3,3,3 - High,1,No,No,8.0,22.0,0,3.0,Medium,2021-10-01
5967,21,Female,Engineering,ENG-02,Engineering Manager,3,High School,8046,10467,46,364,2,2,2,4 - Very High,3,No,Yes,3.0,20.0,0,4.0,Medium,2022-10-18
5968,28,Female,Sales,SAL-03,Regional Sales Lead,2,High School,5713,6577,33,263,2,2,0,4 - Very High,3,No,No,7.0,43.0,3,3.0,High,09/21/2024
5969,40,Female,Engineering,ENG-02,DevOps Engineer,3,Bachelor's,7877,9507,45,370,2,0,0,4 - Very High,3,No,Yes,7.0,11.0,4,5.0,High,2024-03-19
5970,40,Male,Engineering,ENG-02,Senior Engineer,3,PhD,10952,12993,62,507,3,1,1,4 - Very High,3,No,No,8.0,,4,5.0,Very High,2023-04-02
5971,26,Male,Marketing,MKT-04,SEO Specialist,1,Master's,4991,6378,30,236,4,0,0,4 - Very High,3,No,no,6.0,15.0,0,5.0,Very High,02/24/2024
5972,43,Female,Sales,SAL-03,Regional Sales Lead,4,Master's,13300,14975,78,619,15,3,1,2 - Medium,2,No,Yes,4.0,34.0,0,3.0,Low,2023-07-06
5973,35,Female,Engineering,ENG-02,Senior Engineer,2,High School,7474,10185,43,349,4,2,2,4 - Very High,2,No,No,9.0,30.0,0,1.0,High,2022-04-29
5974,36,Female,Engineering,ENG-02,Data Engineer,2,Master's,7823,10111,44,347,7,3,0,4 - Very High,3,No,No,4.0,26.0,1,4.0,Very High,2024-05-21
5975,30,Male,Engineering,ENG-02,Backend Developer,2,Bachelor's,6134,7085,35,287,0,0,0,4 - Very High,3,No,No,20.0,27.0,0,,High,2024-09-10
5976,40,Female,Operations,OPS-06,Logistics Coordinator,4,High School,7287,8803,41,325,19,8,0,2 - Medium,2,No,Yes,9.0,22.0,1,3.0,High,2024-02-11
5977,49,Non-Binary,Engineering,ENG-02,Data Engineer,4,Bachelor's,12534,14351,72,588,20,1,0,3 - High,4,No,No,10.0,24.0,1,3.0,High,2024-01-02
5978,28,Male,Engineering,ENG-02,Engineering Manager,5,Bachelor's,13892,18339,82,647,5,3,1,3 - High,3,No,No,14.0,27.0,3,4.0,Very High,11/26/2023
5979,34,Male,Engineering,ENG-02,DevOps Engineer,5,Bachelor's,15953,18172,94,740,4,1,1,4 - Very High,3,No,No,5.0,28.0,0,4.0,Very High,09/22/2023
5980,24,Non-Binary,Human Resources,HR-01,Recruiter,2,Master's,4661,6404,26,212,0,0,0,4 - Very High,3,No,No,11.0,21.0,1,,Very High,2024-04-05
5981,41,Male,Finance,FIN-05,Senior Accountant,4,PhD,12376,15700,72,588,8,5,0,3 - High,2,No,No,9.0,34.0,0,2.0,Medium,02/02/2024
5982,28,Male,Engineering,ENG-02,Software Engineer,2,High School,6630,8771,38,311,2,0,0,4 - Very High,3,No,No,5.0,26.0,1,4.0,High,04/12/2024
5983,46,Male,Finance,FIN-05,Controller,2,Bachelor's,7828,9402,45,367,17,12,5,3 - High,1,No,No,10.0,24.0,0,,Very High,10/24/2019
5984,21,Male,Sales,SAL-03,Regional Sales Lead,2,Master's,6602,8676,38,307,3,3,0,3 - High,3,No,No,8.0,9.0,1,4.0,Very High,02/02/2024
5985,22,Male,Marketing,MKT-04,Growth Analyst,5,Bachelor's,10323,12437,59,466,2,1,1,3 - High,3,No,No,15.0,31.0,2,2.0,Medium,2023-07-04
5986,26,Non-Binary,Sales,SAL-03,Regional Sales Lead,4,High School,9822,12066,57,450,0,0,0,4 - Very High,4,No,No,7.0,40.0,0,4.0,Very High,2025-02-01
5987,32,Male,Operations,OPS-06,Supply Chain Analyst,3,Bachelor's,6963,8949,40,327,0,0,0,4 - Very High,3,No,No,17.0,29.0,4,3.0,High,2024-05-28
5988,46,Female,Operations,OPS-06,Process Engineer,5,Bachelor's,13070,15717,77,622,14,5,0,4 - Very High,4,No,No,9.0,33.0,2,4.0,Very High,2024-01-06
5989,21,Male,Human Resources,HR-01,HR Manager,5,High School,8739,11655,50,406,1,0,0,4 - Very High,3,No,No,14.0,31.0,0,3.0,Very High,03/07/2024
5990,24,Male,Sales,SAL-03,Business Development Rep,2,Bachelor's,6077,7193,34,277,8,8,3,3 - High,4,No,No,7.0,27.0,3,4.0,Very High,2021-12-24
5991,32,Male,Engineering,ENG-02,QA Engineer,3,Bachelor's,6962,8227,40,324,1,0,0,3 - High,2,No,No,8.0,22.0,3,3.0,Very High,2024-01-19
5992,33,Female,Operations,OPS-06,Operations Analyst,3,Master's,6624,7939,38,308,10,4,4,2 - Medium,2,No,No,8.0,29.0,0,,Very High,06/25/2020
5993,37,Male,Engineering,ENG-02,Software Engineer,1,Bachelor's,5400,7055,31,252,5,2,0,3 - High,4,No,Yes,4.0,32.0,0,4.0,High,10/24/2024
5994,46,Female,Operations,OPS-06,Operations Analyst,4,Master's,10083,12411,57,470,16,13,1,3 - High,4,No,No,14.0,37.0,1,,High,03/01/2023
5995,43,Female,Human Resources,HR-01,HR Manager,4,High School,7199,8136,41,333,7,2,2,2 - Medium,3,No,No,7.0,31.0,1,5.0,Very High,02/17/2022
5996,35,Female,Human Resources,HR-01,HR Coordinator,1,Master's,4899,5608,28,230,15,1,1,4 - Very High,3,No,No,6.0,,1,4.0,Very High,2023-03-30
5997,27,Male,Engineering,ENG-02,Data Engineer,1,PhD,5876,7863,33,267,0,0,0,3 - High,4,No,No,26.0,31.0,1,4.0,High,07/30/2024
5998,38,Male,Marketing,MKT-04,Marketing Analyst,4,Bachelor's,7483,9397,42,330,4,3,2,2 - Medium,2,Yes,Yes,11.0,40.0,2,1.0,High,2022-04-29
5999,50,Female,Engineering,ENG-02,QA Engineer,1,Bachelor's,6153,8261,35,276,17,13,13,2 - Medium,3,No,No,3.0,19.0,2,1.0,Medium,2011-02-21
6000,31,Female,Finance,FIN-05,Financial Analyst,3,Master's,7014,8525,42,332,5,2,0,3 - High,3,No,Yes,13.0,29.0,1,2.0,Medium,2024-05-17
4361,32,Female,Operations,OPS-06,Operations Manager,3,High School,6404,8865,36,291,2,2,1,3 - High,4,No,No,6.0,22.0,2,1.0,Very High,2023-12-21
2606,33,Male,Marketing,MKT-04,Digital Marketing Lead,3,Master's,7862,9260,45,368,10,9,2,3 - High,4,No,No,5.0,34.0,0,4.0,Very High,2022-07-03
4016,32,Female,Engineering,ENG-02,Backend Developer,1,Bachelor's,5240,6278,31,251,2,0,0,4 - Very High,4,No,No,10.0,23.0,0,4.0,Very High,03/10/2024
4516,31,Female,Marketing,MKT-04,Brand Manager,2,Bachelor's,6396,7644,37,290,2,2,0,3 - High,3,No,No,5.0,25.0,1,2.0,Medium,2024-12-24
5681,25,Male,Finance,FIN-05,Tax Specialist,2,Bachelor's,5069,6577,29,228,2,0,0,3 - High,3,No,No,3.0,4.0,0,2.0,Medium,2024-06-02
2759,31,Female,Engineering,ENG-02,Software Engineer,3,High School,6636,8254,39,311,0,0,0,4 - Very High,1,No,No,43.0,33.0,2,3.0,High,04/09/2025
2997,22,Female,Sales,SAL-03,Business Development Rep,4,High School,8954,10218,53,427,8,4,2,4 - Very High,3,No,No,10.0,40.0,1,2.0,Medium,05/08/2022
2018,24,Male,Operations,OPS-06,Operations Analyst,1,Bachelor's,4914,6569,28,230,3,0,0,3 - High,2,No,No,2.0,14.0,1,3.0,High,04/02/2024
5285,37,Female,Operations,OPS-06,Operations Manager,1,Bachelor's,5051,6186,29,236,1,1,1,4 - Very High,3,No,No,6.0,11.0,1,5.0,Very High,2023-10-03
5011,49,Male,Operations,OPS-06,Operations Analyst,2,High School,4658,6044,27,217,11,1,1,3 - High,3,No,Yes,11.0,21.0,0,2.0,Medium,2023-12-29
4081,32,Male,Human Resources,HR-01,HR Manager,1,Master's,5560,6846,31,246,18,8,0,4 - Very High,3,No,No,7.0,20.0,1,4.0,High,03/16/2024
4166,56,Female,Engineering,ENG-02,Staff Engineer,2,Master's,8958,11923,51,420,21,19,15,4 - Very High,3,No,No,7.0,17.0,0,4.0,Very High,2009-08-26
3960,30,Male,Operations,OPS-06,Operations Manager,2,PhD,7537,9180,43,340,2,1,0,3 - High,3,Yes,No,2.0,25.0,4,,High,2024-03-15
5404,21,Non-Binary,Finance,FIN-05,Tax Specialist,5,High School,9227,11634,53,425,5,1,1,4 - Very High,4,No,No,11.0,24.0,2,4.0,Very High,2023-07-24
1915,24,Male,Engineering,ENG-02,Frontend Developer,2,High School,6020,7754,34,277,0,0,0,3 - High,3,No,No,18.0,13.0,1,2.0,Very High,2025-01-30
5678,28,Female,Marketing,MKT-04,Growth Analyst,2,Bachelor's,5303,6489,30,245,3,1,1,3 - High,3,No,Yes,14.0,5.0,0,1.0,Low,
3532,27,Female,Marketing,MKT-04,Digital Marketing Lead,5,Bachelor's,11574,13552,65,531,0,0,0,4 - Very High,4,No,No,8.0,47.0,1,3.0,High,2024-12-01
1203,36,Male,Marketing,MKT-04,Digital Marketing Lead,3,PhD,8886,11200,50,394,0,0,0,3 - High,2,No,No,3.0,15.0,2,4.0,Very High,2024-11-13
4212,34,Female,Engineering,ENG-02,QA Engineer,1,Bachelor's,5668,7563,32,261,5,5,4,4 - Very High,1,No,No,4.0,17.0,2,4.0,Very High,05/28/2020
2806,35,Female,Engineering,ENG-02,Software Engineer,1,Master's,5800,7333,33,259,0,0,0,4 - Very High,3,No,Yes,6.0,18.0,4,4.0,High,11/20/2024
1265,23,Male,Sales,SAL-03,Sales Director,4,Bachelor's,10151,11725,60,471,0,0,0,4 - Very High,3,No,Yes,5.0,31.0,0,4.0,High,07/23/2024
2976,46,Male,Sales,SAL-03,Regional Sales Lead,3,Master's,8828,11853,52,424,16,8,0,4 - Very High,4,No,No,13.0,37.0,0,3.0,Medium,2024-11-18
1835,30,Female,Finance,FIN-05,Auditor,1,PhD,6245,7565,35,277,6,3,1,3 - High,1,No,Yes,12.0,25.0,0,3.0,High,06/18/2023
4418,42,Male,Finance,FIN-05,Auditor,1,Bachelor's,4973,6250,28,226,7,6,1,3 - High,3,No,No ,11.0,29.0,4,1.0,Very High,12/07/2023
4482,29,Non-Binary,Finance,FIN-05,Tax Specialist,2,Bachelor's,6589,8332,38,298,1,0,0,2 - Medium,2,No,Yes,13.0,39.0,1,3.0,Low,2024-07-31
2647,28,Female,Finance,FIN-05,Finance Manager,1,High School,5754,7408,33,268,5,1,0,3 - High,2,No,No,6.0,20.0,1,,Very High,04/15/2024
3335,31,Male,Human Resources,HR-01,Benefits Specialist,1,Master's,4372,5569,25,199,5,1,1,3 - High,2,No,No,14.0,37.0,2,3.0,Very High,09/11/2023
1108,46,Male,Sales,SAL-03,Business Development Rep,4,Bachelor's,9502,12441,56,441,2,2,0,3 - High,2,No,No,5.0,36.0,7,3.0,Medium,2024-06-17
2053,31,Male,Finance,FIN-05,Finance Manager,2,Bachelor's,7188,8549,41,328,0,0,0,4 - Very High,2,Yes,Yes,3.0,39.0,2,2.0,Medium,2024-04-22
2493,35,Male,Sales,SAL-03,Sales Director,3,Master's,9275,10425,52,428,4,0,0,3 - High,3,No,Yes,10.0,16.0,3,3.0,High,07/21/2024
